category,budget,position,needle,condition,preserved,needle_selected,candidate_count,added_chars,selected_candidates
request_id,10,110,req-0110,user_only,False,False,0,0,
request_id,10,110,req-0110,naive,True,True,21,189,req-0381 req-0411 req-0417 req-0346 req-0209 req-0062 req-0414 req-0239 req-0237 req-0287 req-0110 req-0267 req-0096 req-0255 req-0350 req-0334 req-0306 req-0109 req-0268 req-0310 req-0435
request_id,10,110,req-0110,v1,True,True,6,52,req-0306 FAILED req-0062 req-0110 req-0435 req-0310
request_id,10,110,req-0110,v2,True,True,6,54,req-0110 req-0306 req-0062 req-0435 req-0310 req-0268
request_id,10,110,req-0110,oracle,True,True,1,9,req-0110
request_id,10,213,req-0213,user_only,False,False,0,0,
request_id,10,213,req-0213,naive,True,True,21,189,req-0358 req-0302 req-0254 req-0319 req-0182 req-0266 req-0339 req-0296 req-0313 req-0316 req-0213 req-0062 req-0345 req-0164 req-0443 req-0116 req-0075 req-0411 req-0318 req-0394 req-0102
request_id,10,213,req-0213,v1,True,True,6,52,req-0075 FAILED req-0266 req-0213 req-0102 req-0394
request_id,10,213,req-0213,v2,True,True,6,54,req-0213 req-0075 req-0266 req-0102 req-0394 req-0318
request_id,10,213,req-0213,oracle,True,True,1,9,req-0213
request_id,10,307,req-0307,user_only,False,False,0,0,
request_id,10,307,req-0307,naive,False,True,21,189,req-0418 req-0369 req-0269 req-0290 req-0122 req-0296 req-0167 req-0112 req-0371 req-0409 req-0307 req-0283 req-0396 req-0416 req-0330 req-0178 req-0337 req-0255 req-0393 req-0207 req-0331
request_id,10,307,req-0307,v1,True,True,6,52,req-0337 FAILED req-0296 req-0307 req-0331 req-0207
request_id,10,307,req-0307,v2,True,True,6,54,req-0307 req-0337 req-0296 req-0331 req-0207 req-0393
request_id,10,307,req-0307,oracle,True,True,1,9,req-0307
request_id,10,312,req-0312,user_only,False,False,0,0,
request_id,10,312,req-0312,naive,False,True,21,189,req-0382 req-0306 req-0408 req-0295 req-0255 req-0271 req-0153 req-0200 req-0187 req-0054 req-0312 req-0066 req-0126 req-0386 req-0356 req-0284 req-0318 req-0300 req-0234 req-0152 req-0183
request_id,10,312,req-0312,v1,True,True,6,52,req-0318 FAILED req-0271 req-0312 req-0183 req-0152
request_id,10,312,req-0312,v2,True,True,6,54,req-0312 req-0318 req-0271 req-0183 req-0152 req-0234
request_id,10,312,req-0312,oracle,True,True,1,9,req-0312
request_id,10,381,req-0381,user_only,False,False,0,0,
request_id,10,381,req-0381,naive,False,True,21,189,req-0405 req-0298 req-0288 req-0311 req-0443 req-0304 req-0272 req-0335 req-0390 req-0067 req-0381 req-0198 req-0212 req-0284 req-0100 req-0274 req-0403 req-0417 req-0313 req-0182 req-0281
request_id,10,381,req-0381,v1,True,True,6,52,req-0403 FAILED req-0304 req-0381 req-0281 req-0182
request_id,10,381,req-0381,v2,True,True,6,54,req-0381 req-0403 req-0304 req-0281 req-0182 req-0313
request_id,10,381,req-0381,oracle,True,True,1,9,req-0381
request_id,10,102,req-0102,user_only,False,False,0,0,
request_id,10,102,req-0102,naive,True,True,21,189,req-0144 req-0268 req-0423 req-0296 req-0082 req-0383 req-0187 req-0306 req-0240 req-0099 req-0102 req-0150 req-0433 req-0261 req-0125 req-0281 req-0057 req-0097 req-0050 req-0282 req-0348
request_id,10,102,req-0102,v1,True,True,6,52,req-0057 FAILED req-0383 req-0102 req-0348 req-0282
request_id,10,102,req-0102,v2,True,True,6,54,req-0102 req-0057 req-0383 req-0348 req-0282 req-0050
request_id,10,102,req-0102,oracle,True,True,1,9,req-0102
request_id,10,164,req-0164,user_only,False,False,0,0,
request_id,10,164,req-0164,naive,True,True,21,189,req-0330 req-0092 req-0363 req-0151 req-0177 req-0111 req-0368 req-0072 req-0435 req-0188 req-0164 req-0393 req-0438 req-0376 req-0233 req-0129 req-0052 req-0211 req-0391 req-0349 req-0345
request_id,10,164,req-0164,v1,True,True,6,52,req-0052 FAILED req-0111 req-0164 req-0345 req-0349
request_id,10,164,req-0164,v2,True,True,6,54,req-0164 req-0052 req-0111 req-0345 req-0349 req-0391
request_id,10,164,req-0164,oracle,True,True,1,9,req-0164
request_id,10,357,req-0357,user_only,False,False,0,0,
request_id,10,357,req-0357,naive,False,True,21,189,req-0444 req-0301 req-0404 req-0419 req-0119 req-0329 req-0164 req-0292 req-0351 req-0117 req-0357 req-0356 req-0405 req-0308 req-0198 req-0093 req-0263 req-0393 req-0131 req-0350 req-0206
request_id,10,357,req-0357,v1,True,True,6,52,req-0263 FAILED req-0329 req-0357 req-0206 req-0350
request_id,10,357,req-0357,v2,True,True,6,54,req-0357 req-0263 req-0329 req-0206 req-0350 req-0131
request_id,10,357,req-0357,oracle,True,True,1,9,req-0357
request_id,10,368,req-0368,user_only,False,False,0,0,
request_id,10,368,req-0368,naive,False,True,21,189,req-0309 req-0260 req-0249 req-0126 req-0316 req-0150 req-0242 req-0057 req-0104 req-0087 req-0368 req-0076 req-0227 req-0381 req-0230 req-0445 req-0063 req-0311 req-0293 req-0217 req-0400
request_id,10,368,req-0368,v1,True,True,6,52,req-0063 FAILED req-0150 req-0368 req-0400 req-0217
request_id,10,368,req-0368,v2,True,True,6,54,req-0368 req-0063 req-0150 req-0400 req-0217 req-0293
request_id,10,368,req-0368,oracle,True,True,1,9,req-0368
request_id,10,334,req-0334,user_only,False,False,0,0,
request_id,10,334,req-0334,naive,False,True,21,189,req-0205 req-0280 req-0216 req-0112 req-0304 req-0288 req-0343 req-0367 req-0137 req-0128 req-0334 req-0353 req-0316 req-0155 req-0272 req-0370 req-0222 req-0284 req-0357 req-0169 req-0398
request_id,10,334,req-0334,v1,True,True,6,52,req-0222 FAILED req-0288 req-0334 req-0398 req-0169
request_id,10,334,req-0334,v2,True,True,6,54,req-0334 req-0222 req-0288 req-0398 req-0169 req-0357
request_id,10,334,req-0334,oracle,True,True,1,9,req-0334
request_id,10,265,req-0265,user_only,False,False,0,0,
request_id,10,265,req-0265,naive,False,True,21,189,req-0414 req-0085 req-0331 req-0254 req-0067 req-0150 req-0382 req-0138 req-0073 req-0329 req-0265 req-0074 req-0282 req-0437 req-0379 req-0146 req-0298 req-0415 req-0398 req-0060 req-0116
request_id,10,265,req-0265,v1,True,True,6,52,req-0298 FAILED req-0150 req-0265 req-0116 req-0060
request_id,10,265,req-0265,v2,True,True,6,54,req-0265 req-0298 req-0150 req-0116 req-0060 req-0398
request_id,10,265,req-0265,oracle,True,True,1,9,req-0265
request_id,10,343,req-0343,user_only,False,False,0,0,
request_id,10,343,req-0343,naive,False,True,21,189,req-0381 req-0321 req-0161 req-0314 req-0120 req-0132 req-0389 req-0145 req-0249 req-0189 req-0343 req-0267 req-0322 req-0262 req-0090 req-0246 req-0206 req-0226 req-0139 req-0184 req-0287
request_id,10,343,req-0343,v1,True,True,6,52,req-0206 FAILED req-0132 req-0343 req-0287 req-0184
request_id,10,343,req-0343,v2,True,True,6,54,req-0343 req-0206 req-0132 req-0287 req-0184 req-0139
request_id,10,343,req-0343,oracle,True,True,1,9,req-0343
request_id,10,330,req-0330,user_only,False,False,0,0,
request_id,10,330,req-0330,naive,False,True,21,189,req-0304 req-0450 req-0262 req-0197 req-0289 req-0140 req-0216 req-0315 req-0296 req-0277 req-0330 req-0111 req-0319 req-0318 req-0190 req-0098 req-0159 req-0168 req-0052 req-0097 req-0282
request_id,10,330,req-0330,v1,True,True,6,52,req-0159 FAILED req-0140 req-0330 req-0282 req-0097
request_id,10,330,req-0330,v2,True,True,6,54,req-0330 req-0159 req-0140 req-0282 req-0097 req-0052
request_id,10,330,req-0330,oracle,True,True,1,9,req-0330
request_id,10,424,req-0424,user_only,False,False,0,0,
request_id,10,424,req-0424,naive,False,True,21,189,req-0380 req-0219 req-0258 req-0329 req-0393 req-0143 req-0063 req-0230 req-0130 req-0337 req-0424 req-0401 req-0343 req-0325 req-0160 req-0106 req-0367 req-0416 req-0193 req-0334 req-0435
request_id,10,424,req-0424,v1,True,True,6,52,req-0367 FAILED req-0143 req-0424 req-0435 req-0334
request_id,10,424,req-0424,v2,True,True,6,54,req-0424 req-0367 req-0143 req-0435 req-0334 req-0193
request_id,10,424,req-0424,oracle,True,True,1,9,req-0424
request_id,10,447,req-0447,user_only,False,False,0,0,
request_id,10,447,req-0447,naive,False,True,21,189,req-0340 req-0424 req-0159 req-0341 req-0200 req-0338 req-0187 req-0393 req-0334 req-0117 req-0447 req-0101 req-0185 req-0099 req-0273 req-0137 req-0104 req-0400 req-0080 req-0438 req-0232
request_id,10,447,req-0447,v1,True,True,6,52,req-0104 FAILED req-0338 req-0447 req-0232 req-0438
request_id,10,447,req-0447,v2,True,True,6,54,req-0447 req-0104 req-0338 req-0232 req-0438 req-0080
request_id,10,447,req-0447,oracle,True,True,1,9,req-0447
request_id,10,443,req-0443,user_only,False,False,0,0,
request_id,10,443,req-0443,naive,False,True,21,189,req-0419 req-0144 req-0380 req-0372 req-0104 req-0309 req-0210 req-0191 req-0351 req-0082 req-0443 req-0199 req-0211 req-0132 req-0183 req-0181 req-0057 req-0260 req-0448 req-0262 req-0079
request_id,10,443,req-0443,v1,True,True,6,52,req-0057 FAILED req-0309 req-0443 req-0079 req-0262
request_id,10,443,req-0443,v2,True,True,6,54,req-0443 req-0057 req-0309 req-0079 req-0262 req-0448
request_id,10,443,req-0443,oracle,True,True,1,9,req-0443
request_id,10,301,req-0301,user_only,False,False,0,0,
request_id,10,301,req-0301,naive,False,True,21,189,req-0099 req-0170 req-0061 req-0208 req-0112 req-0098 req-0402 req-0338 req-0346 req-0229 req-0301 req-0211 req-0450 req-0283 req-0361 req-0371 req-0386 req-0416 req-0365 req-0069 req-0256
request_id,10,301,req-0301,v1,True,True,6,52,req-0386 FAILED req-0098 req-0301 req-0256 req-0069
request_id,10,301,req-0301,v2,True,True,6,54,req-0301 req-0386 req-0098 req-0256 req-0069 req-0365
request_id,10,301,req-0301,oracle,True,True,1,9,req-0301
request_id,10,434,req-0434,user_only,False,False,0,0,
request_id,10,434,req-0434,naive,False,True,21,189,req-0211 req-0361 req-0160 req-0354 req-0286 req-0268 req-0396 req-0111 req-0401 req-0241 req-0434 req-0306 req-0398 req-0178 req-0249 req-0199 req-0232 req-0079 req-0426 req-0416 req-0273
request_id,10,434,req-0434,v1,True,True,6,52,req-0232 FAILED req-0268 req-0434 req-0273 req-0416
request_id,10,434,req-0434,v2,True,True,6,54,req-0434 req-0232 req-0268 req-0273 req-0416 req-0426
request_id,10,434,req-0434,oracle,True,True,1,9,req-0434
request_id,10,445,req-0445,user_only,False,False,0,0,
request_id,10,445,req-0445,naive,False,True,21,189,req-0062 req-0194 req-0405 req-0219 req-0198 req-0422 req-0443 req-0112 req-0202 req-0263 req-0445 req-0213 req-0349 req-0060 req-0327 req-0225 req-0151 req-0337 req-0078 req-0419 req-0107
request_id,10,445,req-0445,v1,True,True,6,52,req-0151 FAILED req-0422 req-0445 req-0107 req-0419
request_id,10,445,req-0445,v2,True,True,6,54,req-0445 req-0151 req-0422 req-0107 req-0419 req-0078
request_id,10,445,req-0445,oracle,True,True,1,9,req-0445
request_id,10,350,req-0350,user_only,False,False,0,0,
request_id,10,350,req-0350,naive,False,True,21,189,req-0133 req-0367 req-0112 req-0110 req-0069 req-0114 req-0317 req-0231 req-0356 req-0382 req-0350 req-0386 req-0204 req-0064 req-0267 req-0346 req-0232 req-0262 req-0246 req-0243 req-0172
request_id,10,350,req-0350,v1,True,True,6,52,req-0232 FAILED req-0114 req-0350 req-0172 req-0243
request_id,10,350,req-0350,v2,True,True,6,54,req-0350 req-0232 req-0114 req-0172 req-0243 req-0246
request_id,10,350,req-0350,oracle,True,True,1,9,req-0350
request_id,10,275,req-0275,user_only,False,False,0,0,
request_id,10,275,req-0275,naive,False,True,21,189,req-0448 req-0265 req-0390 req-0162 req-0447 req-0114 req-0143 req-0328 req-0064 req-0389 req-0275 req-0418 req-0401 req-0335 req-0253 req-0180 req-0125 req-0166 req-0061 req-0058 req-0191
request_id,10,275,req-0275,v1,True,True,6,52,req-0125 FAILED req-0114 req-0275 req-0191 req-0058
request_id,10,275,req-0275,v2,True,True,6,54,req-0275 req-0125 req-0114 req-0191 req-0058 req-0061
request_id,10,275,req-0275,oracle,True,True,1,9,req-0275
request_id,10,172,req-0172,user_only,False,False,0,0,
request_id,10,172,req-0172,naive,True,True,21,189,req-0328 req-0296 req-0264 req-0186 req-0212 req-0120 req-0371 req-0354 req-0095 req-0141 req-0172 req-0334 req-0069 req-0383 req-0314 req-0225 req-0375 req-0317 req-0437 req-0431 req-0213
request_id,10,172,req-0172,v1,True,True,6,52,req-0375 FAILED req-0120 req-0172 req-0213 req-0431
request_id,10,172,req-0172,v2,True,True,6,54,req-0172 req-0375 req-0120 req-0213 req-0431 req-0437
request_id,10,172,req-0172,oracle,True,True,1,9,req-0172
request_id,10,51,req-0051,user_only,False,False,0,0,
request_id,10,51,req-0051,naive,True,True,21,189,req-0079 req-0387 req-0056 req-0372 req-0175 req-0291 req-0080 req-0164 req-0398 req-0311 req-0051 req-0128 req-0432 req-0255 req-0413 req-0235 req-0170 req-0338 req-0192 req-0226 req-0153
request_id,10,51,req-0051,v1,True,True,6,52,req-0170 FAILED req-0291 req-0051 req-0153 req-0226
request_id,10,51,req-0051,v2,True,True,6,54,req-0051 req-0170 req-0291 req-0153 req-0226 req-0192
request_id,10,51,req-0051,oracle,True,True,1,9,req-0051
request_id,10,364,req-0364,user_only,False,False,0,0,
request_id,10,364,req-0364,naive,False,True,21,189,req-0241 req-0233 req-0285 req-0377 req-0284 req-0330 req-0292 req-0395 req-0347 req-0209 req-0364 req-0146 req-0131 req-0372 req-0260 req-0128 req-0298 req-0052 req-0231 req-0317 req-0410
request_id,10,364,req-0364,v1,True,True,6,52,req-0298 FAILED req-0330 req-0364 req-0410 req-0317
request_id,10,364,req-0364,v2,True,True,6,54,req-0364 req-0298 req-0330 req-0410 req-0317 req-0231
request_id,10,364,req-0364,oracle,True,True,1,9,req-0364
request_id,10,91,req-0091,user_only,False,False,0,0,
request_id,10,91,req-0091,naive,True,True,21,189,req-0260 req-0069 req-0378 req-0139 req-0094 req-0204 req-0241 req-0330 req-0425 req-0186 req-0091 req-0121 req-0416 req-0429 req-0102 req-0059 req-0324 req-0162 req-0407 req-0349 req-0208
request_id,10,91,req-0091,v1,True,True,6,52,req-0324 FAILED req-0204 req-0091 req-0208 req-0349
request_id,10,91,req-0091,v2,True,True,6,54,req-0091 req-0324 req-0204 req-0208 req-0349 req-0407
request_id,10,91,req-0091,oracle,True,True,1,9,req-0091
request_id,10,106,req-0106,user_only,False,False,0,0,
request_id,10,106,req-0106,naive,True,True,21,189,req-0344 req-0072 req-0252 req-0245 req-0326 req-0315 req-0380 req-0389 req-0131 req-0311 req-0106 req-0103 req-0093 req-0123 req-0426 req-0250 req-0221 req-0331 req-0184 req-0209 req-0071
request_id,10,106,req-0106,v1,True,True,6,52,req-0221 FAILED req-0315 req-0106 req-0071 req-0209
request_id,10,106,req-0106,v2,True,True,6,54,req-0106 req-0221 req-0315 req-0071 req-0209 req-0184
request_id,10,106,req-0106,oracle,True,True,1,9,req-0106
request_id,10,197,req-0197,user_only,False,False,0,0,
request_id,10,197,req-0197,naive,True,True,21,189,req-0428 req-0354 req-0390 req-0147 req-0133 req-0200 req-0202 req-0328 req-0196 req-0233 req-0197 req-0118 req-0249 req-0146 req-0433 req-0373 req-0054 req-0361 req-0382 req-0296 req-0267
request_id,10,197,req-0197,v1,True,True,6,52,req-0054 FAILED req-0200 req-0197 req-0267 req-0296
request_id,10,197,req-0197,v2,True,True,6,54,req-0197 req-0054 req-0200 req-0267 req-0296 req-0382
request_id,10,197,req-0197,oracle,True,True,1,9,req-0197
request_id,10,100,req-0100,user_only,False,False,0,0,
request_id,10,100,req-0100,naive,True,True,21,189,req-0233 req-0446 req-0448 req-0326 req-0138 req-0420 req-0315 req-0065 req-0142 req-0212 req-0100 req-0327 req-0125 req-0134 req-0064 req-0110 req-0314 req-0392 req-0411 req-0380 req-0443
request_id,10,100,req-0100,v1,True,True,6,52,req-0314 FAILED req-0420 req-0100 req-0443 req-0380
request_id,10,100,req-0100,v2,True,True,6,54,req-0100 req-0314 req-0420 req-0443 req-0380 req-0411
request_id,10,100,req-0100,oracle,True,True,1,9,req-0100
request_id,10,280,req-0280,user_only,False,False,0,0,
request_id,10,280,req-0280,naive,False,True,21,189,req-0051 req-0241 req-0082 req-0238 req-0204 req-0160 req-0323 req-0128 req-0357 req-0363 req-0280 req-0177 req-0114 req-0104 req-0217 req-0299 req-0423 req-0087 req-0245 req-0184 req-0366
request_id,10,280,req-0280,v1,True,True,6,52,req-0423 FAILED req-0160 req-0280 req-0366 req-0184
request_id,10,280,req-0280,v2,True,True,6,54,req-0280 req-0423 req-0160 req-0366 req-0184 req-0245
request_id,10,280,req-0280,oracle,True,True,1,9,req-0280
request_id,10,55,req-0055,user_only,False,False,0,0,
request_id,10,55,req-0055,naive,True,True,21,189,req-0205 req-0382 req-0111 req-0229 req-0293 req-0306 req-0112 req-0335 req-0316 req-0177 req-0055 req-0234 req-0400 req-0284 req-0350 req-0227 req-0093 req-0086 req-0449 req-0095 req-0304
request_id,10,55,req-0055,v1,True,True,6,52,req-0093 FAILED req-0306 req-0055 req-0304 req-0095
request_id,10,55,req-0055,v2,True,True,6,54,req-0055 req-0093 req-0306 req-0304 req-0095 req-0449
request_id,10,55,req-0055,oracle,True,True,1,9,req-0055
request_id,10,400,req-0400,user_only,False,False,0,0,
request_id,10,400,req-0400,naive,False,True,21,189,req-0449 req-0209 req-0185 req-0436 req-0388 req-0165 req-0136 req-0216 req-0271 req-0309 req-0400 req-0337 req-0219 req-0215 req-0421 req-0386 req-0302 req-0256 req-0210 req-0140 req-0150
request_id,10,400,req-0400,v1,True,True,6,52,req-0302 FAILED req-0165 req-0400 req-0150 req-0140
request_id,10,400,req-0400,v2,True,True,6,54,req-0400 req-0302 req-0165 req-0150 req-0140 req-0210
request_id,10,400,req-0400,oracle,True,True,1,9,req-0400
request_id,10,397,req-0397,user_only,False,False,0,0,
request_id,10,397,req-0397,naive,False,True,21,189,req-0287 req-0162 req-0403 req-0228 req-0439 req-0229 req-0259 req-0352 req-0245 req-0158 req-0397 req-0129 req-0276 req-0431 req-0340 req-0386 req-0427 req-0115 req-0270 req-0187 req-0218
request_id,10,397,req-0397,v1,True,True,6,52,req-0427 FAILED req-0229 req-0397 req-0218 req-0187
request_id,10,397,req-0397,v2,True,True,6,54,req-0397 req-0427 req-0229 req-0218 req-0187 req-0270
request_id,10,397,req-0397,oracle,True,True,1,9,req-0397
request_id,10,210,req-0210,user_only,False,False,0,0,
request_id,10,210,req-0210,naive,False,True,21,189,req-0110 req-0214 req-0186 req-0278 req-0184 req-0124 req-0330 req-0371 req-0187 req-0169 req-0210 req-0220 req-0123 req-0338 req-0446 req-0113 req-0200 req-0345 req-0285 req-0375 req-0256
request_id,10,210,req-0210,v1,True,True,6,52,req-0200 FAILED req-0124 req-0210 req-0256 req-0375
request_id,10,210,req-0210,v2,True,True,6,54,req-0210 req-0200 req-0124 req-0256 req-0375 req-0285
request_id,10,210,req-0210,oracle,True,True,1,9,req-0210
request_id,10,157,req-0157,user_only,False,False,0,0,
request_id,10,157,req-0157,naive,True,True,21,189,req-0255 req-0061 req-0332 req-0417 req-0219 req-0396 req-0260 req-0223 req-0098 req-0398 req-0157 req-0443 req-0304 req-0375 req-0392 req-0442 req-0330 req-0315 req-0158 req-0268 req-0231
request_id,10,157,req-0157,v1,True,True,6,52,req-0330 FAILED req-0396 req-0157 req-0231 req-0268
request_id,10,157,req-0157,v2,True,True,6,54,req-0157 req-0330 req-0396 req-0231 req-0268 req-0158
request_id,10,157,req-0157,oracle,True,True,1,9,req-0157
request_id,10,253,req-0253,user_only,False,False,0,0,
request_id,10,253,req-0253,naive,False,True,21,189,req-0382 req-0219 req-0080 req-0255 req-0421 req-0138 req-0055 req-0186 req-0337 req-0410 req-0253 req-0179 req-0116 req-0221 req-0347 req-0380 req-0364 req-0263 req-0449 req-0294 req-0298
request_id,10,253,req-0253,v1,True,True,6,52,req-0364 FAILED req-0138 req-0253 req-0298 req-0294
request_id,10,253,req-0253,v2,True,True,6,54,req-0253 req-0364 req-0138 req-0298 req-0294 req-0449
request_id,10,253,req-0253,oracle,True,True,1,9,req-0253
request_id,10,178,req-0178,user_only,False,False,0,0,
request_id,10,178,req-0178,naive,True,True,21,189,req-0224 req-0056 req-0069 req-0438 req-0162 req-0376 req-0111 req-0389 req-0188 req-0218 req-0178 req-0059 req-0450 req-0157 req-0285 req-0314 req-0192 req-0369 req-0373 req-0240 req-0090
request_id,10,178,req-0178,v1,True,True,6,52,req-0192 FAILED req-0376 req-0178 req-0090 req-0240
request_id,10,178,req-0178,v2,True,True,6,54,req-0178 req-0192 req-0376 req-0090 req-0240 req-0373
request_id,10,178,req-0178,oracle,True,True,1,9,req-0178
request_id,10,228,req-0228,user_only,False,False,0,0,
request_id,10,228,req-0228,naive,False,True,21,189,req-0335 req-0405 req-0146 req-0326 req-0444 req-0055 req-0098 req-0129 req-0218 req-0162 req-0228 req-0288 req-0155 req-0361 req-0395 req-0137 req-0412 req-0208 req-0093 req-0341 req-0264
request_id,10,228,req-0228,v1,True,True,6,52,req-0412 FAILED req-0055 req-0228 req-0264 req-0341
request_id,10,228,req-0228,v2,True,True,6,54,req-0228 req-0412 req-0055 req-0264 req-0341 req-0093
request_id,10,228,req-0228,oracle,True,True,1,9,req-0228
request_id,10,232,req-0232,user_only,False,False,0,0,
request_id,10,232,req-0232,naive,False,True,21,189,req-0415 req-0318 req-0399 req-0352 req-0337 req-0118 req-0105 req-0064 req-0188 req-0265 req-0232 req-0072 req-0144 req-0332 req-0426 req-0313 req-0168 req-0292 req-0387 req-0390 req-0224
request_id,10,232,req-0232,v1,True,True,6,52,req-0168 FAILED req-0118 req-0232 req-0224 req-0390
request_id,10,232,req-0232,v2,True,True,6,54,req-0232 req-0168 req-0118 req-0224 req-0390 req-0387
request_id,10,232,req-0232,oracle,True,True,1,9,req-0232
request_id,10,242,req-0242,user_only,False,False,0,0,
request_id,10,242,req-0242,naive,False,True,21,189,req-0225 req-0227 req-0212 req-0361 req-0296 req-0180 req-0301 req-0217 req-0178 req-0068 req-0242 req-0380 req-0118 req-0061 req-0297 req-0237 req-0179 req-0437 req-0289 req-0151 req-0238
request_id,10,242,req-0242,v1,True,True,6,52,req-0179 FAILED req-0180 req-0242 req-0238 req-0151
request_id,10,242,req-0242,v2,True,True,6,54,req-0242 req-0179 req-0180 req-0238 req-0151 req-0289
request_id,10,242,req-0242,oracle,True,True,1,9,req-0242
request_id,10,431,req-0431,user_only,False,False,0,0,
request_id,10,431,req-0431,naive,False,True,21,189,req-0190 req-0312 req-0424 req-0254 req-0205 req-0161 req-0347 req-0077 req-0260 req-0083 req-0431 req-0421 req-0419 req-0380 req-0388 req-0310 req-0399 req-0322 req-0443 req-0202 req-0297
request_id,10,431,req-0431,v1,True,True,6,52,req-0399 FAILED req-0161 req-0431 req-0297 req-0202
request_id,10,431,req-0431,v2,True,True,6,54,req-0431 req-0399 req-0161 req-0297 req-0202 req-0443
request_id,10,431,req-0431,oracle,True,True,1,9,req-0431
request_id,10,376,req-0376,user_only,False,False,0,0,
request_id,10,376,req-0376,naive,False,True,21,189,req-0365 req-0096 req-0310 req-0317 req-0355 req-0216 req-0300 req-0212 req-0389 req-0223 req-0376 req-0234 req-0142 req-0089 req-0337 req-0139 req-0439 req-0181 req-0320 req-0316 req-0246
request_id,10,376,req-0376,v1,True,True,6,52,req-0439 FAILED req-0216 req-0376 req-0246 req-0316
request_id,10,376,req-0376,v2,True,True,6,54,req-0376 req-0439 req-0216 req-0246 req-0316 req-0320
request_id,10,376,req-0376,oracle,True,True,1,9,req-0376
request_id,10,89,req-0089,user_only,False,False,0,0,
request_id,10,89,req-0089,naive,True,True,21,189,req-0373 req-0105 req-0362 req-0160 req-0064 req-0288 req-0174 req-0158 req-0270 req-0311 req-0089 req-0320 req-0115 req-0314 req-0159 req-0189 req-0448 req-0417 req-0301 req-0120 req-0337
request_id,10,89,req-0089,v1,True,True,6,52,req-0448 FAILED req-0288 req-0089 req-0337 req-0120
request_id,10,89,req-0089,v2,True,True,6,54,req-0089 req-0448 req-0288 req-0337 req-0120 req-0301
request_id,10,89,req-0089,oracle,True,True,1,9,req-0089
request_id,10,420,req-0420,user_only,False,False,0,0,
request_id,10,420,req-0420,naive,False,True,21,189,req-0397 req-0216 req-0236 req-0383 req-0250 req-0322 req-0365 req-0422 req-0326 req-0146 req-0420 req-0127 req-0360 req-0332 req-0410 req-0128 req-0424 req-0123 req-0117 req-0386 req-0343
request_id,10,420,req-0420,v1,True,True,6,52,req-0424 FAILED req-0322 req-0420 req-0343 req-0386
request_id,10,420,req-0420,v2,True,True,6,54,req-0420 req-0424 req-0322 req-0343 req-0386 req-0117
request_id,10,420,req-0420,oracle,True,True,1,9,req-0420
request_id,10,224,req-0224,user_only,False,False,0,0,
request_id,10,224,req-0224,naive,False,True,21,189,req-0081 req-0392 req-0067 req-0193 req-0203 req-0141 req-0121 req-0186 req-0327 req-0405 req-0224 req-0233 req-0115 req-0285 req-0136 req-0145 req-0077 req-0435 req-0399 req-0128 req-0262
request_id,10,224,req-0224,v1,True,True,6,52,req-0077 FAILED req-0141 req-0224 req-0262 req-0128
request_id,10,224,req-0224,v2,True,True,6,54,req-0224 req-0077 req-0141 req-0262 req-0128 req-0399
request_id,10,224,req-0224,oracle,True,True,1,9,req-0224
request_id,10,95,req-0095,user_only,False,False,0,0,
request_id,10,95,req-0095,naive,True,True,21,189,req-0379 req-0369 req-0301 req-0330 req-0064 req-0204 req-0164 req-0314 req-0237 req-0328 req-0095 req-0098 req-0289 req-0399 req-0433 req-0259 req-0130 req-0217 req-0125 req-0416 req-0311
request_id,10,95,req-0095,v1,True,True,6,52,req-0130 FAILED req-0204 req-0095 req-0311 req-0416
request_id,10,95,req-0095,v2,True,True,6,54,req-0095 req-0130 req-0204 req-0311 req-0416 req-0125
request_id,10,95,req-0095,oracle,True,True,1,9,req-0095
request_id,10,335,req-0335,user_only,False,False,0,0,
request_id,10,335,req-0335,naive,False,True,21,189,req-0070 req-0291 req-0053 req-0079 req-0098 req-0230 req-0351 req-0411 req-0408 req-0181 req-0335 req-0218 req-0438 req-0064 req-0133 req-0307 req-0147 req-0096 req-0266 req-0390 req-0271
request_id,10,335,req-0335,v1,True,True,6,52,req-0147 FAILED req-0230 req-0335 req-0271 req-0390
request_id,10,335,req-0335,v2,True,True,6,54,req-0335 req-0147 req-0230 req-0271 req-0390 req-0266
request_id,10,335,req-0335,oracle,True,True,1,9,req-0335
request_id,10,325,req-0325,user_only,False,False,0,0,
request_id,10,325,req-0325,naive,False,True,21,189,req-0152 req-0137 req-0173 req-0165 req-0389 req-0303 req-0158 req-0240 req-0131 req-0324 req-0325 req-0266 req-0420 req-0285 req-0235 req-0411 req-0157 req-0208 req-0373 req-0429 req-0275
request_id,10,325,req-0325,v1,True,True,6,52,req-0157 FAILED req-0303 req-0325 req-0275 req-0429
request_id,10,325,req-0325,v2,True,True,6,54,req-0325 req-0157 req-0303 req-0275 req-0429 req-0373
request_id,10,325,req-0325,oracle,True,True,1,9,req-0325
request_id,10,199,req-0199,user_only,False,False,0,0,
request_id,10,199,req-0199,naive,False,True,21,189,req-0337 req-0361 req-0297 req-0096 req-0158 req-0429 req-0150 req-0109 req-0438 req-0090 req-0199 req-0232 req-0416 req-0398 req-0369 req-0403 req-0130 req-0108 req-0138 req-0154 req-0379
request_id,10,199,req-0199,v1,True,True,6,52,req-0130 FAILED req-0429 req-0199 req-0379 req-0154
request_id,10,199,req-0199,v2,True,True,6,54,req-0199 req-0130 req-0429 req-0379 req-0154 req-0138
request_id,10,199,req-0199,oracle,True,True,1,9,req-0199
request_id,10,284,req-0284,user_only,False,False,0,0,
request_id,10,284,req-0284,naive,False,True,21,189,req-0271 req-0146 req-0269 req-0065 req-0331 req-0124 req-0382 req-0375 req-0187 req-0197 req-0284 req-0429 req-0236 req-0253 req-0054 req-0295 req-0317 req-0286 req-0189 req-0231 req-0300
request_id,10,284,req-0284,v1,True,True,6,52,req-0317 FAILED req-0124 req-0284 req-0300 req-0231
request_id,10,284,req-0284,v2,True,True,6,54,req-0284 req-0317 req-0124 req-0300 req-0231 req-0189
request_id,10,284,req-0284,oracle,True,True,1,9,req-0284
request_id,10,122,req-0122,user_only,False,False,0,0,
request_id,10,122,req-0122,naive,True,True,21,189,req-0120 req-0105 req-0124 req-0337 req-0164 req-0234 req-0284 req-0244 req-0362 req-0375 req-0122 req-0354 req-0074 req-0408 req-0394 req-0218 req-0437 req-0181 req-0400 req-0090 req-0287
request_id,10,122,req-0122,v1,True,True,6,52,req-0437 FAILED req-0234 req-0122 req-0287 req-0090
request_id,10,122,req-0122,v2,True,True,6,54,req-0122 req-0437 req-0234 req-0287 req-0090 req-0400
request_id,10,122,req-0122,oracle,True,True,1,9,req-0122
request_id,30,110,req-0110,user_only,False,False,0,0,
request_id,30,110,req-0110,naive,True,True,21,189,req-0290 req-0228 req-0330 req-0320 req-0322 req-0100 req-0192 req-0202 req-0069 req-0091 req-0110 req-0353 req-0071 req-0085 req-0321 req-0282 req-0339 req-0105 req-0248 req-0381 req-0345
request_id,30,110,req-0110,v1,True,True,6,52,req-0339 FAILED req-0100 req-0110 req-0345 req-0381
request_id,30,110,req-0110,v2,True,True,6,54,req-0110 req-0339 req-0100 req-0345 req-0381 req-0248
request_id,30,110,req-0110,oracle,True,True,1,9,req-0110
request_id,30,213,req-0213,user_only,False,False,0,0,
request_id,30,213,req-0213,naive,True,True,21,189,req-0284 req-0365 req-0296 req-0327 req-0061 req-0128 req-0214 req-0118 req-0063 req-0103 req-0213 req-0251 req-0097 req-0136 req-0324 req-0180 req-0059 req-0073 req-0434 req-0086 req-0436
request_id,30,213,req-0213,v1,True,True,6,52,req-0059 FAILED req-0128 req-0213 req-0436 req-0086
request_id,30,213,req-0213,v2,True,True,6,54,req-0213 req-0059 req-0128 req-0436 req-0086 req-0434
request_id,30,213,req-0213,oracle,True,True,1,9,req-0213
request_id,30,307,req-0307,user_only,False,False,0,0,
request_id,30,307,req-0307,naive,True,True,21,189,req-0359 req-0317 req-0111 req-0426 req-0221 req-0418 req-0128 req-0207 req-0291 req-0173 req-0307 req-0214 req-0289 req-0404 req-0174 req-0254 req-0172 req-0314 req-0210 req-0264 req-0071
request_id,30,307,req-0307,v1,True,True,6,52,req-0172 FAILED req-0418 req-0307 req-0071 req-0264
request_id,30,307,req-0307,v2,True,True,6,54,req-0307 req-0172 req-0418 req-0071 req-0264 req-0210
request_id,30,307,req-0307,oracle,True,True,1,9,req-0307
request_id,30,312,req-0312,user_only,False,False,0,0,
request_id,30,312,req-0312,naive,True,True,21,189,req-0300 req-0177 req-0355 req-0144 req-0274 req-0146 req-0444 req-0108 req-0352 req-0293 req-0312 req-0353 req-0245 req-0297 req-0322 req-0058 req-0305 req-0161 req-0246 req-0424 req-0067
request_id,30,312,req-0312,v1,True,True,6,52,req-0305 FAILED req-0146 req-0312 req-0067 req-0424
request_id,30,312,req-0312,v2,True,True,6,54,req-0312 req-0305 req-0146 req-0067 req-0424 req-0246
request_id,30,312,req-0312,oracle,True,True,1,9,req-0312
request_id,30,381,req-0381,user_only,False,False,0,0,
request_id,30,381,req-0381,naive,True,True,21,189,req-0321 req-0288 req-0121 req-0200 req-0173 req-0316 req-0210 req-0186 req-0443 req-0271 req-0381 req-0427 req-0347 req-0063 req-0230 req-0358 req-0135 req-0112 req-0338 req-0238 req-0161
request_id,30,381,req-0381,v1,True,True,6,52,req-0135 FAILED req-0316 req-0381 req-0161 req-0238
request_id,30,381,req-0381,v2,True,True,6,54,req-0381 req-0135 req-0316 req-0161 req-0238 req-0338
request_id,30,381,req-0381,oracle,True,True,1,9,req-0381
request_id,30,102,req-0102,user_only,False,False,0,0,
request_id,30,102,req-0102,naive,True,True,21,189,req-0351 req-0088 req-0334 req-0138 req-0285 req-0258 req-0107 req-0105 req-0263 req-0256 req-0102 req-0052 req-0176 req-0151 req-0076 req-0185 req-0435 req-0137 req-0319 req-0187 req-0242
request_id,30,102,req-0102,v1,True,True,6,52,req-0435 FAILED req-0258 req-0102 req-0242 req-0187
request_id,30,102,req-0102,v2,True,True,6,54,req-0102 req-0435 req-0258 req-0242 req-0187 req-0319
request_id,30,102,req-0102,oracle,True,True,1,9,req-0102
request_id,30,164,req-0164,user_only,False,False,0,0,
request_id,30,164,req-0164,naive,True,True,21,189,req-0093 req-0181 req-0135 req-0068 req-0161 req-0412 req-0374 req-0415 req-0338 req-0109 req-0164 req-0280 req-0332 req-0392 req-0233 req-0406 req-0290 req-0314 req-0373 req-0067 req-0147
request_id,30,164,req-0164,v1,True,True,6,52,req-0290 FAILED req-0412 req-0164 req-0147 req-0067
request_id,30,164,req-0164,v2,True,True,6,54,req-0164 req-0290 req-0412 req-0147 req-0067 req-0373
request_id,30,164,req-0164,oracle,True,True,1,9,req-0164
request_id,30,357,req-0357,user_only,False,False,0,0,
request_id,30,357,req-0357,naive,True,True,21,189,req-0384 req-0296 req-0074 req-0199 req-0096 req-0136 req-0083 req-0192 req-0154 req-0053 req-0357 req-0196 req-0367 req-0381 req-0072 req-0291 req-0182 req-0086 req-0409 req-0423 req-0329
request_id,30,357,req-0357,v1,True,True,6,52,req-0182 FAILED req-0136 req-0357 req-0329 req-0423
request_id,30,357,req-0357,v2,True,True,6,54,req-0357 req-0182 req-0136 req-0329 req-0423 req-0409
request_id,30,357,req-0357,oracle,True,True,1,9,req-0357
request_id,30,368,req-0368,user_only,False,False,0,0,
request_id,30,368,req-0368,naive,True,True,21,189,req-0135 req-0330 req-0376 req-0314 req-0348 req-0326 req-0171 req-0303 req-0077 req-0327 req-0368 req-0230 req-0166 req-0324 req-0251 req-0287 req-0094 req-0174 req-0066 req-0057 req-0261
request_id,30,368,req-0368,v1,True,True,6,52,req-0094 FAILED req-0326 req-0368 req-0261 req-0057
request_id,30,368,req-0368,v2,True,True,6,54,req-0368 req-0094 req-0326 req-0261 req-0057 req-0066
request_id,30,368,req-0368,oracle,True,True,1,9,req-0368
request_id,30,334,req-0334,user_only,False,False,0,0,
request_id,30,334,req-0334,naive,True,True,21,189,req-0247 req-0335 req-0095 req-0275 req-0396 req-0369 req-0141 req-0137 req-0171 req-0134 req-0334 req-0337 req-0152 req-0308 req-0438 req-0222 req-0254 req-0192 req-0381 req-0386 req-0136
request_id,30,334,req-0334,v1,True,True,6,52,req-0254 FAILED req-0369 req-0334 req-0136 req-0386
request_id,30,334,req-0334,v2,True,True,6,54,req-0334 req-0254 req-0369 req-0136 req-0386 req-0381
request_id,30,334,req-0334,oracle,True,True,1,9,req-0334
request_id,30,265,req-0265,user_only,False,False,0,0,
request_id,30,265,req-0265,naive,True,True,21,189,req-0290 req-0097 req-0059 req-0226 req-0088 req-0433 req-0436 req-0116 req-0341 req-0315 req-0265 req-0449 req-0174 req-0293 req-0406 req-0126 req-0402 req-0215 req-0139 req-0304 req-0332
request_id,30,265,req-0265,v1,True,True,6,52,req-0402 FAILED req-0433 req-0265 req-0332 req-0304
request_id,30,265,req-0265,v2,True,True,6,54,req-0265 req-0402 req-0433 req-0332 req-0304 req-0139
request_id,30,265,req-0265,oracle,True,True,1,9,req-0265
request_id,30,343,req-0343,user_only,False,False,0,0,
request_id,30,343,req-0343,naive,True,True,21,189,req-0109 req-0121 req-0050 req-0244 req-0095 req-0408 req-0304 req-0373 req-0264 req-0394 req-0343 req-0340 req-0223 req-0312 req-0232 req-0092 req-0431 req-0400 req-0353 req-0060 req-0383
request_id,30,343,req-0343,v1,True,True,6,52,req-0431 FAILED req-0408 req-0343 req-0383 req-0060
request_id,30,343,req-0343,v2,True,True,6,54,req-0343 req-0431 req-0408 req-0383 req-0060 req-0353
request_id,30,343,req-0343,oracle,True,True,1,9,req-0343
request_id,30,330,req-0330,user_only,False,False,0,0,
request_id,30,330,req-0330,naive,True,True,21,189,req-0179 req-0171 req-0109 req-0243 req-0175 req-0205 req-0355 req-0396 req-0346 req-0399 req-0330 req-0341 req-0141 req-0207 req-0433 req-0322 req-0055 req-0064 req-0225 req-0427 req-0139
request_id,30,330,req-0330,v1,True,True,6,52,req-0055 FAILED req-0205 req-0330 req-0139 req-0427
request_id,30,330,req-0330,v2,True,True,6,54,req-0330 req-0055 req-0205 req-0139 req-0427 req-0225
request_id,30,330,req-0330,oracle,True,True,1,9,req-0330
request_id,30,424,req-0424,user_only,False,False,0,0,
request_id,30,424,req-0424,naive,True,True,21,189,req-0415 req-0284 req-0352 req-0099 req-0174 req-0390 req-0291 req-0435 req-0131 req-0360 req-0424 req-0307 req-0389 req-0294 req-0107 req-0084 req-0115 req-0052 req-0363 req-0320 req-0209
request_id,30,424,req-0424,v1,True,True,6,52,req-0115 FAILED req-0390 req-0424 req-0209 req-0320
request_id,30,424,req-0424,v2,True,True,6,54,req-0424 req-0115 req-0390 req-0209 req-0320 req-0363
request_id,30,424,req-0424,oracle,True,True,1,9,req-0424
request_id,30,447,req-0447,user_only,False,False,0,0,
request_id,30,447,req-0447,naive,True,True,21,189,req-0125 req-0258 req-0179 req-0060 req-0277 req-0361 req-0201 req-0127 req-0245 req-0374 req-0447 req-0370 req-0052 req-0350 req-0112 req-0099 req-0166 req-0216 req-0084 req-0247 req-0190
request_id,30,447,req-0447,v1,True,True,6,52,req-0166 FAILED req-0361 req-0447 req-0190 req-0247
request_id,30,447,req-0447,v2,True,True,6,54,req-0447 req-0166 req-0361 req-0190 req-0247 req-0084
request_id,30,447,req-0447,oracle,True,True,1,9,req-0447
request_id,30,443,req-0443,user_only,False,False,0,0,
request_id,30,443,req-0443,naive,True,True,21,189,req-0274 req-0444 req-0277 req-0422 req-0202 req-0178 req-0278 req-0428 req-0368 req-0260 req-0443 req-0290 req-0201 req-0210 req-0136 req-0102 req-0363 req-0330 req-0065 req-0154 req-0159
request_id,30,443,req-0443,v1,True,True,6,52,req-0363 FAILED req-0178 req-0443 req-0159 req-0154
request_id,30,443,req-0443,v2,True,True,6,54,req-0443 req-0363 req-0178 req-0159 req-0154 req-0065
request_id,30,443,req-0443,oracle,True,True,1,9,req-0443
request_id,30,301,req-0301,user_only,False,False,0,0,
request_id,30,301,req-0301,naive,True,True,21,189,req-0408 req-0200 req-0415 req-0440 req-0256 req-0165 req-0405 req-0391 req-0216 req-0134 req-0301 req-0101 req-0167 req-0247 req-0115 req-0358 req-0221 req-0381 req-0325 req-0252 req-0156
request_id,30,301,req-0301,v1,True,True,6,52,req-0221 FAILED req-0165 req-0301 req-0156 req-0252
request_id,30,301,req-0301,v2,True,True,6,54,req-0301 req-0221 req-0165 req-0156 req-0252 req-0325
request_id,30,301,req-0301,oracle,True,True,1,9,req-0301
request_id,30,434,req-0434,user_only,False,False,0,0,
request_id,30,434,req-0434,naive,True,True,21,189,req-0365 req-0331 req-0205 req-0327 req-0325 req-0243 req-0405 req-0184 req-0227 req-0281 req-0434 req-0174 req-0139 req-0310 req-0204 req-0069 req-0426 req-0368 req-0150 req-0203 req-0136
request_id,30,434,req-0434,v1,True,True,6,52,req-0426 FAILED req-0243 req-0434 req-0136 req-0203
request_id,30,434,req-0434,v2,True,True,6,54,req-0434 req-0426 req-0243 req-0136 req-0203 req-0150
request_id,30,434,req-0434,oracle,True,True,1,9,req-0434
request_id,30,445,req-0445,user_only,False,False,0,0,
request_id,30,445,req-0445,naive,True,True,21,189,req-0270 req-0393 req-0347 req-0114 req-0277 req-0242 req-0375 req-0304 req-0398 req-0080 req-0445 req-0363 req-0207 req-0427 req-0068 req-0355 req-0313 req-0222 req-0337 req-0202 req-0261
request_id,30,445,req-0445,v1,True,True,6,52,req-0313 FAILED req-0242 req-0445 req-0261 req-0202
request_id,30,445,req-0445,v2,True,True,6,54,req-0445 req-0313 req-0242 req-0261 req-0202 req-0337
request_id,30,445,req-0445,oracle,True,True,1,9,req-0445
request_id,30,350,req-0350,user_only,False,False,0,0,
request_id,30,350,req-0350,naive,True,True,21,189,req-0165 req-0404 req-0373 req-0323 req-0311 req-0196 req-0391 req-0365 req-0309 req-0229 req-0350 req-0435 req-0249 req-0319 req-0162 req-0056 req-0265 req-0269 req-0248 req-0369 req-0236
request_id,30,350,req-0350,v1,True,True,6,52,req-0265 FAILED req-0196 req-0350 req-0236 req-0369
request_id,30,350,req-0350,v2,True,True,6,54,req-0350 req-0265 req-0196 req-0236 req-0369 req-0248
request_id,30,350,req-0350,oracle,True,True,1,9,req-0350
request_id,30,275,req-0275,user_only,False,False,0,0,
request_id,30,275,req-0275,naive,True,True,21,189,req-0174 req-0337 req-0350 req-0243 req-0232 req-0431 req-0064 req-0104 req-0170 req-0160 req-0275 req-0139 req-0302 req-0367 req-0251 req-0293 req-0130 req-0272 req-0313 req-0147 req-0241
request_id,30,275,req-0275,v1,True,True,6,52,req-0130 FAILED req-0431 req-0275 req-0241 req-0147
request_id,30,275,req-0275,v2,True,True,6,54,req-0275 req-0130 req-0431 req-0241 req-0147 req-0313
request_id,30,275,req-0275,oracle,True,True,1,9,req-0275
request_id,30,172,req-0172,user_only,False,False,0,0,
request_id,30,172,req-0172,naive,True,True,21,189,req-0065 req-0330 req-0093 req-0101 req-0109 req-0161 req-0254 req-0113 req-0285 req-0358 req-0172 req-0228 req-0376 req-0315 req-0371 req-0100 req-0264 req-0170 req-0215 req-0210 req-0051
request_id,30,172,req-0172,v1,True,True,6,52,req-0264 FAILED req-0161 req-0172 req-0051 req-0210
request_id,30,172,req-0172,v2,True,True,6,54,req-0172 req-0264 req-0161 req-0051 req-0210 req-0215
request_id,30,172,req-0172,oracle,True,True,1,9,req-0172
request_id,30,51,req-0051,user_only,False,False,0,0,
request_id,30,51,req-0051,naive,True,True,21,189,req-0100 req-0084 req-0441 req-0225 req-0388 req-0128 req-0286 req-0372 req-0262 req-0101 req-0051 req-0380 req-0105 req-0148 req-0334 req-0299 req-0355 req-0143 req-0114 req-0095 req-0228
request_id,30,51,req-0051,v1,True,True,6,52,req-0355 FAILED req-0128 req-0051 req-0228 req-0095
request_id,30,51,req-0051,v2,True,True,6,54,req-0051 req-0355 req-0128 req-0228 req-0095 req-0114
request_id,30,51,req-0051,oracle,True,True,1,9,req-0051
request_id,30,364,req-0364,user_only,False,False,0,0,
request_id,30,364,req-0364,naive,True,True,21,189,req-0171 req-0126 req-0277 req-0288 req-0100 req-0331 req-0266 req-0436 req-0117 req-0096 req-0364 req-0060 req-0402 req-0287 req-0082 req-0276 req-0304 req-0081 req-0279 req-0293 req-0229
request_id,30,364,req-0364,v1,True,True,6,52,req-0304 FAILED req-0331 req-0364 req-0229 req-0293
request_id,30,364,req-0364,v2,True,True,6,54,req-0364 req-0304 req-0331 req-0229 req-0293 req-0279
request_id,30,364,req-0364,oracle,True,True,1,9,req-0364
request_id,30,91,req-0091,user_only,False,False,0,0,
request_id,30,91,req-0091,naive,True,True,21,189,req-0433 req-0101 req-0074 req-0259 req-0143 req-0270 req-0378 req-0085 req-0181 req-0415 req-0091 req-0330 req-0319 req-0178 req-0268 req-0106 req-0230 req-0137 req-0055 req-0123 req-0359
request_id,30,91,req-0091,v1,True,True,6,52,req-0230 FAILED req-0270 req-0091 req-0359 req-0123
request_id,30,91,req-0091,v2,True,True,6,54,req-0091 req-0230 req-0270 req-0359 req-0123 req-0055
request_id,30,91,req-0091,oracle,True,True,1,9,req-0091
request_id,30,106,req-0106,user_only,False,False,0,0,
request_id,30,106,req-0106,naive,True,True,21,189,req-0361 req-0208 req-0183 req-0448 req-0273 req-0102 req-0406 req-0166 req-0237 req-0436 req-0106 req-0088 req-0261 req-0375 req-0092 req-0346 req-0444 req-0367 req-0186 req-0214 req-0269
request_id,30,106,req-0106,v1,True,True,6,52,req-0444 FAILED req-0102 req-0106 req-0269 req-0214
request_id,30,106,req-0106,v2,True,True,6,54,req-0106 req-0444 req-0102 req-0269 req-0214 req-0186
request_id,30,106,req-0106,oracle,True,True,1,9,req-0106
request_id,30,197,req-0197,user_only,False,False,0,0,
request_id,30,197,req-0197,naive,True,True,21,189,req-0365 req-0347 req-0210 req-0169 req-0430 req-0360 req-0319 req-0142 req-0321 req-0265 req-0197 req-0179 req-0067 req-0335 req-0363 req-0178 req-0320 req-0286 req-0199 req-0262 req-0429
request_id,30,197,req-0197,v1,True,True,6,52,req-0320 FAILED req-0360 req-0197 req-0429 req-0262
request_id,30,197,req-0197,v2,True,True,6,54,req-0197 req-0320 req-0360 req-0429 req-0262 req-0199
request_id,30,197,req-0197,oracle,True,True,1,9,req-0197
request_id,30,100,req-0100,user_only,False,False,0,0,
request_id,30,100,req-0100,naive,True,True,21,189,req-0184 req-0157 req-0413 req-0446 req-0423 req-0353 req-0277 req-0134 req-0234 req-0315 req-0100 req-0209 req-0186 req-0210 req-0107 req-0361 req-0177 req-0050 req-0152 req-0358 req-0355
request_id,30,100,req-0100,v1,True,True,6,52,req-0177 FAILED req-0353 req-0100 req-0355 req-0358
request_id,30,100,req-0100,v2,True,True,6,54,req-0100 req-0177 req-0353 req-0355 req-0358 req-0152
request_id,30,100,req-0100,oracle,True,True,1,9,req-0100
request_id,30,280,req-0280,user_only,False,False,0,0,
request_id,30,280,req-0280,naive,True,True,21,189,req-0222 req-0407 req-0212 req-0423 req-0377 req-0112 req-0389 req-0257 req-0382 req-0267 req-0280 req-0364 req-0287 req-0362 req-0242 req-0396 req-0104 req-0240 req-0270 req-0437 req-0399
request_id,30,280,req-0280,v1,True,True,6,52,req-0104 FAILED req-0112 req-0280 req-0399 req-0437
request_id,30,280,req-0280,v2,True,True,6,54,req-0280 req-0104 req-0112 req-0399 req-0437 req-0270
request_id,30,280,req-0280,oracle,True,True,1,9,req-0280
request_id,30,55,req-0055,user_only,False,False,0,0,
request_id,30,55,req-0055,naive,True,True,21,189,req-0282 req-0350 req-0217 req-0342 req-0244 req-0234 req-0058 req-0440 req-0233 req-0248 req-0055 req-0427 req-0230 req-0179 req-0296 req-0056 req-0235 req-0262 req-0289 req-0073 req-0359
request_id,30,55,req-0055,v1,True,True,6,52,req-0235 FAILED req-0234 req-0055 req-0359 req-0073
request_id,30,55,req-0055,v2,True,True,6,54,req-0055 req-0235 req-0234 req-0359 req-0073 req-0289
request_id,30,55,req-0055,oracle,True,True,1,9,req-0055
request_id,30,400,req-0400,user_only,False,False,0,0,
request_id,30,400,req-0400,naive,True,True,21,189,req-0061 req-0414 req-0200 req-0326 req-0328 req-0077 req-0109 req-0445 req-0219 req-0271 req-0400 req-0183 req-0246 req-0203 req-0181 req-0051 req-0155 req-0161 req-0079 req-0089 req-0167
request_id,30,400,req-0400,v1,True,True,6,52,req-0155 FAILED req-0077 req-0400 req-0167 req-0089
request_id,30,400,req-0400,v2,True,True,6,54,req-0400 req-0155 req-0077 req-0167 req-0089 req-0079
request_id,30,400,req-0400,oracle,True,True,1,9,req-0400
request_id,30,397,req-0397,user_only,False,False,0,0,
request_id,30,397,req-0397,naive,True,True,21,189,req-0140 req-0075 req-0413 req-0237 req-0366 req-0326 req-0283 req-0102 req-0396 req-0363 req-0397 req-0324 req-0314 req-0374 req-0077 req-0198 req-0114 req-0105 req-0264 req-0167 req-0109
request_id,30,397,req-0397,v1,True,True,6,52,req-0114 FAILED req-0326 req-0397 req-0109 req-0167
request_id,30,397,req-0397,v2,True,True,6,54,req-0397 req-0114 req-0326 req-0109 req-0167 req-0264
request_id,30,397,req-0397,oracle,True,True,1,9,req-0397
request_id,30,210,req-0210,user_only,False,False,0,0,
request_id,30,210,req-0210,naive,True,True,21,189,req-0406 req-0084 req-0103 req-0086 req-0352 req-0427 req-0419 req-0249 req-0068 req-0120 req-0210 req-0276 req-0338 req-0062 req-0438 req-0445 req-0196 req-0260 req-0240 req-0336 req-0397
request_id,30,210,req-0210,v1,True,True,6,52,req-0196 FAILED req-0427 req-0210 req-0397 req-0336
request_id,30,210,req-0210,v2,True,True,6,54,req-0210 req-0196 req-0427 req-0397 req-0336 req-0240
request_id,30,210,req-0210,oracle,True,True,1,9,req-0210
request_id,30,157,req-0157,user_only,False,False,0,0,
request_id,30,157,req-0157,naive,True,True,21,189,req-0276 req-0147 req-0076 req-0263 req-0210 req-0126 req-0187 req-0378 req-0325 req-0134 req-0157 req-0361 req-0254 req-0417 req-0074 req-0085 req-0283 req-0344 req-0262 req-0295 req-0376
request_id,30,157,req-0157,v1,True,True,6,52,req-0283 FAILED req-0126 req-0157 req-0376 req-0295
request_id,30,157,req-0157,v2,True,True,6,54,req-0157 req-0283 req-0126 req-0376 req-0295 req-0262
request_id,30,157,req-0157,oracle,True,True,1,9,req-0157
request_id,30,253,req-0253,user_only,False,False,0,0,
request_id,30,253,req-0253,naive,True,True,21,189,req-0376 req-0125 req-0050 req-0197 req-0449 req-0450 req-0098 req-0115 req-0271 req-0148 req-0253 req-0188 req-0430 req-0287 req-0319 req-0369 req-0127 req-0155 req-0214 req-0131 req-0441
request_id,30,253,req-0253,v1,True,True,6,52,req-0127 FAILED req-0450 req-0253 req-0441 req-0131
request_id,30,253,req-0253,v2,True,True,6,54,req-0253 req-0127 req-0450 req-0441 req-0131 req-0214
request_id,30,253,req-0253,oracle,True,True,1,9,req-0253
request_id,30,178,req-0178,user_only,False,False,0,0,
request_id,30,178,req-0178,naive,True,True,21,189,req-0404 req-0202 req-0065 req-0102 req-0148 req-0289 req-0248 req-0089 req-0235 req-0251 req-0178 req-0088 req-0055 req-0238 req-0346 req-0394 req-0097 req-0192 req-0333 req-0162 req-0149
request_id,30,178,req-0178,v1,True,True,6,52,req-0097 FAILED req-0289 req-0178 req-0149 req-0162
request_id,30,178,req-0178,v2,True,True,6,54,req-0178 req-0097 req-0289 req-0149 req-0162 req-0333
request_id,30,178,req-0178,oracle,True,True,1,9,req-0178
request_id,30,228,req-0228,user_only,False,False,0,0,
request_id,30,228,req-0228,naive,True,True,21,189,req-0224 req-0181 req-0097 req-0205 req-0326 req-0338 req-0106 req-0329 req-0087 req-0404 req-0228 req-0165 req-0288 req-0336 req-0229 req-0120 req-0137 req-0126 req-0149 req-0333 req-0179
request_id,30,228,req-0228,v1,True,True,6,52,req-0137 FAILED req-0338 req-0228 req-0179 req-0333
request_id,30,228,req-0228,v2,True,True,6,54,req-0228 req-0137 req-0338 req-0179 req-0333 req-0149
request_id,30,228,req-0228,oracle,True,True,1,9,req-0228
request_id,30,232,req-0232,user_only,False,False,0,0,
request_id,30,232,req-0232,naive,True,True,21,189,req-0400 req-0111 req-0250 req-0178 req-0352 req-0382 req-0292 req-0236 req-0147 req-0146 req-0232 req-0440 req-0141 req-0235 req-0293 req-0083 req-0378 req-0355 req-0119 req-0370 req-0196
request_id,30,232,req-0232,v1,True,True,6,52,req-0378 FAILED req-0382 req-0232 req-0196 req-0370
request_id,30,232,req-0232,v2,True,True,6,54,req-0232 req-0378 req-0382 req-0196 req-0370 req-0119
request_id,30,232,req-0232,oracle,True,True,1,9,req-0232
request_id,30,242,req-0242,user_only,False,False,0,0,
request_id,30,242,req-0242,naive,True,True,21,189,req-0324 req-0075 req-0335 req-0226 req-0165 req-0419 req-0191 req-0293 req-0376 req-0067 req-0242 req-0206 req-0127 req-0187 req-0283 req-0252 req-0416 req-0102 req-0156 req-0207 req-0113
request_id,30,242,req-0242,v1,True,True,6,52,req-0416 FAILED req-0419 req-0242 req-0113 req-0207
request_id,30,242,req-0242,v2,True,True,6,54,req-0242 req-0416 req-0419 req-0113 req-0207 req-0156
request_id,30,242,req-0242,oracle,True,True,1,9,req-0242
request_id,30,431,req-0431,user_only,False,False,0,0,
request_id,30,431,req-0431,naive,True,True,21,189,req-0182 req-0397 req-0262 req-0086 req-0295 req-0211 req-0195 req-0202 req-0117 req-0409 req-0431 req-0074 req-0084 req-0199 req-0438 req-0272 req-0096 req-0153 req-0384 req-0326 req-0055
request_id,30,431,req-0431,v1,True,True,6,52,req-0096 FAILED req-0211 req-0431 req-0055 req-0326
request_id,30,431,req-0431,v2,True,True,6,54,req-0431 req-0096 req-0211 req-0055 req-0326 req-0384
request_id,30,431,req-0431,oracle,True,True,1,9,req-0431
request_id,30,376,req-0376,user_only,False,False,0,0,
request_id,30,376,req-0376,naive,True,True,21,189,req-0065 req-0211 req-0153 req-0064 req-0370 req-0213 req-0098 req-0179 req-0305 req-0316 req-0376 req-0260 req-0400 req-0221 req-0326 req-0432 req-0365 req-0162 req-0071 req-0233 req-0397
request_id,30,376,req-0376,v1,True,True,6,52,req-0365 FAILED req-0213 req-0376 req-0397 req-0233
request_id,30,376,req-0376,v2,True,True,6,54,req-0376 req-0365 req-0213 req-0397 req-0233 req-0071
request_id,30,376,req-0376,oracle,True,True,1,9,req-0376
request_id,30,89,req-0089,user_only,False,False,0,0,
request_id,30,89,req-0089,naive,True,True,21,189,req-0345 req-0418 req-0303 req-0401 req-0301 req-0404 req-0270 req-0081 req-0371 req-0384 req-0089 req-0226 req-0236 req-0154 req-0328 req-0181 req-0335 req-0375 req-0319 req-0227 req-0257
request_id,30,89,req-0089,v1,True,True,6,52,req-0335 FAILED req-0404 req-0089 req-0257 req-0227
request_id,30,89,req-0089,v2,True,True,6,54,req-0089 req-0335 req-0404 req-0257 req-0227 req-0319
request_id,30,89,req-0089,oracle,True,True,1,9,req-0089
request_id,30,420,req-0420,user_only,False,False,0,0,
request_id,30,420,req-0420,naive,True,True,21,189,req-0325 req-0441 req-0091 req-0375 req-0381 req-0439 req-0060 req-0271 req-0288 req-0399 req-0420 req-0076 req-0379 req-0356 req-0070 req-0291 req-0124 req-0387 req-0292 req-0256 req-0111
request_id,30,420,req-0420,v1,True,True,6,52,req-0124 FAILED req-0439 req-0420 req-0111 req-0256
request_id,30,420,req-0420,v2,True,True,6,54,req-0420 req-0124 req-0439 req-0111 req-0256 req-0292
request_id,30,420,req-0420,oracle,True,True,1,9,req-0420
request_id,30,224,req-0224,user_only,False,False,0,0,
request_id,30,224,req-0224,naive,True,True,21,189,req-0416 req-0381 req-0233 req-0112 req-0185 req-0110 req-0174 req-0267 req-0165 req-0156 req-0224 req-0192 req-0159 req-0286 req-0401 req-0054 req-0069 req-0429 req-0321 req-0294 req-0230
request_id,30,224,req-0224,v1,True,True,6,52,req-0069 FAILED req-0110 req-0224 req-0230 req-0294
request_id,30,224,req-0224,v2,True,True,6,54,req-0224 req-0069 req-0110 req-0230 req-0294 req-0321
request_id,30,224,req-0224,oracle,True,True,1,9,req-0224
request_id,30,95,req-0095,user_only,False,False,0,0,
request_id,30,95,req-0095,naive,True,True,21,189,req-0139 req-0252 req-0380 req-0118 req-0152 req-0410 req-0359 req-0205 req-0142 req-0208 req-0095 req-0435 req-0271 req-0197 req-0267 req-0274 req-0335 req-0272 req-0153 req-0096 req-0254
request_id,30,95,req-0095,v1,True,True,6,52,req-0335 FAILED req-0410 req-0095 req-0254 req-0096
request_id,30,95,req-0095,v2,True,True,6,54,req-0095 req-0335 req-0410 req-0254 req-0096 req-0153
request_id,30,95,req-0095,oracle,True,True,1,9,req-0095
request_id,30,335,req-0335,user_only,False,False,0,0,
request_id,30,335,req-0335,naive,True,True,21,189,req-0242 req-0238 req-0160 req-0362 req-0328 req-0429 req-0356 req-0344 req-0444 req-0411 req-0335 req-0300 req-0184 req-0446 req-0212 req-0416 req-0172 req-0425 req-0430 req-0219 req-0331
request_id,30,335,req-0335,v1,True,True,6,52,req-0172 FAILED req-0429 req-0335 req-0331 req-0219
request_id,30,335,req-0335,v2,True,True,6,54,req-0335 req-0172 req-0429 req-0331 req-0219 req-0430
request_id,30,335,req-0335,oracle,True,True,1,9,req-0335
request_id,30,325,req-0325,user_only,False,False,0,0,
request_id,30,325,req-0325,naive,True,True,21,189,req-0095 req-0149 req-0429 req-0187 req-0145 req-0090 req-0285 req-0140 req-0162 req-0420 req-0325 req-0447 req-0165 req-0208 req-0369 req-0258 req-0288 req-0282 req-0071 req-0190 req-0419
request_id,30,325,req-0325,v1,True,True,6,52,req-0288 FAILED req-0090 req-0325 req-0419 req-0190
request_id,30,325,req-0325,v2,True,True,6,54,req-0325 req-0288 req-0090 req-0419 req-0190 req-0071
request_id,30,325,req-0325,oracle,True,True,1,9,req-0325
request_id,30,199,req-0199,user_only,False,False,0,0,
request_id,30,199,req-0199,naive,True,True,21,189,req-0198 req-0406 req-0096 req-0373 req-0073 req-0191 req-0449 req-0288 req-0223 req-0407 req-0199 req-0084 req-0440 req-0249 req-0319 req-0312 req-0271 req-0432 req-0211 req-0265 req-0111
request_id,30,199,req-0199,v1,True,True,6,52,req-0271 FAILED req-0191 req-0199 req-0111 req-0265
request_id,30,199,req-0199,v2,True,True,6,54,req-0199 req-0271 req-0191 req-0111 req-0265 req-0211
request_id,30,199,req-0199,oracle,True,True,1,9,req-0199
request_id,30,284,req-0284,user_only,False,False,0,0,
request_id,30,284,req-0284,naive,True,True,21,189,req-0408 req-0402 req-0193 req-0111 req-0412 req-0078 req-0318 req-0116 req-0176 req-0216 req-0284 req-0346 req-0212 req-0165 req-0185 req-0365 req-0395 req-0188 req-0056 req-0398 req-0195
request_id,30,284,req-0284,v1,True,True,6,52,req-0395 FAILED req-0078 req-0284 req-0195 req-0398
request_id,30,284,req-0284,v2,True,True,6,54,req-0284 req-0395 req-0078 req-0195 req-0398 req-0056
request_id,30,284,req-0284,oracle,True,True,1,9,req-0284
request_id,30,122,req-0122,user_only,False,False,0,0,
request_id,30,122,req-0122,naive,True,True,21,189,req-0138 req-0340 req-0191 req-0448 req-0297 req-0193 req-0286 req-0316 req-0435 req-0418 req-0122 req-0430 req-0088 req-0443 req-0332 req-0115 req-0187 req-0254 req-0054 req-0142 req-0251
request_id,30,122,req-0122,v1,True,True,6,52,req-0187 FAILED req-0193 req-0122 req-0251 req-0142
request_id,30,122,req-0122,v2,True,True,6,54,req-0122 req-0187 req-0193 req-0251 req-0142 req-0054
request_id,30,122,req-0122,oracle,True,True,1,9,req-0122
request_id,100,110,req-0110,user_only,False,False,0,0,
request_id,100,110,req-0110,naive,True,True,21,189,req-0097 req-0367 req-0240 req-0257 req-0437 req-0337 req-0404 req-0053 req-0429 req-0050 req-0110 req-0085 req-0078 req-0058 req-0417 req-0071 req-0371 req-0211 req-0375 req-0118 req-0059
request_id,100,110,req-0110,v1,True,True,6,52,req-0371 FAILED req-0337 req-0110 req-0059 req-0118
request_id,100,110,req-0110,v2,True,True,6,54,req-0110 req-0371 req-0337 req-0059 req-0118 req-0375
request_id,100,110,req-0110,oracle,True,True,1,9,req-0110
request_id,100,213,req-0213,user_only,False,False,0,0,
request_id,100,213,req-0213,naive,True,True,21,189,req-0060 req-0301 req-0076 req-0444 req-0059 req-0354 req-0105 req-0278 req-0151 req-0436 req-0213 req-0355 req-0129 req-0303 req-0152 req-0162 req-0069 req-0242 req-0282 req-0066 req-0068
request_id,100,213,req-0213,v1,True,True,6,52,req-0069 FAILED req-0354 req-0213 req-0068 req-0066
request_id,100,213,req-0213,v2,True,True,6,54,req-0213 req-0069 req-0354 req-0068 req-0066 req-0282
request_id,100,213,req-0213,oracle,True,True,1,9,req-0213
request_id,100,307,req-0307,user_only,False,False,0,0,
request_id,100,307,req-0307,naive,True,True,21,189,req-0209 req-0319 req-0308 req-0294 req-0279 req-0406 req-0321 req-0444 req-0099 req-0265 req-0307 req-0414 req-0254 req-0089 req-0103 req-0206 req-0255 req-0172 req-0232 req-0092 req-0091
request_id,100,307,req-0307,v1,True,True,6,52,req-0255 FAILED req-0406 req-0307 req-0091 req-0092
request_id,100,307,req-0307,v2,True,True,6,54,req-0307 req-0255 req-0406 req-0091 req-0092 req-0232
request_id,100,307,req-0307,oracle,True,True,1,9,req-0307
request_id,100,312,req-0312,user_only,False,False,0,0,
request_id,100,312,req-0312,naive,True,True,21,189,req-0052 req-0145 req-0064 req-0175 req-0311 req-0173 req-0069 req-0075 req-0206 req-0373 req-0312 req-0155 req-0051 req-0053 req-0208 req-0135 req-0249 req-0150 req-0437 req-0276 req-0094
request_id,100,312,req-0312,v1,True,True,6,52,req-0249 FAILED req-0173 req-0312 req-0094 req-0276
request_id,100,312,req-0312,v2,True,True,6,54,req-0312 req-0249 req-0173 req-0094 req-0276 req-0437
request_id,100,312,req-0312,oracle,True,True,1,9,req-0312
request_id,100,381,req-0381,user_only,False,False,0,0,
request_id,100,381,req-0381,naive,True,True,21,189,req-0270 req-0302 req-0100 req-0222 req-0229 req-0141 req-0352 req-0175 req-0072 req-0091 req-0381 req-0120 req-0264 req-0275 req-0071 req-0311 req-0411 req-0097 req-0126 req-0448 req-0358
request_id,100,381,req-0381,v1,True,True,6,52,req-0411 FAILED req-0141 req-0381 req-0358 req-0448
request_id,100,381,req-0381,v2,True,True,6,54,req-0381 req-0411 req-0141 req-0358 req-0448 req-0126
request_id,100,381,req-0381,oracle,True,True,1,9,req-0381
request_id,100,102,req-0102,user_only,False,False,0,0,
request_id,100,102,req-0102,naive,True,True,21,189,req-0281 req-0293 req-0060 req-0224 req-0306 req-0360 req-0420 req-0139 req-0350 req-0414 req-0102 req-0367 req-0137 req-0155 req-0355 req-0311 req-0084 req-0427 req-0148 req-0151 req-0302
request_id,100,102,req-0102,v1,True,True,6,52,req-0084 FAILED req-0360 req-0102 req-0302 req-0151
request_id,100,102,req-0102,v2,True,True,6,54,req-0102 req-0084 req-0360 req-0302 req-0151 req-0148
request_id,100,102,req-0102,oracle,True,True,1,9,req-0102
request_id,100,164,req-0164,user_only,False,False,0,0,
request_id,100,164,req-0164,naive,True,True,21,189,req-0081 req-0115 req-0300 req-0401 req-0101 req-0313 req-0265 req-0112 req-0239 req-0336 req-0164 req-0111 req-0119 req-0349 req-0355 req-0357 req-0104 req-0200 req-0301 req-0061 req-0391
request_id,100,164,req-0164,v1,True,True,6,52,req-0104 FAILED req-0313 req-0164 req-0391 req-0061
request_id,100,164,req-0164,v2,True,True,6,54,req-0164 req-0104 req-0313 req-0391 req-0061 req-0301
request_id,100,164,req-0164,oracle,True,True,1,9,req-0164
request_id,100,357,req-0357,user_only,False,False,0,0,
request_id,100,357,req-0357,naive,True,True,21,189,req-0256 req-0291 req-0224 req-0210 req-0183 req-0328 req-0078 req-0266 req-0252 req-0167 req-0357 req-0218 req-0099 req-0305 req-0262 req-0315 req-0125 req-0212 req-0347 req-0287 req-0150
request_id,100,357,req-0357,v1,True,True,6,52,req-0125 FAILED req-0328 req-0357 req-0150 req-0287
request_id,100,357,req-0357,v2,True,True,6,54,req-0357 req-0125 req-0328 req-0150 req-0287 req-0347
request_id,100,357,req-0357,oracle,True,True,1,9,req-0357
request_id,100,368,req-0368,user_only,False,False,0,0,
request_id,100,368,req-0368,naive,True,True,21,189,req-0180 req-0330 req-0422 req-0096 req-0120 req-0186 req-0110 req-0283 req-0401 req-0399 req-0368 req-0412 req-0132 req-0242 req-0185 req-0164 req-0434 req-0258 req-0252 req-0127 req-0314
request_id,100,368,req-0368,v1,True,True,6,52,req-0434 FAILED req-0186 req-0368 req-0314 req-0127
request_id,100,368,req-0368,v2,True,True,6,54,req-0368 req-0434 req-0186 req-0314 req-0127 req-0252
request_id,100,368,req-0368,oracle,True,True,1,9,req-0368
request_id,100,334,req-0334,user_only,False,False,0,0,
request_id,100,334,req-0334,naive,True,True,21,189,req-0137 req-0344 req-0062 req-0388 req-0364 req-0139 req-0057 req-0320 req-0425 req-0417 req-0334 req-0118 req-0411 req-0420 req-0208 req-0129 req-0374 req-0063 req-0433 req-0200 req-0119
request_id,100,334,req-0334,v1,True,True,6,52,req-0374 FAILED req-0139 req-0334 req-0119 req-0200
request_id,100,334,req-0334,v2,True,True,6,54,req-0334 req-0374 req-0139 req-0119 req-0200 req-0433
request_id,100,334,req-0334,oracle,True,True,1,9,req-0334
request_id,100,265,req-0265,user_only,False,False,0,0,
request_id,100,265,req-0265,naive,True,True,21,189,req-0256 req-0133 req-0318 req-0164 req-0290 req-0405 req-0062 req-0400 req-0355 req-0375 req-0265 req-0409 req-0236 req-0072 req-0245 req-0080 req-0382 req-0111 req-0328 req-0317 req-0352
request_id,100,265,req-0265,v1,True,True,6,52,req-0382 FAILED req-0405 req-0265 req-0352 req-0317
request_id,100,265,req-0265,v2,True,True,6,54,req-0265 req-0382 req-0405 req-0352 req-0317 req-0328
request_id,100,265,req-0265,oracle,True,True,1,9,req-0265
request_id,100,343,req-0343,user_only,False,False,0,0,
request_id,100,343,req-0343,naive,True,True,21,189,req-0394 req-0334 req-0280 req-0055 req-0202 req-0112 req-0210 req-0111 req-0286 req-0324 req-0343 req-0077 req-0103 req-0169 req-0168 req-0434 req-0371 req-0123 req-0225 req-0141 req-0246
request_id,100,343,req-0343,v1,True,True,6,52,req-0371 FAILED req-0112 req-0343 req-0246 req-0141
request_id,100,343,req-0343,v2,True,True,6,54,req-0343 req-0371 req-0112 req-0246 req-0141 req-0225
request_id,100,343,req-0343,oracle,True,True,1,9,req-0343
request_id,100,330,req-0330,user_only,False,False,0,0,
request_id,100,330,req-0330,naive,True,True,21,189,req-0353 req-0236 req-0432 req-0273 req-0424 req-0149 req-0381 req-0290 req-0319 req-0121 req-0330 req-0289 req-0252 req-0406 req-0066 req-0380 req-0311 req-0118 req-0098 req-0403 req-0352
request_id,100,330,req-0330,v1,True,True,6,52,req-0311 FAILED req-0149 req-0330 req-0352 req-0403
request_id,100,330,req-0330,v2,True,True,6,54,req-0330 req-0311 req-0149 req-0352 req-0403 req-0098
request_id,100,330,req-0330,oracle,True,True,1,9,req-0330
request_id,100,424,req-0424,user_only,False,False,0,0,
request_id,100,424,req-0424,naive,True,True,21,189,req-0256 req-0371 req-0105 req-0139 req-0098 req-0147 req-0320 req-0226 req-0255 req-0081 req-0424 req-0283 req-0071 req-0060 req-0135 req-0115 req-0159 req-0328 req-0257 req-0441 req-0403
request_id,100,424,req-0424,v1,True,True,6,52,req-0159 FAILED req-0147 req-0424 req-0403 req-0441
request_id,100,424,req-0424,v2,True,True,6,54,req-0424 req-0159 req-0147 req-0403 req-0441 req-0257
request_id,100,424,req-0424,oracle,True,True,1,9,req-0424
request_id,100,447,req-0447,user_only,False,False,0,0,
request_id,100,447,req-0447,naive,True,True,21,189,req-0346 req-0251 req-0357 req-0221 req-0154 req-0183 req-0163 req-0114 req-0301 req-0201 req-0447 req-0448 req-0252 req-0213 req-0214 req-0067 req-0083 req-0153 req-0432 req-0235 req-0111
request_id,100,447,req-0447,v1,True,True,6,52,req-0083 FAILED req-0183 req-0447 req-0111 req-0235
request_id,100,447,req-0447,v2,True,True,6,54,req-0447 req-0083 req-0183 req-0111 req-0235 req-0432
request_id,100,447,req-0447,oracle,True,True,1,9,req-0447
request_id,100,443,req-0443,user_only,False,False,0,0,
request_id,100,443,req-0443,naive,True,True,21,189,req-0076 req-0424 req-0410 req-0077 req-0273 req-0149 req-0418 req-0298 req-0086 req-0421 req-0443 req-0417 req-0441 req-0292 req-0087 req-0380 req-0113 req-0136 req-0440 req-0188 req-0165
request_id,100,443,req-0443,v1,True,True,6,52,req-0113 FAILED req-0149 req-0443 req-0165 req-0188
request_id,100,443,req-0443,v2,True,True,6,54,req-0443 req-0113 req-0149 req-0165 req-0188 req-0440
request_id,100,443,req-0443,oracle,True,True,1,9,req-0443
request_id,100,301,req-0301,user_only,False,False,0,0,
request_id,100,301,req-0301,naive,True,True,21,189,req-0170 req-0373 req-0237 req-0087 req-0263 req-0223 req-0334 req-0068 req-0355 req-0335 req-0301 req-0386 req-0258 req-0330 req-0058 req-0446 req-0103 req-0216 req-0179 req-0161 req-0105
request_id,100,301,req-0301,v1,True,True,6,52,req-0103 FAILED req-0223 req-0301 req-0105 req-0161
request_id,100,301,req-0301,v2,True,True,6,54,req-0301 req-0103 req-0223 req-0105 req-0161 req-0179
request_id,100,301,req-0301,oracle,True,True,1,9,req-0301
request_id,100,434,req-0434,user_only,False,False,0,0,
request_id,100,434,req-0434,naive,True,True,21,189,req-0248 req-0089 req-0071 req-0149 req-0371 req-0062 req-0124 req-0140 req-0229 req-0050 req-0434 req-0130 req-0105 req-0231 req-0131 req-0238 req-0417 req-0110 req-0093 req-0189 req-0322
request_id,100,434,req-0434,v1,True,True,6,52,req-0417 FAILED req-0062 req-0434 req-0322 req-0189
request_id,100,434,req-0434,v2,True,True,6,54,req-0434 req-0417 req-0062 req-0322 req-0189 req-0093
request_id,100,434,req-0434,oracle,True,True,1,9,req-0434
request_id,100,445,req-0445,user_only,False,False,0,0,
request_id,100,445,req-0445,naive,True,True,21,189,req-0120 req-0357 req-0383 req-0178 req-0109 req-0311 req-0158 req-0197 req-0340 req-0059 req-0445 req-0320 req-0118 req-0159 req-0310 req-0256 req-0427 req-0375 req-0083 req-0166 req-0241
request_id,100,445,req-0445,v1,True,True,6,52,req-0427 FAILED req-0311 req-0445 req-0241 req-0166
request_id,100,445,req-0445,v2,True,True,6,54,req-0445 req-0427 req-0311 req-0241 req-0166 req-0083
request_id,100,445,req-0445,oracle,True,True,1,9,req-0445
request_id,100,350,req-0350,user_only,False,False,0,0,
request_id,100,350,req-0350,naive,True,True,21,189,req-0117 req-0425 req-0108 req-0419 req-0116 req-0144 req-0139 req-0160 req-0410 req-0317 req-0350 req-0391 req-0405 req-0243 req-0154 req-0300 req-0322 req-0287 req-0298 req-0252 req-0073
request_id,100,350,req-0350,v1,True,True,6,52,req-0322 FAILED req-0144 req-0350 req-0073 req-0252
request_id,100,350,req-0350,v2,True,True,6,54,req-0350 req-0322 req-0144 req-0073 req-0252 req-0298
request_id,100,350,req-0350,oracle,True,True,1,9,req-0350
request_id,100,275,req-0275,user_only,False,False,0,0,
request_id,100,275,req-0275,naive,True,True,21,189,req-0198 req-0416 req-0056 req-0234 req-0206 req-0137 req-0196 req-0248 req-0317 req-0403 req-0275 req-0216 req-0398 req-0127 req-0181 req-0121 req-0438 req-0279 req-0270 req-0187 req-0086
request_id,100,275,req-0275,v1,True,True,6,52,req-0438 FAILED req-0137 req-0275 req-0086 req-0187
request_id,100,275,req-0275,v2,True,True,6,54,req-0275 req-0438 req-0137 req-0086 req-0187 req-0270
request_id,100,275,req-0275,oracle,True,True,1,9,req-0275
request_id,100,172,req-0172,user_only,False,False,0,0,
request_id,100,172,req-0172,naive,True,True,21,189,req-0376 req-0412 req-0130 req-0365 req-0372 req-0301 req-0209 req-0181 req-0425 req-0374 req-0172 req-0278 req-0257 req-0256 req-0070 req-0192 req-0434 req-0290 req-0095 req-0164 req-0364
request_id,100,172,req-0172,v1,True,True,6,52,req-0434 FAILED req-0301 req-0172 req-0364 req-0164
request_id,100,172,req-0172,v2,True,True,6,54,req-0172 req-0434 req-0301 req-0364 req-0164 req-0095
request_id,100,172,req-0172,oracle,True,True,1,9,req-0172
request_id,100,51,req-0051,user_only,True,False,0,0,
request_id,100,51,req-0051,naive,True,True,21,189,req-0167 req-0251 req-0421 req-0077 req-0389 req-0236 req-0225 req-0061 req-0196 req-0345 req-0051 req-0252 req-0237 req-0283 req-0056 req-0343 req-0262 req-0075 req-0223 req-0269 req-0186
request_id,100,51,req-0051,v1,True,True,6,52,req-0262 FAILED req-0236 req-0051 req-0186 req-0269
request_id,100,51,req-0051,v2,True,True,6,54,req-0051 req-0262 req-0236 req-0186 req-0269 req-0223
request_id,100,51,req-0051,oracle,True,True,1,9,req-0051
request_id,100,364,req-0364,user_only,False,False,0,0,
request_id,100,364,req-0364,naive,True,True,21,189,req-0407 req-0162 req-0166 req-0154 req-0310 req-0288 req-0395 req-0358 req-0135 req-0249 req-0364 req-0328 req-0297 req-0287 req-0105 req-0055 req-0370 req-0438 req-0357 req-0255 req-0194
request_id,100,364,req-0364,v1,True,True,6,52,req-0370 FAILED req-0288 req-0364 req-0194 req-0255
request_id,100,364,req-0364,v2,True,True,6,54,req-0364 req-0370 req-0288 req-0194 req-0255 req-0357
request_id,100,364,req-0364,oracle,True,True,1,9,req-0364
request_id,100,91,req-0091,user_only,True,False,0,0,
request_id,100,91,req-0091,naive,True,True,21,189,req-0181 req-0197 req-0255 req-0357 req-0207 req-0072 req-0175 req-0286 req-0142 req-0063 req-0091 req-0211 req-0264 req-0327 req-0176 req-0116 req-0266 req-0250 req-0398 req-0052 req-0295
request_id,100,91,req-0091,v1,True,True,6,52,req-0266 FAILED req-0072 req-0091 req-0295 req-0052
request_id,100,91,req-0091,v2,True,True,6,54,req-0091 req-0266 req-0072 req-0295 req-0052 req-0398
request_id,100,91,req-0091,oracle,True,True,1,9,req-0091
request_id,100,106,req-0106,user_only,False,False,0,0,
request_id,100,106,req-0106,naive,True,True,21,189,req-0224 req-0250 req-0308 req-0354 req-0246 req-0232 req-0090 req-0260 req-0423 req-0205 req-0106 req-0330 req-0079 req-0306 req-0338 req-0319 req-0140 req-0072 req-0389 req-0178 req-0344
request_id,100,106,req-0106,v1,True,True,6,52,req-0140 FAILED req-0232 req-0106 req-0344 req-0178
request_id,100,106,req-0106,v2,True,True,6,54,req-0106 req-0140 req-0232 req-0344 req-0178 req-0389
request_id,100,106,req-0106,oracle,True,True,1,9,req-0106
request_id,100,197,req-0197,user_only,False,False,0,0,
request_id,100,197,req-0197,naive,True,True,21,189,req-0271 req-0137 req-0142 req-0067 req-0348 req-0371 req-0323 req-0277 req-0260 req-0344 req-0197 req-0221 req-0177 req-0422 req-0418 req-0366 req-0305 req-0095 req-0107 req-0053 req-0063
request_id,100,197,req-0197,v1,True,True,6,52,req-0305 FAILED req-0371 req-0197 req-0063 req-0053
request_id,100,197,req-0197,v2,True,True,6,54,req-0197 req-0305 req-0371 req-0063 req-0053 req-0107
request_id,100,197,req-0197,oracle,True,True,1,9,req-0197
request_id,100,100,req-0100,user_only,False,False,0,0,
request_id,100,100,req-0100,naive,True,True,21,189,req-0449 req-0342 req-0316 req-0357 req-0306 req-0259 req-0393 req-0061 req-0065 req-0141 req-0100 req-0438 req-0311 req-0116 req-0136 req-0056 req-0303 req-0058 req-0094 req-0372 req-0268
request_id,100,100,req-0100,v1,True,True,6,52,req-0303 FAILED req-0259 req-0100 req-0268 req-0372
request_id,100,100,req-0100,v2,True,True,6,54,req-0100 req-0303 req-0259 req-0268 req-0372 req-0094
request_id,100,100,req-0100,oracle,True,True,1,9,req-0100
request_id,100,280,req-0280,user_only,False,False,0,0,
request_id,100,280,req-0280,naive,True,True,21,189,req-0366 req-0124 req-0367 req-0317 req-0183 req-0209 req-0145 req-0306 req-0315 req-0123 req-0280 req-0076 req-0410 req-0244 req-0426 req-0128 req-0191 req-0186 req-0161 req-0082 req-0290
request_id,100,280,req-0280,v1,True,True,6,52,req-0191 FAILED req-0209 req-0280 req-0290 req-0082
request_id,100,280,req-0280,v2,True,True,6,54,req-0280 req-0191 req-0209 req-0290 req-0082 req-0161
request_id,100,280,req-0280,oracle,True,True,1,9,req-0280
request_id,100,55,req-0055,user_only,True,False,0,0,
request_id,100,55,req-0055,naive,True,True,21,189,req-0448 req-0275 req-0190 req-0268 req-0248 req-0189 req-0158 req-0135 req-0372 req-0157 req-0055 req-0108 req-0272 req-0408 req-0293 req-0276 req-0280 req-0356 req-0132 req-0094 req-0197
request_id,100,55,req-0055,v1,True,True,6,52,req-0280 FAILED req-0189 req-0055 req-0197 req-0094
request_id,100,55,req-0055,v2,True,True,6,54,req-0055 req-0280 req-0189 req-0197 req-0094 req-0132
request_id,100,55,req-0055,oracle,True,True,1,9,req-0055
request_id,100,400,req-0400,user_only,False,False,0,0,
request_id,100,400,req-0400,naive,True,True,21,189,req-0096 req-0408 req-0240 req-0160 req-0439 req-0198 req-0203 req-0276 req-0378 req-0359 req-0400 req-0386 req-0251 req-0274 req-0118 req-0229 req-0138 req-0082 req-0322 req-0352 req-0344
request_id,100,400,req-0400,v1,True,True,6,52,req-0138 FAILED req-0198 req-0400 req-0344 req-0352
request_id,100,400,req-0400,v2,True,True,6,54,req-0400 req-0138 req-0198 req-0344 req-0352 req-0322
request_id,100,400,req-0400,oracle,True,True,1,9,req-0400
request_id,100,397,req-0397,user_only,False,False,0,0,
request_id,100,397,req-0397,naive,True,True,21,189,req-0068 req-0157 req-0160 req-0136 req-0087 req-0115 req-0424 req-0271 req-0412 req-0252 req-0397 req-0311 req-0263 req-0352 req-0130 req-0135 req-0288 req-0095 req-0162 req-0319 req-0146
request_id,100,397,req-0397,v1,True,True,6,52,req-0288 FAILED req-0115 req-0397 req-0146 req-0319
request_id,100,397,req-0397,v2,True,True,6,54,req-0397 req-0288 req-0115 req-0146 req-0319 req-0162
request_id,100,397,req-0397,oracle,True,True,1,9,req-0397
request_id,100,210,req-0210,user_only,False,False,0,0,
request_id,100,210,req-0210,naive,True,True,21,189,req-0445 req-0110 req-0138 req-0340 req-0189 req-0431 req-0301 req-0096 req-0241 req-0391 req-0210 req-0064 req-0394 req-0115 req-0377 req-0434 req-0443 req-0368 req-0242 req-0126 req-0366
request_id,100,210,req-0210,v1,True,True,6,52,req-0443 FAILED req-0431 req-0210 req-0366 req-0126
request_id,100,210,req-0210,v2,True,True,6,54,req-0210 req-0443 req-0431 req-0366 req-0126 req-0242
request_id,100,210,req-0210,oracle,True,True,1,9,req-0210
request_id,100,157,req-0157,user_only,False,False,0,0,
request_id,100,157,req-0157,naive,True,True,21,189,req-0142 req-0078 req-0302 req-0201 req-0137 req-0223 req-0248 req-0215 req-0304 req-0342 req-0157 req-0307 req-0146 req-0291 req-0099 req-0300 req-0408 req-0257 req-0162 req-0202 req-0218
request_id,100,157,req-0157,v1,True,True,6,52,req-0408 FAILED req-0223 req-0157 req-0218 req-0202
request_id,100,157,req-0157,v2,True,True,6,54,req-0157 req-0408 req-0223 req-0218 req-0202 req-0162
request_id,100,157,req-0157,oracle,True,True,1,9,req-0157
request_id,100,253,req-0253,user_only,False,False,0,0,
request_id,100,253,req-0253,naive,True,True,21,189,req-0127 req-0271 req-0067 req-0413 req-0269 req-0419 req-0182 req-0211 req-0051 req-0086 req-0253 req-0089 req-0199 req-0241 req-0364 req-0437 req-0196 req-0261 req-0066 req-0344 req-0234
request_id,100,253,req-0253,v1,True,True,6,52,req-0196 FAILED req-0419 req-0253 req-0234 req-0344
request_id,100,253,req-0253,v2,True,True,6,54,req-0253 req-0196 req-0419 req-0234 req-0344 req-0066
request_id,100,253,req-0253,oracle,True,True,1,9,req-0253
request_id,100,178,req-0178,user_only,False,False,0,0,
request_id,100,178,req-0178,naive,True,True,21,189,req-0375 req-0323 req-0196 req-0219 req-0429 req-0441 req-0073 req-0064 req-0285 req-0374 req-0178 req-0188 req-0415 req-0317 req-0216 req-0109 req-0329 req-0050 req-0107 req-0156 req-0171
request_id,100,178,req-0178,v1,True,True,6,52,req-0329 FAILED req-0441 req-0178 req-0171 req-0156
request_id,100,178,req-0178,v2,True,True,6,54,req-0178 req-0329 req-0441 req-0171 req-0156 req-0107
request_id,100,178,req-0178,oracle,True,True,1,9,req-0178
request_id,100,228,req-0228,user_only,False,False,0,0,
request_id,100,228,req-0228,naive,True,True,21,189,req-0082 req-0241 req-0270 req-0071 req-0182 req-0442 req-0400 req-0064 req-0334 req-0415 req-0228 req-0151 req-0288 req-0312 req-0424 req-0086 req-0362 req-0219 req-0380 req-0449 req-0410
request_id,100,228,req-0228,v1,True,True,6,52,req-0362 FAILED req-0442 req-0228 req-0410 req-0449
request_id,100,228,req-0228,v2,True,True,6,54,req-0228 req-0362 req-0442 req-0410 req-0449 req-0380
request_id,100,228,req-0228,oracle,True,True,1,9,req-0228
request_id,100,232,req-0232,user_only,False,False,0,0,
request_id,100,232,req-0232,naive,True,True,21,189,req-0369 req-0266 req-0083 req-0057 req-0086 req-0081 req-0108 req-0345 req-0413 req-0222 req-0232 req-0415 req-0196 req-0184 req-0208 req-0244 req-0238 req-0102 req-0231 req-0300 req-0228
request_id,100,232,req-0232,v1,True,True,6,52,req-0238 FAILED req-0081 req-0232 req-0228 req-0300
request_id,100,232,req-0232,v2,True,True,6,54,req-0232 req-0238 req-0081 req-0228 req-0300 req-0231
request_id,100,232,req-0232,oracle,True,True,1,9,req-0232
request_id,100,242,req-0242,user_only,False,False,0,0,
request_id,100,242,req-0242,naive,True,True,21,189,req-0431 req-0393 req-0176 req-0367 req-0374 req-0376 req-0118 req-0438 req-0085 req-0075 req-0242 req-0137 req-0229 req-0198 req-0343 req-0432 req-0069 req-0372 req-0363 req-0134 req-0384
request_id,100,242,req-0242,v1,True,True,6,52,req-0069 FAILED req-0376 req-0242 req-0384 req-0134
request_id,100,242,req-0242,v2,True,True,6,54,req-0242 req-0069 req-0376 req-0384 req-0134 req-0363
request_id,100,242,req-0242,oracle,True,True,1,9,req-0242
request_id,100,431,req-0431,user_only,False,False,0,0,
request_id,100,431,req-0431,naive,True,True,21,189,req-0083 req-0331 req-0378 req-0308 req-0369 req-0427 req-0080 req-0195 req-0349 req-0359 req-0431 req-0219 req-0177 req-0088 req-0203 req-0141 req-0163 req-0298 req-0370 req-0167 req-0160
request_id,100,431,req-0431,v1,True,True,6,52,req-0163 FAILED req-0427 req-0431 req-0160 req-0167
request_id,100,431,req-0431,v2,True,True,6,54,req-0431 req-0163 req-0427 req-0160 req-0167 req-0370
request_id,100,431,req-0431,oracle,True,True,1,9,req-0431
request_id,100,376,req-0376,user_only,False,False,0,0,
request_id,100,376,req-0376,naive,True,True,21,189,req-0380 req-0245 req-0381 req-0339 req-0438 req-0277 req-0213 req-0099 req-0263 req-0318 req-0376 req-0217 req-0197 req-0122 req-0187 req-0286 req-0205 req-0185 req-0419 req-0310 req-0055
request_id,100,376,req-0376,v1,True,True,6,52,req-0205 FAILED req-0277 req-0376 req-0055 req-0310
request_id,100,376,req-0376,v2,True,True,6,54,req-0376 req-0205 req-0277 req-0055 req-0310 req-0419
request_id,100,376,req-0376,oracle,True,True,1,9,req-0376
request_id,100,89,req-0089,user_only,True,False,0,0,
request_id,100,89,req-0089,naive,True,True,21,189,req-0221 req-0349 req-0187 req-0361 req-0307 req-0073 req-0426 req-0244 req-0240 req-0238 req-0089 req-0318 req-0232 req-0274 req-0434 req-0447 req-0121 req-0437 req-0218 req-0143 req-0324
request_id,100,89,req-0089,v1,True,True,6,52,req-0121 FAILED req-0073 req-0089 req-0324 req-0143
request_id,100,89,req-0089,v2,True,True,6,54,req-0089 req-0121 req-0073 req-0324 req-0143 req-0218
request_id,100,89,req-0089,oracle,True,True,1,9,req-0089
request_id,100,420,req-0420,user_only,False,False,0,0,
request_id,100,420,req-0420,naive,True,True,21,189,req-0189 req-0215 req-0446 req-0272 req-0088 req-0316 req-0265 req-0411 req-0159 req-0183 req-0420 req-0064 req-0380 req-0226 req-0254 req-0091 req-0160 req-0240 req-0303 req-0235 req-0061
request_id,100,420,req-0420,v1,True,True,6,52,req-0160 FAILED req-0316 req-0420 req-0061 req-0235
request_id,100,420,req-0420,v2,True,True,6,54,req-0420 req-0160 req-0316 req-0061 req-0235 req-0303
request_id,100,420,req-0420,oracle,True,True,1,9,req-0420
request_id,100,224,req-0224,user_only,False,False,0,0,
request_id,100,224,req-0224,naive,True,True,21,189,req-0261 req-0350 req-0409 req-0196 req-0130 req-0263 req-0383 req-0248 req-0381 req-0369 req-0224 req-0327 req-0387 req-0111 req-0382 req-0207 req-0157 req-0176 req-0088 req-0289 req-0364
request_id,100,224,req-0224,v1,True,True,6,52,req-0157 FAILED req-0263 req-0224 req-0364 req-0289
request_id,100,224,req-0224,v2,True,True,6,54,req-0224 req-0157 req-0263 req-0364 req-0289 req-0088
request_id,100,224,req-0224,oracle,True,True,1,9,req-0224
request_id,100,95,req-0095,user_only,True,False,0,0,
request_id,100,95,req-0095,naive,True,True,21,189,req-0091 req-0190 req-0164 req-0405 req-0064 req-0302 req-0191 req-0286 req-0281 req-0278 req-0095 req-0248 req-0150 req-0395 req-0335 req-0316 req-0380 req-0257 req-0385 req-0341 req-0087
request_id,100,95,req-0095,v1,True,True,6,52,req-0380 FAILED req-0302 req-0095 req-0087 req-0341
request_id,100,95,req-0095,v2,True,True,6,54,req-0095 req-0380 req-0302 req-0087 req-0341 req-0385
request_id,100,95,req-0095,oracle,True,True,1,9,req-0095
request_id,100,335,req-0335,user_only,False,False,0,0,
request_id,100,335,req-0335,naive,True,True,21,189,req-0325 req-0055 req-0207 req-0430 req-0407 req-0189 req-0088 req-0316 req-0270 req-0084 req-0335 req-0168 req-0384 req-0179 req-0073 req-0268 req-0365 req-0375 req-0210 req-0266 req-0166
request_id,100,335,req-0335,v1,True,True,6,52,req-0365 FAILED req-0189 req-0335 req-0166 req-0266
request_id,100,335,req-0335,v2,True,True,6,54,req-0335 req-0365 req-0189 req-0166 req-0266 req-0210
request_id,100,335,req-0335,oracle,True,True,1,9,req-0335
request_id,100,325,req-0325,user_only,False,False,0,0,
request_id,100,325,req-0325,naive,True,True,21,189,req-0103 req-0188 req-0146 req-0349 req-0402 req-0234 req-0191 req-0424 req-0256 req-0439 req-0325 req-0106 req-0311 req-0080 req-0278 req-0441 req-0229 req-0245 req-0274 req-0322 req-0107
request_id,100,325,req-0325,v1,True,True,6,52,req-0229 FAILED req-0234 req-0325 req-0107 req-0322
request_id,100,325,req-0325,v2,True,True,6,54,req-0325 req-0229 req-0234 req-0107 req-0322 req-0274
request_id,100,325,req-0325,oracle,True,True,1,9,req-0325
request_id,100,199,req-0199,user_only,False,False,0,0,
request_id,100,199,req-0199,naive,True,True,21,189,req-0304 req-0124 req-0404 req-0193 req-0408 req-0249 req-0255 req-0202 req-0089 req-0137 req-0199 req-0125 req-0056 req-0144 req-0307 req-0187 req-0331 req-0223 req-0115 req-0393 req-0221
request_id,100,199,req-0199,v1,True,True,6,52,req-0331 FAILED req-0249 req-0199 req-0221 req-0393
request_id,100,199,req-0199,v2,True,True,6,54,req-0199 req-0331 req-0249 req-0221 req-0393 req-0115
request_id,100,199,req-0199,oracle,True,True,1,9,req-0199
request_id,100,284,req-0284,user_only,False,False,0,0,
request_id,100,284,req-0284,naive,True,True,21,189,req-0334 req-0061 req-0130 req-0396 req-0238 req-0371 req-0289 req-0441 req-0365 req-0397 req-0284 req-0277 req-0324 req-0082 req-0299 req-0243 req-0315 req-0313 req-0303 req-0312 req-0179
request_id,100,284,req-0284,v1,True,True,6,52,req-0315 FAILED req-0371 req-0284 req-0179 req-0312
request_id,100,284,req-0284,v2,True,True,6,54,req-0284 req-0315 req-0371 req-0179 req-0312 req-0303
request_id,100,284,req-0284,oracle,True,True,1,9,req-0284
request_id,100,122,req-0122,user_only,False,False,0,0,
request_id,100,122,req-0122,naive,True,True,21,189,req-0343 req-0345 req-0351 req-0257 req-0446 req-0392 req-0111 req-0301 req-0355 req-0285 req-0122 req-0327 req-0382 req-0227 req-0213 req-0302 req-0224 req-0261 req-0270 req-0055 req-0434
request_id,100,122,req-0122,v1,True,True,6,52,req-0224 FAILED req-0392 req-0122 req-0434 req-0055
request_id,100,122,req-0122,v2,True,True,6,54,req-0122 req-0224 req-0392 req-0434 req-0055 req-0270
request_id,100,122,req-0122,oracle,True,True,1,9,req-0122
test_name,10,110,test_case_0110,user_only,False,False,0,0,
test_name,10,110,test_case_0110,naive,True,True,21,315,test_case_0241 test_case_0235 test_case_0441 test_case_0200 test_case_0379 test_case_0321 test_case_0148 test_case_0422 test_case_0391 test_case_0409 test_case_0110 test_case_0398 test_case_0411 test_case_0429 test_case_0378 test_case_0261 test_case_0301 test_case_0080 test_case_0327 test_case_0330 test_case_0421
test_name,10,110,test_case_0110,v1,True,True,6,82,test_case_0301 FAILED test_case_0321 test_case_0110 test_case_0421 test_case_0330
test_name,10,110,test_case_0110,v2,True,True,6,90,test_case_0110 test_case_0301 test_case_0321 test_case_0421 test_case_0330 test_case_0327
test_name,10,110,test_case_0110,oracle,True,True,1,15,test_case_0110
test_name,10,213,test_case_0213,user_only,False,False,0,0,
test_name,10,213,test_case_0213,naive,False,True,21,315,test_case_0303 test_case_0308 test_case_0224 test_case_0146 test_case_0085 test_case_0251 test_case_0145 test_case_0183 test_case_0448 test_case_0205 test_case_0213 test_case_0316 test_case_0284 test_case_0084 test_case_0301 test_case_0282 test_case_0317 test_case_0152 test_case_0259 test_case_0375 test_case_0192
test_name,10,213,test_case_0213,v1,True,True,6,82,test_case_0317 FAILED test_case_0251 test_case_0213 test_case_0192 test_case_0375
test_name,10,213,test_case_0213,v2,True,True,6,90,test_case_0213 test_case_0317 test_case_0251 test_case_0192 test_case_0375 test_case_0259
test_name,10,213,test_case_0213,oracle,True,True,1,15,test_case_0213
test_name,10,307,test_case_0307,user_only,False,False,0,0,
test_name,10,307,test_case_0307,naive,False,True,21,315,test_case_0071 test_case_0152 test_case_0121 test_case_0056 test_case_0086 test_case_0341 test_case_0094 test_case_0276 test_case_0137 test_case_0120 test_case_0307 test_case_0366 test_case_0077 test_case_0154 test_case_0443 test_case_0217 test_case_0283 test_case_0224 test_case_0066 test_case_0210 test_case_0322
test_name,10,307,test_case_0307,v1,True,True,6,82,test_case_0283 FAILED test_case_0341 test_case_0307 test_case_0322 test_case_0210
test_name,10,307,test_case_0307,v2,True,True,6,90,test_case_0307 test_case_0283 test_case_0341 test_case_0322 test_case_0210 test_case_0066
test_name,10,307,test_case_0307,oracle,True,True,1,15,test_case_0307
test_name,10,312,test_case_0312,user_only,False,False,0,0,
test_name,10,312,test_case_0312,naive,False,True,21,315,test_case_0071 test_case_0293 test_case_0301 test_case_0289 test_case_0309 test_case_0222 test_case_0406 test_case_0204 test_case_0230 test_case_0351 test_case_0312 test_case_0094 test_case_0065 test_case_0106 test_case_0247 test_case_0349 test_case_0345 test_case_0141 test_case_0363 test_case_0159 test_case_0429
test_name,10,312,test_case_0312,v1,True,True,6,82,test_case_0345 FAILED test_case_0222 test_case_0312 test_case_0429 test_case_0159
test_name,10,312,test_case_0312,v2,True,True,6,90,test_case_0312 test_case_0345 test_case_0222 test_case_0429 test_case_0159 test_case_0363
test_name,10,312,test_case_0312,oracle,True,True,1,15,test_case_0312
test_name,10,381,test_case_0381,user_only,False,False,0,0,
test_name,10,381,test_case_0381,naive,False,True,21,315,test_case_0427 test_case_0321 test_case_0147 test_case_0121 test_case_0278 test_case_0095 test_case_0296 test_case_0193 test_case_0210 test_case_0444 test_case_0381 test_case_0113 test_case_0425 test_case_0190 test_case_0158 test_case_0213 test_case_0111 test_case_0110 test_case_0216 test_case_0344 test_case_0156
test_name,10,381,test_case_0381,v1,True,True,6,82,test_case_0111 FAILED test_case_0095 test_case_0381 test_case_0156 test_case_0344
test_name,10,381,test_case_0381,v2,True,True,6,90,test_case_0381 test_case_0111 test_case_0095 test_case_0156 test_case_0344 test_case_0216
test_name,10,381,test_case_0381,oracle,True,True,1,15,test_case_0381
test_name,10,102,test_case_0102,user_only,False,False,0,0,
test_name,10,102,test_case_0102,naive,True,True,21,315,test_case_0306 test_case_0376 test_case_0314 test_case_0282 test_case_0147 test_case_0257 test_case_0258 test_case_0297 test_case_0446 test_case_0407 test_case_0102 test_case_0207 test_case_0298 test_case_0088 test_case_0208 test_case_0290 test_case_0151 test_case_0121 test_case_0165 test_case_0096 test_case_0135
test_name,10,102,test_case_0102,v1,True,True,6,82,test_case_0151 FAILED test_case_0257 test_case_0102 test_case_0135 test_case_0096
test_name,10,102,test_case_0102,v2,True,True,6,90,test_case_0102 test_case_0151 test_case_0257 test_case_0135 test_case_0096 test_case_0165
test_name,10,102,test_case_0102,oracle,True,True,1,15,test_case_0102
test_name,10,164,test_case_0164,user_only,False,False,0,0,
test_name,10,164,test_case_0164,naive,True,True,21,315,test_case_0438 test_case_0189 test_case_0240 test_case_0119 test_case_0443 test_case_0332 test_case_0300 test_case_0296 test_case_0108 test_case_0166 test_case_0164 test_case_0138 test_case_0423 test_case_0280 test_case_0179 test_case_0056 test_case_0202 test_case_0165 test_case_0070 test_case_0343 test_case_0449
test_name,10,164,test_case_0164,v1,True,True,6,82,test_case_0202 FAILED test_case_0332 test_case_0164 test_case_0449 test_case_0343
test_name,10,164,test_case_0164,v2,True,True,6,90,test_case_0164 test_case_0202 test_case_0332 test_case_0449 test_case_0343 test_case_0070
test_name,10,164,test_case_0164,oracle,True,True,1,15,test_case_0164
test_name,10,357,test_case_0357,user_only,False,False,0,0,
test_name,10,357,test_case_0357,naive,False,True,21,315,test_case_0262 test_case_0192 test_case_0138 test_case_0316 test_case_0131 test_case_0208 test_case_0155 test_case_0112 test_case_0203 test_case_0158 test_case_0357 test_case_0150 test_case_0222 test_case_0345 test_case_0097 test_case_0312 test_case_0441 test_case_0310 test_case_0101 test_case_0377 test_case_0198
test_name,10,357,test_case_0357,v1,True,True,6,82,test_case_0441 FAILED test_case_0208 test_case_0357 test_case_0198 test_case_0377
test_name,10,357,test_case_0357,v2,True,True,6,90,test_case_0357 test_case_0441 test_case_0208 test_case_0198 test_case_0377 test_case_0101
test_name,10,357,test_case_0357,oracle,True,True,1,15,test_case_0357
test_name,10,368,test_case_0368,user_only,False,False,0,0,
test_name,10,368,test_case_0368,naive,False,True,21,315,test_case_0407 test_case_0365 test_case_0220 test_case_0292 test_case_0194 test_case_0436 test_case_0199 test_case_0087 test_case_0217 test_case_0324 test_case_0368 test_case_0245 test_case_0252 test_case_0136 test_case_0384 test_case_0291 test_case_0088 test_case_0119 test_case_0236 test_case_0405 test_case_0126
test_name,10,368,test_case_0368,v1,True,True,6,82,test_case_0088 FAILED test_case_0436 test_case_0368 test_case_0126 test_case_0405
test_name,10,368,test_case_0368,v2,True,True,6,90,test_case_0368 test_case_0088 test_case_0436 test_case_0126 test_case_0405 test_case_0236
test_name,10,368,test_case_0368,oracle,True,True,1,15,test_case_0368
test_name,10,334,test_case_0334,user_only,False,False,0,0,
test_name,10,334,test_case_0334,naive,False,True,21,315,test_case_0062 test_case_0419 test_case_0414 test_case_0202 test_case_0376 test_case_0123 test_case_0252 test_case_0238 test_case_0085 test_case_0090 test_case_0334 test_case_0398 test_case_0399 test_case_0416 test_case_0248 test_case_0142 test_case_0251 test_case_0370 test_case_0223 test_case_0327 test_case_0170
test_name,10,334,test_case_0334,v1,True,True,6,82,test_case_0251 FAILED test_case_0123 test_case_0334 test_case_0170 test_case_0327
test_name,10,334,test_case_0334,v2,True,True,6,90,test_case_0334 test_case_0251 test_case_0123 test_case_0170 test_case_0327 test_case_0223
test_name,10,334,test_case_0334,oracle,True,True,1,15,test_case_0334
test_name,10,265,test_case_0265,user_only,False,False,0,0,
test_name,10,265,test_case_0265,naive,False,True,21,315,test_case_0233 test_case_0433 test_case_0364 test_case_0080 test_case_0140 test_case_0292 test_case_0088 test_case_0074 test_case_0415 test_case_0234 test_case_0265 test_case_0124 test_case_0327 test_case_0447 test_case_0253 test_case_0231 test_case_0430 test_case_0348 test_case_0206 test_case_0270 test_case_0060
test_name,10,265,test_case_0265,v1,True,True,6,82,test_case_0430 FAILED test_case_0292 test_case_0265 test_case_0060 test_case_0270
test_name,10,265,test_case_0265,v2,True,True,6,90,test_case_0265 test_case_0430 test_case_0292 test_case_0060 test_case_0270 test_case_0206
test_name,10,265,test_case_0265,oracle,True,True,1,15,test_case_0265
test_name,10,343,test_case_0343,user_only,False,False,0,0,
test_name,10,343,test_case_0343,naive,False,True,21,315,test_case_0215 test_case_0227 test_case_0097 test_case_0373 test_case_0311 test_case_0163 test_case_0076 test_case_0059 test_case_0372 test_case_0068 test_case_0343 test_case_0281 test_case_0084 test_case_0209 test_case_0247 test_case_0217 test_case_0236 test_case_0218 test_case_0280 test_case_0443 test_case_0141
test_name,10,343,test_case_0343,v1,True,True,6,82,test_case_0236 FAILED test_case_0163 test_case_0343 test_case_0141 test_case_0443
test_name,10,343,test_case_0343,v2,True,True,6,90,test_case_0343 test_case_0236 test_case_0163 test_case_0141 test_case_0443 test_case_0280
test_name,10,343,test_case_0343,oracle,True,True,1,15,test_case_0343
test_name,10,330,test_case_0330,user_only,False,False,0,0,
test_name,10,330,test_case_0330,naive,False,True,21,315,test_case_0410 test_case_0136 test_case_0155 test_case_0186 test_case_0317 test_case_0324 test_case_0168 test_case_0074 test_case_0437 test_case_0137 test_case_0330 test_case_0126 test_case_0254 test_case_0418 test_case_0225 test_case_0181 test_case_0364 test_case_0067 test_case_0315 test_case_0352 test_case_0162
test_name,10,330,test_case_0330,v1,True,True,6,82,test_case_0364 FAILED test_case_0324 test_case_0330 test_case_0162 test_case_0352
test_name,10,330,test_case_0330,v2,True,True,6,90,test_case_0330 test_case_0364 test_case_0324 test_case_0162 test_case_0352 test_case_0315
test_name,10,330,test_case_0330,oracle,True,True,1,15,test_case_0330
test_name,10,424,test_case_0424,user_only,False,False,0,0,
test_name,10,424,test_case_0424,naive,False,True,21,315,test_case_0170 test_case_0307 test_case_0186 test_case_0156 test_case_0050 test_case_0224 test_case_0353 test_case_0417 test_case_0051 test_case_0405 test_case_0424 test_case_0267 test_case_0108 test_case_0365 test_case_0115 test_case_0123 test_case_0275 test_case_0239 test_case_0216 test_case_0169 test_case_0218
test_name,10,424,test_case_0424,v1,True,True,6,82,test_case_0275 FAILED test_case_0224 test_case_0424 test_case_0218 test_case_0169
test_name,10,424,test_case_0424,v2,True,True,6,90,test_case_0424 test_case_0275 test_case_0224 test_case_0218 test_case_0169 test_case_0216
test_name,10,424,test_case_0424,oracle,True,True,1,15,test_case_0424
test_name,10,447,test_case_0447,user_only,False,False,0,0,
test_name,10,447,test_case_0447,naive,False,True,21,315,test_case_0209 test_case_0336 test_case_0172 test_case_0184 test_case_0195 test_case_0305 test_case_0187 test_case_0207 test_case_0388 test_case_0229 test_case_0447 test_case_0090 test_case_0357 test_case_0339 test_case_0213 test_case_0423 test_case_0234 test_case_0367 test_case_0375 test_case_0147 test_case_0426
test_name,10,447,test_case_0447,v1,True,True,6,82,test_case_0234 FAILED test_case_0305 test_case_0447 test_case_0426 test_case_0147
test_name,10,447,test_case_0447,v2,True,True,6,90,test_case_0447 test_case_0234 test_case_0305 test_case_0426 test_case_0147 test_case_0375
test_name,10,447,test_case_0447,oracle,True,True,1,15,test_case_0447
test_name,10,443,test_case_0443,user_only,False,False,0,0,
test_name,10,443,test_case_0443,naive,False,True,21,315,test_case_0361 test_case_0134 test_case_0355 test_case_0326 test_case_0094 test_case_0287 test_case_0073 test_case_0438 test_case_0429 test_case_0149 test_case_0443 test_case_0414 test_case_0258 test_case_0096 test_case_0373 test_case_0147 test_case_0403 test_case_0334 test_case_0276 test_case_0158 test_case_0055
test_name,10,443,test_case_0443,v1,True,True,6,82,test_case_0403 FAILED test_case_0287 test_case_0443 test_case_0055 test_case_0158
test_name,10,443,test_case_0443,v2,True,True,6,90,test_case_0443 test_case_0403 test_case_0287 test_case_0055 test_case_0158 test_case_0276
test_name,10,443,test_case_0443,oracle,True,True,1,15,test_case_0443
test_name,10,301,test_case_0301,user_only,False,False,0,0,
test_name,10,301,test_case_0301,naive,False,True,21,315,test_case_0386 test_case_0176 test_case_0279 test_case_0236 test_case_0123 test_case_0261 test_case_0312 test_case_0053 test_case_0211 test_case_0303 test_case_0301 test_case_0318 test_case_0441 test_case_0258 test_case_0076 test_case_0217 test_case_0426 test_case_0437 test_case_0108 test_case_0400 test_case_0381
test_name,10,301,test_case_0301,v1,True,True,6,82,test_case_0426 FAILED test_case_0261 test_case_0301 test_case_0381 test_case_0400
test_name,10,301,test_case_0301,v2,True,True,6,90,test_case_0301 test_case_0426 test_case_0261 test_case_0381 test_case_0400 test_case_0108
test_name,10,301,test_case_0301,oracle,True,True,1,15,test_case_0301
test_name,10,434,test_case_0434,user_only,False,False,0,0,
test_name,10,434,test_case_0434,naive,False,True,21,315,test_case_0333 test_case_0161 test_case_0447 test_case_0433 test_case_0388 test_case_0292 test_case_0257 test_case_0108 test_case_0124 test_case_0224 test_case_0434 test_case_0172 test_case_0347 test_case_0335 test_case_0413 test_case_0144 test_case_0225 test_case_0216 test_case_0403 test_case_0171 test_case_0282
test_name,10,434,test_case_0434,v1,True,True,6,82,test_case_0225 FAILED test_case_0292 test_case_0434 test_case_0282 test_case_0171
test_name,10,434,test_case_0434,v2,True,True,6,90,test_case_0434 test_case_0225 test_case_0292 test_case_0282 test_case_0171 test_case_0403
test_name,10,434,test_case_0434,oracle,True,True,1,15,test_case_0434
test_name,10,445,test_case_0445,user_only,False,False,0,0,
test_name,10,445,test_case_0445,naive,False,True,21,315,test_case_0068 test_case_0422 test_case_0427 test_case_0291 test_case_0148 test_case_0063 test_case_0306 test_case_0054 test_case_0341 test_case_0074 test_case_0445 test_case_0325 test_case_0246 test_case_0130 test_case_0278 test_case_0289 test_case_0165 test_case_0117 test_case_0265 test_case_0190 test_case_0192
test_name,10,445,test_case_0445,v1,True,True,6,82,test_case_0165 FAILED test_case_0063 test_case_0445 test_case_0192 test_case_0190
test_name,10,445,test_case_0445,v2,True,True,6,90,test_case_0445 test_case_0165 test_case_0063 test_case_0192 test_case_0190 test_case_0265
test_name,10,445,test_case_0445,oracle,True,True,1,15,test_case_0445
test_name,10,350,test_case_0350,user_only,False,False,0,0,
test_name,10,350,test_case_0350,naive,False,True,21,315,test_case_0217 test_case_0131 test_case_0302 test_case_0200 test_case_0165 test_case_0265 test_case_0376 test_case_0332 test_case_0447 test_case_0055 test_case_0350 test_case_0186 test_case_0155 test_case_0111 test_case_0073 test_case_0198 test_case_0406 test_case_0405 test_case_0102 test_case_0300 test_case_0130
test_name,10,350,test_case_0350,v1,True,True,6,82,test_case_0406 FAILED test_case_0265 test_case_0350 test_case_0130 test_case_0300
test_name,10,350,test_case_0350,v2,True,True,6,90,test_case_0350 test_case_0406 test_case_0265 test_case_0130 test_case_0300 test_case_0102
test_name,10,350,test_case_0350,oracle,True,True,1,15,test_case_0350
test_name,10,275,test_case_0275,user_only,False,False,0,0,
test_name,10,275,test_case_0275,naive,False,True,21,315,test_case_0257 test_case_0095 test_case_0191 test_case_0402 test_case_0399 test_case_0119 test_case_0136 test_case_0221 test_case_0102 test_case_0214 test_case_0275 test_case_0126 test_case_0088 test_case_0252 test_case_0381 test_case_0223 test_case_0298 test_case_0254 test_case_0279 test_case_0430 test_case_0233
test_name,10,275,test_case_0275,v1,True,True,6,82,test_case_0298 FAILED test_case_0119 test_case_0275 test_case_0233 test_case_0430
test_name,10,275,test_case_0275,v2,True,True,6,90,test_case_0275 test_case_0298 test_case_0119 test_case_0233 test_case_0430 test_case_0279
test_name,10,275,test_case_0275,oracle,True,True,1,15,test_case_0275
test_name,10,172,test_case_0172,user_only,False,False,0,0,
test_name,10,172,test_case_0172,naive,True,True,21,315,test_case_0389 test_case_0128 test_case_0259 test_case_0060 test_case_0237 test_case_0338 test_case_0397 test_case_0415 test_case_0094 test_case_0319 test_case_0172 test_case_0311 test_case_0430 test_case_0228 test_case_0327 test_case_0450 test_case_0346 test_case_0445 test_case_0149 test_case_0316 test_case_0162
test_name,10,172,test_case_0172,v1,True,True,6,82,test_case_0346 FAILED test_case_0338 test_case_0172 test_case_0162 test_case_0316
test_name,10,172,test_case_0172,v2,True,True,6,90,test_case_0172 test_case_0346 test_case_0338 test_case_0162 test_case_0316 test_case_0149
test_name,10,172,test_case_0172,oracle,True,True,1,15,test_case_0172
test_name,10,51,test_case_0051,user_only,False,False,0,0,
test_name,10,51,test_case_0051,naive,True,True,21,315,test_case_0131 test_case_0351 test_case_0356 test_case_0427 test_case_0065 test_case_0279 test_case_0294 test_case_0070 test_case_0359 test_case_0099 test_case_0051 test_case_0165 test_case_0095 test_case_0280 test_case_0226 test_case_0306 test_case_0250 test_case_0075 test_case_0112 test_case_0253 test_case_0355
test_name,10,51,test_case_0051,v1,True,True,6,82,test_case_0250 FAILED test_case_0279 test_case_0051 test_case_0355 test_case_0253
test_name,10,51,test_case_0051,v2,True,True,6,90,test_case_0051 test_case_0250 test_case_0279 test_case_0355 test_case_0253 test_case_0112
test_name,10,51,test_case_0051,oracle,True,True,1,15,test_case_0051
test_name,10,364,test_case_0364,user_only,False,False,0,0,
test_name,10,364,test_case_0364,naive,False,True,21,315,test_case_0243 test_case_0297 test_case_0247 test_case_0205 test_case_0187 test_case_0279 test_case_0354 test_case_0281 test_case_0311 test_case_0173 test_case_0364 test_case_0305 test_case_0270 test_case_0308 test_case_0347 test_case_0391 test_case_0446 test_case_0110 test_case_0288 test_case_0427 test_case_0282
test_name,10,364,test_case_0364,v1,True,True,6,82,test_case_0446 FAILED test_case_0279 test_case_0364 test_case_0282 test_case_0427
test_name,10,364,test_case_0364,v2,True,True,6,90,test_case_0364 test_case_0446 test_case_0279 test_case_0282 test_case_0427 test_case_0288
test_name,10,364,test_case_0364,oracle,True,True,1,15,test_case_0364
test_name,10,91,test_case_0091,user_only,False,False,0,0,
test_name,10,91,test_case_0091,naive,True,True,21,315,test_case_0413 test_case_0272 test_case_0411 test_case_0081 test_case_0147 test_case_0199 test_case_0115 test_case_0148 test_case_0250 test_case_0211 test_case_0091 test_case_0412 test_case_0346 test_case_0265 test_case_0410 test_case_0244 test_case_0072 test_case_0143 test_case_0274 test_case_0395 test_case_0331
test_name,10,91,test_case_0091,v1,True,True,6,82,test_case_0072 FAILED test_case_0199 test_case_0091 test_case_0331 test_case_0395
test_name,10,91,test_case_0091,v2,True,True,6,90,test_case_0091 test_case_0072 test_case_0199 test_case_0331 test_case_0395 test_case_0274
test_name,10,91,test_case_0091,oracle,True,True,1,15,test_case_0091
test_name,10,106,test_case_0106,user_only,False,False,0,0,
test_name,10,106,test_case_0106,naive,True,True,21,315,test_case_0177 test_case_0275 test_case_0222 test_case_0187 test_case_0432 test_case_0286 test_case_0193 test_case_0101 test_case_0219 test_case_0195 test_case_0106 test_case_0303 test_case_0294 test_case_0391 test_case_0147 test_case_0162 test_case_0375 test_case_0285 test_case_0441 test_case_0392 test_case_0438
test_name,10,106,test_case_0106,v1,True,True,6,82,test_case_0375 FAILED test_case_0286 test_case_0106 test_case_0438 test_case_0392
test_name,10,106,test_case_0106,v2,True,True,6,90,test_case_0106 test_case_0375 test_case_0286 test_case_0438 test_case_0392 test_case_0441
test_name,10,106,test_case_0106,oracle,True,True,1,15,test_case_0106
test_name,10,197,test_case_0197,user_only,False,False,0,0,
test_name,10,197,test_case_0197,naive,False,True,21,315,test_case_0169 test_case_0267 test_case_0393 test_case_0250 test_case_0402 test_case_0146 test_case_0057 test_case_0207 test_case_0181 test_case_0252 test_case_0197 test_case_0098 test_case_0337 test_case_0097 test_case_0111 test_case_0310 test_case_0170 test_case_0158 test_case_0100 test_case_0294 test_case_0325
test_name,10,197,test_case_0197,v1,True,True,6,82,test_case_0170 FAILED test_case_0146 test_case_0197 test_case_0325 test_case_0294
test_name,10,197,test_case_0197,v2,True,True,6,90,test_case_0197 test_case_0170 test_case_0146 test_case_0325 test_case_0294 test_case_0100
test_name,10,197,test_case_0197,oracle,True,True,1,15,test_case_0197
test_name,10,100,test_case_0100,user_only,False,False,0,0,
test_name,10,100,test_case_0100,naive,True,True,21,315,test_case_0145 test_case_0076 test_case_0214 test_case_0210 test_case_0053 test_case_0392 test_case_0431 test_case_0378 test_case_0209 test_case_0345 test_case_0100 test_case_0108 test_case_0241 test_case_0162 test_case_0143 test_case_0103 test_case_0263 test_case_0309 test_case_0297 test_case_0060 test_case_0290
test_name,10,100,test_case_0100,v1,True,True,6,82,test_case_0263 FAILED test_case_0392 test_case_0100 test_case_0290 test_case_0060
test_name,10,100,test_case_0100,v2,True,True,6,90,test_case_0100 test_case_0263 test_case_0392 test_case_0290 test_case_0060 test_case_0297
test_name,10,100,test_case_0100,oracle,True,True,1,15,test_case_0100
test_name,10,280,test_case_0280,user_only,False,False,0,0,
test_name,10,280,test_case_0280,naive,False,True,21,315,test_case_0308 test_case_0413 test_case_0438 test_case_0197 test_case_0184 test_case_0406 test_case_0390 test_case_0152 test_case_0381 test_case_0429 test_case_0280 test_case_0093 test_case_0283 test_case_0168 test_case_0264 test_case_0296 test_case_0229 test_case_0095 test_case_0145 test_case_0442 test_case_0305
test_name,10,280,test_case_0280,v1,True,True,6,82,test_case_0229 FAILED test_case_0406 test_case_0280 test_case_0305 test_case_0442
test_name,10,280,test_case_0280,v2,True,True,6,90,test_case_0280 test_case_0229 test_case_0406 test_case_0305 test_case_0442 test_case_0145
test_name,10,280,test_case_0280,oracle,True,True,1,15,test_case_0280
test_name,10,55,test_case_0055,user_only,False,False,0,0,
test_name,10,55,test_case_0055,naive,True,True,21,315,test_case_0401 test_case_0132 test_case_0242 test_case_0230 test_case_0373 test_case_0216 test_case_0422 test_case_0398 test_case_0270 test_case_0217 test_case_0055 test_case_0108 test_case_0276 test_case_0209 test_case_0436 test_case_0306 test_case_0116 test_case_0423 test_case_0263 test_case_0071 test_case_0077
test_name,10,55,test_case_0055,v1,True,True,6,82,test_case_0116 FAILED test_case_0216 test_case_0055 test_case_0077 test_case_0071
test_name,10,55,test_case_0055,v2,True,True,6,90,test_case_0055 test_case_0116 test_case_0216 test_case_0077 test_case_0071 test_case_0263
test_name,10,55,test_case_0055,oracle,True,True,1,15,test_case_0055
test_name,10,400,test_case_0400,user_only,False,False,0,0,
test_name,10,400,test_case_0400,naive,False,True,21,315,test_case_0093 test_case_0121 test_case_0080 test_case_0386 test_case_0139 test_case_0249 test_case_0145 test_case_0276 test_case_0355 test_case_0286 test_case_0400 test_case_0156 test_case_0264 test_case_0278 test_case_0268 test_case_0250 test_case_0362 test_case_0296 test_case_0087 test_case_0243 test_case_0353
test_name,10,400,test_case_0400,v1,True,True,6,82,test_case_0362 FAILED test_case_0249 test_case_0400 test_case_0353 test_case_0243
test_name,10,400,test_case_0400,v2,True,True,6,90,test_case_0400 test_case_0362 test_case_0249 test_case_0353 test_case_0243 test_case_0087
test_name,10,400,test_case_0400,oracle,True,True,1,15,test_case_0400
test_name,10,397,test_case_0397,user_only,False,False,0,0,
test_name,10,397,test_case_0397,naive,False,True,21,315,test_case_0386 test_case_0297 test_case_0442 test_case_0150 test_case_0086 test_case_0269 test_case_0189 test_case_0329 test_case_0340 test_case_0100 test_case_0397 test_case_0312 test_case_0394 test_case_0192 test_case_0065 test_case_0366 test_case_0355 test_case_0157 test_case_0432 test_case_0448 test_case_0291
test_name,10,397,test_case_0397,v1,True,True,6,82,test_case_0355 FAILED test_case_0269 test_case_0397 test_case_0291 test_case_0448
test_name,10,397,test_case_0397,v2,True,True,6,90,test_case_0397 test_case_0355 test_case_0269 test_case_0291 test_case_0448 test_case_0432
test_name,10,397,test_case_0397,oracle,True,True,1,15,test_case_0397
test_name,10,210,test_case_0210,user_only,False,False,0,0,
test_name,10,210,test_case_0210,naive,False,True,21,315,test_case_0340 test_case_0404 test_case_0290 test_case_0198 test_case_0363 test_case_0243 test_case_0132 test_case_0119 test_case_0205 test_case_0234 test_case_0210 test_case_0427 test_case_0379 test_case_0370 test_case_0055 test_case_0073 test_case_0179 test_case_0279 test_case_0108 test_case_0450 test_case_0333
test_name,10,210,test_case_0210,v1,True,True,6,82,test_case_0179 FAILED test_case_0243 test_case_0210 test_case_0333 test_case_0450
test_name,10,210,test_case_0210,v2,True,True,6,90,test_case_0210 test_case_0179 test_case_0243 test_case_0333 test_case_0450 test_case_0108
test_name,10,210,test_case_0210,oracle,True,True,1,15,test_case_0210
test_name,10,157,test_case_0157,user_only,False,False,0,0,
test_name,10,157,test_case_0157,naive,True,True,21,315,test_case_0210 test_case_0381 test_case_0430 test_case_0331 test_case_0065 test_case_0305 test_case_0332 test_case_0132 test_case_0261 test_case_0360 test_case_0157 test_case_0227 test_case_0234 test_case_0068 test_case_0206 test_case_0161 test_case_0356 test_case_0449 test_case_0304 test_case_0180 test_case_0203
test_name,10,157,test_case_0157,v1,True,True,6,82,test_case_0356 FAILED test_case_0305 test_case_0157 test_case_0203 test_case_0180
test_name,10,157,test_case_0157,v2,True,True,6,90,test_case_0157 test_case_0356 test_case_0305 test_case_0203 test_case_0180 test_case_0304
test_name,10,157,test_case_0157,oracle,True,True,1,15,test_case_0157
test_name,10,253,test_case_0253,user_only,False,False,0,0,
test_name,10,253,test_case_0253,naive,False,True,21,315,test_case_0057 test_case_0126 test_case_0229 test_case_0135 test_case_0101 test_case_0342 test_case_0267 test_case_0073 test_case_0295 test_case_0274 test_case_0253 test_case_0175 test_case_0324 test_case_0210 test_case_0160 test_case_0228 test_case_0106 test_case_0405 test_case_0355 test_case_0198 test_case_0292
test_name,10,253,test_case_0253,v1,True,True,6,82,test_case_0106 FAILED test_case_0342 test_case_0253 test_case_0292 test_case_0198
test_name,10,253,test_case_0253,v2,True,True,6,90,test_case_0253 test_case_0106 test_case_0342 test_case_0292 test_case_0198 test_case_0355
test_name,10,253,test_case_0253,oracle,True,True,1,15,test_case_0253
test_name,10,178,test_case_0178,user_only,False,False,0,0,
test_name,10,178,test_case_0178,naive,True,True,21,315,test_case_0074 test_case_0321 test_case_0281 test_case_0260 test_case_0094 test_case_0422 test_case_0170 test_case_0297 test_case_0223 test_case_0072 test_case_0178 test_case_0180 test_case_0441 test_case_0357 test_case_0393 test_case_0345 test_case_0300 test_case_0405 test_case_0353 test_case_0104 test_case_0254
test_name,10,178,test_case_0178,v1,True,True,6,82,test_case_0300 FAILED test_case_0422 test_case_0178 test_case_0254 test_case_0104
test_name,10,178,test_case_0178,v2,True,True,6,90,test_case_0178 test_case_0300 test_case_0422 test_case_0254 test_case_0104 test_case_0353
test_name,10,178,test_case_0178,oracle,True,True,1,15,test_case_0178
test_name,10,228,test_case_0228,user_only,False,False,0,0,
test_name,10,228,test_case_0228,naive,False,True,21,315,test_case_0136 test_case_0389 test_case_0118 test_case_0250 test_case_0409 test_case_0142 test_case_0197 test_case_0341 test_case_0143 test_case_0108 test_case_0228 test_case_0279 test_case_0381 test_case_0063 test_case_0282 test_case_0333 test_case_0309 test_case_0423 test_case_0304 test_case_0202 test_case_0223
test_name,10,228,test_case_0228,v1,True,True,6,82,test_case_0309 FAILED test_case_0142 test_case_0228 test_case_0223 test_case_0202
test_name,10,228,test_case_0228,v2,True,True,6,90,test_case_0228 test_case_0309 test_case_0142 test_case_0223 test_case_0202 test_case_0304
test_name,10,228,test_case_0228,oracle,True,True,1,15,test_case_0228
test_name,10,232,test_case_0232,user_only,False,False,0,0,
test_name,10,232,test_case_0232,naive,False,True,21,315,test_case_0430 test_case_0184 test_case_0344 test_case_0395 test_case_0117 test_case_0331 test_case_0389 test_case_0432 test_case_0372 test_case_0406 test_case_0232 test_case_0215 test_case_0115 test_case_0118 test_case_0134 test_case_0381 test_case_0225 test_case_0062 test_case_0181 test_case_0168 test_case_0435
test_name,10,232,test_case_0232,v1,True,True,6,82,test_case_0225 FAILED test_case_0331 test_case_0232 test_case_0435 test_case_0168
test_name,10,232,test_case_0232,v2,True,True,6,90,test_case_0232 test_case_0225 test_case_0331 test_case_0435 test_case_0168 test_case_0181
test_name,10,232,test_case_0232,oracle,True,True,1,15,test_case_0232
test_name,10,242,test_case_0242,user_only,False,False,0,0,
test_name,10,242,test_case_0242,naive,False,True,21,315,test_case_0217 test_case_0093 test_case_0346 test_case_0275 test_case_0267 test_case_0072 test_case_0188 test_case_0150 test_case_0196 test_case_0156 test_case_0242 test_case_0334 test_case_0095 test_case_0277 test_case_0129 test_case_0092 test_case_0258 test_case_0329 test_case_0148 test_case_0357 test_case_0370
test_name,10,242,test_case_0242,v1,True,True,6,82,test_case_0258 FAILED test_case_0072 test_case_0242 test_case_0370 test_case_0357
test_name,10,242,test_case_0242,v2,True,True,6,90,test_case_0242 test_case_0258 test_case_0072 test_case_0370 test_case_0357 test_case_0148
test_name,10,242,test_case_0242,oracle,True,True,1,15,test_case_0242
test_name,10,431,test_case_0431,user_only,False,False,0,0,
test_name,10,431,test_case_0431,naive,False,True,21,315,test_case_0223 test_case_0247 test_case_0313 test_case_0101 test_case_0435 test_case_0411 test_case_0272 test_case_0140 test_case_0089 test_case_0058 test_case_0431 test_case_0183 test_case_0309 test_case_0107 test_case_0078 test_case_0170 test_case_0216 test_case_0145 test_case_0195 test_case_0294 test_case_0312
test_name,10,431,test_case_0431,v1,True,True,6,82,test_case_0216 FAILED test_case_0411 test_case_0431 test_case_0312 test_case_0294
test_name,10,431,test_case_0431,v2,True,True,6,90,test_case_0431 test_case_0216 test_case_0411 test_case_0312 test_case_0294 test_case_0195
test_name,10,431,test_case_0431,oracle,True,True,1,15,test_case_0431
test_name,10,376,test_case_0376,user_only,False,False,0,0,
test_name,10,376,test_case_0376,naive,False,True,21,315,test_case_0280 test_case_0237 test_case_0153 test_case_0069 test_case_0066 test_case_0230 test_case_0072 test_case_0143 test_case_0410 test_case_0362 test_case_0376 test_case_0301 test_case_0371 test_case_0425 test_case_0282 test_case_0240 test_case_0281 test_case_0207 test_case_0309 test_case_0322 test_case_0297
test_name,10,376,test_case_0376,v1,True,True,6,82,test_case_0281 FAILED test_case_0230 test_case_0376 test_case_0297 test_case_0322
test_name,10,376,test_case_0376,v2,True,True,6,90,test_case_0376 test_case_0281 test_case_0230 test_case_0297 test_case_0322 test_case_0309
test_name,10,376,test_case_0376,oracle,True,True,1,15,test_case_0376
test_name,10,89,test_case_0089,user_only,False,False,0,0,
test_name,10,89,test_case_0089,naive,True,True,21,315,test_case_0328 test_case_0093 test_case_0068 test_case_0405 test_case_0087 test_case_0056 test_case_0309 test_case_0102 test_case_0072 test_case_0119 test_case_0089 test_case_0153 test_case_0066 test_case_0364 test_case_0421 test_case_0156 test_case_0080 test_case_0271 test_case_0242 test_case_0188 test_case_0306
test_name,10,89,test_case_0089,v1,True,True,6,82,test_case_0080 FAILED test_case_0056 test_case_0089 test_case_0306 test_case_0188
test_name,10,89,test_case_0089,v2,True,True,6,90,test_case_0089 test_case_0080 test_case_0056 test_case_0306 test_case_0188 test_case_0242
test_name,10,89,test_case_0089,oracle,True,True,1,15,test_case_0089
test_name,10,420,test_case_0420,user_only,False,False,0,0,
test_name,10,420,test_case_0420,naive,False,True,21,315,test_case_0305 test_case_0091 test_case_0114 test_case_0170 test_case_0304 test_case_0450 test_case_0269 test_case_0131 test_case_0323 test_case_0413 test_case_0420 test_case_0300 test_case_0381 test_case_0138 test_case_0068 test_case_0402 test_case_0186 test_case_0229 test_case_0177 test_case_0153 test_case_0084
test_name,10,420,test_case_0420,v1,True,True,6,82,test_case_0186 FAILED test_case_0450 test_case_0420 test_case_0084 test_case_0153
test_name,10,420,test_case_0420,v2,True,True,6,90,test_case_0420 test_case_0186 test_case_0450 test_case_0084 test_case_0153 test_case_0177
test_name,10,420,test_case_0420,oracle,True,True,1,15,test_case_0420
test_name,10,224,test_case_0224,user_only,False,False,0,0,
test_name,10,224,test_case_0224,naive,False,True,21,315,test_case_0256 test_case_0108 test_case_0321 test_case_0334 test_case_0098 test_case_0184 test_case_0449 test_case_0441 test_case_0209 test_case_0151 test_case_0224 test_case_0146 test_case_0278 test_case_0254 test_case_0058 test_case_0066 test_case_0096 test_case_0132 test_case_0092 test_case_0143 test_case_0371
test_name,10,224,test_case_0224,v1,True,True,6,82,test_case_0096 FAILED test_case_0184 test_case_0224 test_case_0371 test_case_0143
test_name,10,224,test_case_0224,v2,True,True,6,90,test_case_0224 test_case_0096 test_case_0184 test_case_0371 test_case_0143 test_case_0092
test_name,10,224,test_case_0224,oracle,True,True,1,15,test_case_0224
test_name,10,95,test_case_0095,user_only,False,False,0,0,
test_name,10,95,test_case_0095,naive,True,True,21,315,test_case_0075 test_case_0406 test_case_0245 test_case_0247 test_case_0270 test_case_0109 test_case_0126 test_case_0055 test_case_0382 test_case_0217 test_case_0095 test_case_0222 test_case_0340 test_case_0375 test_case_0446 test_case_0170 test_case_0412 test_case_0128 test_case_0331 test_case_0118 test_case_0220
test_name,10,95,test_case_0095,v1,True,True,6,82,test_case_0412 FAILED test_case_0109 test_case_0095 test_case_0220 test_case_0118
test_name,10,95,test_case_0095,v2,True,True,6,90,test_case_0095 test_case_0412 test_case_0109 test_case_0220 test_case_0118 test_case_0331
test_name,10,95,test_case_0095,oracle,True,True,1,15,test_case_0095
test_name,10,335,test_case_0335,user_only,False,False,0,0,
test_name,10,335,test_case_0335,naive,False,True,21,315,test_case_0060 test_case_0302 test_case_0395 test_case_0433 test_case_0074 test_case_0095 test_case_0178 test_case_0259 test_case_0236 test_case_0278 test_case_0335 test_case_0263 test_case_0082 test_case_0115 test_case_0267 test_case_0231 test_case_0409 test_case_0118 test_case_0344 test_case_0153 test_case_0391
test_name,10,335,test_case_0335,v1,True,True,6,82,test_case_0409 FAILED test_case_0095 test_case_0335 test_case_0391 test_case_0153
test_name,10,335,test_case_0335,v2,True,True,6,90,test_case_0335 test_case_0409 test_case_0095 test_case_0391 test_case_0153 test_case_0344
test_name,10,335,test_case_0335,oracle,True,True,1,15,test_case_0335
test_name,10,325,test_case_0325,user_only,False,False,0,0,
test_name,10,325,test_case_0325,naive,False,True,21,315,test_case_0384 test_case_0333 test_case_0101 test_case_0112 test_case_0188 test_case_0418 test_case_0411 test_case_0246 test_case_0388 test_case_0439 test_case_0325 test_case_0138 test_case_0072 test_case_0156 test_case_0136 test_case_0222 test_case_0444 test_case_0380 test_case_0309 test_case_0436 test_case_0327
test_name,10,325,test_case_0325,v1,True,True,6,82,test_case_0444 FAILED test_case_0418 test_case_0325 test_case_0327 test_case_0436
test_name,10,325,test_case_0325,v2,True,True,6,90,test_case_0325 test_case_0444 test_case_0418 test_case_0327 test_case_0436 test_case_0309
test_name,10,325,test_case_0325,oracle,True,True,1,15,test_case_0325
test_name,10,199,test_case_0199,user_only,False,False,0,0,
test_name,10,199,test_case_0199,naive,False,True,21,315,test_case_0175 test_case_0381 test_case_0119 test_case_0294 test_case_0100 test_case_0243 test_case_0432 test_case_0146 test_case_0154 test_case_0347 test_case_0199 test_case_0121 test_case_0325 test_case_0219 test_case_0105 test_case_0069 test_case_0074 test_case_0136 test_case_0342 test_case_0201 test_case_0433
test_name,10,199,test_case_0199,v1,True,True,6,82,test_case_0074 FAILED test_case_0243 test_case_0199 test_case_0433 test_case_0201
test_name,10,199,test_case_0199,v2,True,True,6,90,test_case_0199 test_case_0074 test_case_0243 test_case_0433 test_case_0201 test_case_0342
test_name,10,199,test_case_0199,oracle,True,True,1,15,test_case_0199
test_name,10,284,test_case_0284,user_only,False,False,0,0,
test_name,10,284,test_case_0284,naive,False,True,21,315,test_case_0363 test_case_0144 test_case_0195 test_case_0204 test_case_0131 test_case_0112 test_case_0192 test_case_0176 test_case_0111 test_case_0167 test_case_0284 test_case_0212 test_case_0292 test_case_0424 test_case_0128 test_case_0103 test_case_0057 test_case_0332 test_case_0174 test_case_0417 test_case_0220
test_name,10,284,test_case_0284,v1,True,True,6,82,test_case_0057 FAILED test_case_0112 test_case_0284 test_case_0220 test_case_0417
test_name,10,284,test_case_0284,v2,True,True,6,90,test_case_0284 test_case_0057 test_case_0112 test_case_0220 test_case_0417 test_case_0174
test_name,10,284,test_case_0284,oracle,True,True,1,15,test_case_0284
test_name,10,122,test_case_0122,user_only,False,False,0,0,
test_name,10,122,test_case_0122,naive,True,True,21,315,test_case_0281 test_case_0430 test_case_0436 test_case_0339 test_case_0438 test_case_0345 test_case_0353 test_case_0254 test_case_0112 test_case_0364 test_case_0122 test_case_0409 test_case_0217 test_case_0150 test_case_0077 test_case_0357 test_case_0224 test_case_0236 test_case_0124 test_case_0110 test_case_0386
test_name,10,122,test_case_0122,v1,True,True,6,82,test_case_0224 FAILED test_case_0345 test_case_0122 test_case_0386 test_case_0110
test_name,10,122,test_case_0122,v2,True,True,6,90,test_case_0122 test_case_0224 test_case_0345 test_case_0386 test_case_0110 test_case_0124
test_name,10,122,test_case_0122,oracle,True,True,1,15,test_case_0122
test_name,30,110,test_case_0110,user_only,False,False,0,0,
test_name,30,110,test_case_0110,naive,True,True,21,315,test_case_0102 test_case_0445 test_case_0092 test_case_0449 test_case_0107 test_case_0261 test_case_0311 test_case_0300 test_case_0405 test_case_0122 test_case_0110 test_case_0333 test_case_0375 test_case_0218 test_case_0185 test_case_0067 test_case_0104 test_case_0412 test_case_0215 test_case_0260 test_case_0287
test_name,30,110,test_case_0110,v1,True,True,6,82,test_case_0104 FAILED test_case_0261 test_case_0110 test_case_0287 test_case_0260
test_name,30,110,test_case_0110,v2,True,True,6,90,test_case_0110 test_case_0104 test_case_0261 test_case_0287 test_case_0260 test_case_0215
test_name,30,110,test_case_0110,oracle,True,True,1,15,test_case_0110
test_name,30,213,test_case_0213,user_only,False,False,0,0,
test_name,30,213,test_case_0213,naive,True,True,21,315,test_case_0143 test_case_0104 test_case_0267 test_case_0106 test_case_0087 test_case_0144 test_case_0398 test_case_0101 test_case_0422 test_case_0109 test_case_0213 test_case_0252 test_case_0332 test_case_0185 test_case_0195 test_case_0230 test_case_0229 test_case_0333 test_case_0371 test_case_0407 test_case_0180
test_name,30,213,test_case_0213,v1,True,True,6,82,test_case_0229 FAILED test_case_0144 test_case_0213 test_case_0180 test_case_0407
test_name,30,213,test_case_0213,v2,True,True,6,90,test_case_0213 test_case_0229 test_case_0144 test_case_0180 test_case_0407 test_case_0371
test_name,30,213,test_case_0213,oracle,True,True,1,15,test_case_0213
test_name,30,307,test_case_0307,user_only,False,False,0,0,
test_name,30,307,test_case_0307,naive,True,True,21,315,test_case_0375 test_case_0084 test_case_0370 test_case_0219 test_case_0300 test_case_0077 test_case_0317 test_case_0448 test_case_0146 test_case_0190 test_case_0307 test_case_0064 test_case_0367 test_case_0325 test_case_0162 test_case_0433 test_case_0353 test_case_0204 test_case_0377 test_case_0207 test_case_0082
test_name,30,307,test_case_0307,v1,True,True,6,82,test_case_0353 FAILED test_case_0077 test_case_0307 test_case_0082 test_case_0207
test_name,30,307,test_case_0307,v2,True,True,6,90,test_case_0307 test_case_0353 test_case_0077 test_case_0082 test_case_0207 test_case_0377
test_name,30,307,test_case_0307,oracle,True,True,1,15,test_case_0307
test_name,30,312,test_case_0312,user_only,False,False,0,0,
test_name,30,312,test_case_0312,naive,True,True,21,315,test_case_0374 test_case_0102 test_case_0353 test_case_0051 test_case_0300 test_case_0062 test_case_0084 test_case_0184 test_case_0295 test_case_0330 test_case_0312 test_case_0352 test_case_0347 test_case_0386 test_case_0115 test_case_0067 test_case_0199 test_case_0065 test_case_0443 test_case_0195 test_case_0420
test_name,30,312,test_case_0312,v1,True,True,6,82,test_case_0199 FAILED test_case_0062 test_case_0312 test_case_0420 test_case_0195
test_name,30,312,test_case_0312,v2,True,True,6,90,test_case_0312 test_case_0199 test_case_0062 test_case_0420 test_case_0195 test_case_0443
test_name,30,312,test_case_0312,oracle,True,True,1,15,test_case_0312
test_name,30,381,test_case_0381,user_only,False,False,0,0,
test_name,30,381,test_case_0381,naive,True,True,21,315,test_case_0418 test_case_0352 test_case_0082 test_case_0318 test_case_0061 test_case_0226 test_case_0396 test_case_0169 test_case_0223 test_case_0433 test_case_0381 test_case_0066 test_case_0083 test_case_0339 test_case_0103 test_case_0349 test_case_0249 test_case_0211 test_case_0123 test_case_0080 test_case_0071
test_name,30,381,test_case_0381,v1,True,True,6,82,test_case_0249 FAILED test_case_0226 test_case_0381 test_case_0071 test_case_0080
test_name,30,381,test_case_0381,v2,True,True,6,90,test_case_0381 test_case_0249 test_case_0226 test_case_0071 test_case_0080 test_case_0123
test_name,30,381,test_case_0381,oracle,True,True,1,15,test_case_0381
test_name,30,102,test_case_0102,user_only,False,False,0,0,
test_name,30,102,test_case_0102,naive,True,True,21,315,test_case_0177 test_case_0379 test_case_0201 test_case_0255 test_case_0320 test_case_0191 test_case_0130 test_case_0051 test_case_0154 test_case_0210 test_case_0102 test_case_0066 test_case_0435 test_case_0286 test_case_0246 test_case_0197 test_case_0100 test_case_0237 test_case_0115 test_case_0204 test_case_0347
test_name,30,102,test_case_0102,v1,True,True,6,82,test_case_0100 FAILED test_case_0191 test_case_0102 test_case_0347 test_case_0204
test_name,30,102,test_case_0102,v2,True,True,6,90,test_case_0102 test_case_0100 test_case_0191 test_case_0347 test_case_0204 test_case_0115
test_name,30,102,test_case_0102,oracle,True,True,1,15,test_case_0102
test_name,30,164,test_case_0164,user_only,False,False,0,0,
test_name,30,164,test_case_0164,naive,True,True,21,315,test_case_0293 test_case_0283 test_case_0061 test_case_0222 test_case_0169 test_case_0247 test_case_0219 test_case_0244 test_case_0124 test_case_0399 test_case_0164 test_case_0440 test_case_0413 test_case_0081 test_case_0080 test_case_0107 test_case_0099 test_case_0060 test_case_0334 test_case_0277 test_case_0216
test_name,30,164,test_case_0164,v1,True,True,6,82,test_case_0099 FAILED test_case_0247 test_case_0164 test_case_0216 test_case_0277
test_name,30,164,test_case_0164,v2,True,True,6,90,test_case_0164 test_case_0099 test_case_0247 test_case_0216 test_case_0277 test_case_0334
test_name,30,164,test_case_0164,oracle,True,True,1,15,test_case_0164
test_name,30,357,test_case_0357,user_only,False,False,0,0,
test_name,30,357,test_case_0357,naive,True,True,21,315,test_case_0165 test_case_0072 test_case_0305 test_case_0056 test_case_0438 test_case_0404 test_case_0418 test_case_0381 test_case_0108 test_case_0226 test_case_0357 test_case_0160 test_case_0304 test_case_0360 test_case_0100 test_case_0099 test_case_0281 test_case_0118 test_case_0295 test_case_0113 test_case_0435
test_name,30,357,test_case_0357,v1,True,True,6,82,test_case_0281 FAILED test_case_0404 test_case_0357 test_case_0435 test_case_0113
test_name,30,357,test_case_0357,v2,True,True,6,90,test_case_0357 test_case_0281 test_case_0404 test_case_0435 test_case_0113 test_case_0295
test_name,30,357,test_case_0357,oracle,True,True,1,15,test_case_0357
test_name,30,368,test_case_0368,user_only,False,False,0,0,
test_name,30,368,test_case_0368,naive,True,True,21,315,test_case_0289 test_case_0136 test_case_0117 test_case_0204 test_case_0427 test_case_0213 test_case_0348 test_case_0344 test_case_0195 test_case_0338 test_case_0368 test_case_0440 test_case_0078 test_case_0192 test_case_0241 test_case_0122 test_case_0341 test_case_0416 test_case_0175 test_case_0385 test_case_0095
test_name,30,368,test_case_0368,v1,True,True,6,82,test_case_0341 FAILED test_case_0213 test_case_0368 test_case_0095 test_case_0385
test_name,30,368,test_case_0368,v2,True,True,6,90,test_case_0368 test_case_0341 test_case_0213 test_case_0095 test_case_0385 test_case_0175
test_name,30,368,test_case_0368,oracle,True,True,1,15,test_case_0368
test_name,30,334,test_case_0334,user_only,False,False,0,0,
test_name,30,334,test_case_0334,naive,True,True,21,315,test_case_0146 test_case_0096 test_case_0150 test_case_0345 test_case_0065 test_case_0052 test_case_0404 test_case_0381 test_case_0419 test_case_0129 test_case_0334 test_case_0268 test_case_0187 test_case_0426 test_case_0069 test_case_0374 test_case_0338 test_case_0109 test_case_0317 test_case_0266 test_case_0359
test_name,30,334,test_case_0334,v1,True,True,6,82,test_case_0338 FAILED test_case_0052 test_case_0334 test_case_0359 test_case_0266
test_name,30,334,test_case_0334,v2,True,True,6,90,test_case_0334 test_case_0338 test_case_0052 test_case_0359 test_case_0266 test_case_0317
test_name,30,334,test_case_0334,oracle,True,True,1,15,test_case_0334
test_name,30,265,test_case_0265,user_only,False,False,0,0,
test_name,30,265,test_case_0265,naive,True,True,21,315,test_case_0218 test_case_0374 test_case_0155 test_case_0251 test_case_0068 test_case_0244 test_case_0444 test_case_0110 test_case_0159 test_case_0140 test_case_0265 test_case_0186 test_case_0359 test_case_0421 test_case_0373 test_case_0232 test_case_0407 test_case_0263 test_case_0391 test_case_0395 test_case_0410
test_name,30,265,test_case_0265,v1,True,True,6,82,test_case_0407 FAILED test_case_0244 test_case_0265 test_case_0410 test_case_0395
test_name,30,265,test_case_0265,v2,True,True,6,90,test_case_0265 test_case_0407 test_case_0244 test_case_0410 test_case_0395 test_case_0391
test_name,30,265,test_case_0265,oracle,True,True,1,15,test_case_0265
test_name,30,343,test_case_0343,user_only,False,False,0,0,
test_name,30,343,test_case_0343,naive,True,True,21,315,test_case_0299 test_case_0344 test_case_0349 test_case_0234 test_case_0371 test_case_0100 test_case_0285 test_case_0339 test_case_0190 test_case_0266 test_case_0343 test_case_0200 test_case_0174 test_case_0115 test_case_0106 test_case_0421 test_case_0070 test_case_0305 test_case_0289 test_case_0410 test_case_0213
test_name,30,343,test_case_0343,v1,True,True,6,82,test_case_0070 FAILED test_case_0100 test_case_0343 test_case_0213 test_case_0410
test_name,30,343,test_case_0343,v2,True,True,6,90,test_case_0343 test_case_0070 test_case_0100 test_case_0213 test_case_0410 test_case_0289
test_name,30,343,test_case_0343,oracle,True,True,1,15,test_case_0343
test_name,30,330,test_case_0330,user_only,False,False,0,0,
test_name,30,330,test_case_0330,naive,True,True,21,315,test_case_0298 test_case_0215 test_case_0237 test_case_0400 test_case_0073 test_case_0357 test_case_0079 test_case_0066 test_case_0438 test_case_0332 test_case_0330 test_case_0176 test_case_0069 test_case_0159 test_case_0198 test_case_0238 test_case_0189 test_case_0345 test_case_0162 test_case_0218 test_case_0127
test_name,30,330,test_case_0330,v1,True,True,6,82,test_case_0189 FAILED test_case_0357 test_case_0330 test_case_0127 test_case_0218
test_name,30,330,test_case_0330,v2,True,True,6,90,test_case_0330 test_case_0189 test_case_0357 test_case_0127 test_case_0218 test_case_0162
test_name,30,330,test_case_0330,oracle,True,True,1,15,test_case_0330
test_name,30,424,test_case_0424,user_only,False,False,0,0,
test_name,30,424,test_case_0424,naive,True,True,21,315,test_case_0366 test_case_0278 test_case_0225 test_case_0071 test_case_0301 test_case_0289 test_case_0277 test_case_0150 test_case_0353 test_case_0188 test_case_0424 test_case_0190 test_case_0058 test_case_0234 test_case_0112 test_case_0202 test_case_0427 test_case_0160 test_case_0312 test_case_0102 test_case_0224
test_name,30,424,test_case_0424,v1,True,True,6,82,test_case_0427 FAILED test_case_0289 test_case_0424 test_case_0224 test_case_0102
test_name,30,424,test_case_0424,v2,True,True,6,90,test_case_0424 test_case_0427 test_case_0289 test_case_0224 test_case_0102 test_case_0312
test_name,30,424,test_case_0424,oracle,True,True,1,15,test_case_0424
test_name,30,447,test_case_0447,user_only,False,False,0,0,
test_name,30,447,test_case_0447,naive,True,True,21,315,test_case_0345 test_case_0256 test_case_0189 test_case_0408 test_case_0428 test_case_0088 test_case_0068 test_case_0146 test_case_0423 test_case_0422 test_case_0447 test_case_0291 test_case_0221 test_case_0101 test_case_0134 test_case_0128 test_case_0333 test_case_0381 test_case_0063 test_case_0320 test_case_0418
test_name,30,447,test_case_0447,v1,True,True,6,82,test_case_0333 FAILED test_case_0088 test_case_0447 test_case_0418 test_case_0320
test_name,30,447,test_case_0447,v2,True,True,6,90,test_case_0447 test_case_0333 test_case_0088 test_case_0418 test_case_0320 test_case_0063
test_name,30,447,test_case_0447,oracle,True,True,1,15,test_case_0447
test_name,30,443,test_case_0443,user_only,False,False,0,0,
test_name,30,443,test_case_0443,naive,True,True,21,315,test_case_0224 test_case_0270 test_case_0371 test_case_0429 test_case_0368 test_case_0081 test_case_0171 test_case_0243 test_case_0197 test_case_0238 test_case_0443 test_case_0198 test_case_0127 test_case_0393 test_case_0260 test_case_0306 test_case_0222 test_case_0423 test_case_0386 test_case_0416 test_case_0284
test_name,30,443,test_case_0443,v1,True,True,6,82,test_case_0222 FAILED test_case_0081 test_case_0443 test_case_0284 test_case_0416
test_name,30,443,test_case_0443,v2,True,True,6,90,test_case_0443 test_case_0222 test_case_0081 test_case_0284 test_case_0416 test_case_0386
test_name,30,443,test_case_0443,oracle,True,True,1,15,test_case_0443
test_name,30,301,test_case_0301,user_only,False,False,0,0,
test_name,30,301,test_case_0301,naive,True,True,21,315,test_case_0115 test_case_0106 test_case_0156 test_case_0076 test_case_0241 test_case_0104 test_case_0269 test_case_0382 test_case_0439 test_case_0107 test_case_0301 test_case_0258 test_case_0285 test_case_0243 test_case_0223 test_case_0053 test_case_0222 test_case_0413 test_case_0124 test_case_0218 test_case_0095
test_name,30,301,test_case_0301,v1,True,True,6,82,test_case_0222 FAILED test_case_0104 test_case_0301 test_case_0095 test_case_0218
test_name,30,301,test_case_0301,v2,True,True,6,90,test_case_0301 test_case_0222 test_case_0104 test_case_0095 test_case_0218 test_case_0124
test_name,30,301,test_case_0301,oracle,True,True,1,15,test_case_0301
test_name,30,434,test_case_0434,user_only,False,False,0,0,
test_name,30,434,test_case_0434,naive,True,True,21,315,test_case_0432 test_case_0275 test_case_0077 test_case_0164 test_case_0172 test_case_0382 test_case_0374 test_case_0268 test_case_0344 test_case_0389 test_case_0434 test_case_0357 test_case_0384 test_case_0250 test_case_0232 test_case_0149 test_case_0315 test_case_0253 test_case_0209 test_case_0332 test_case_0119
test_name,30,434,test_case_0434,v1,True,True,6,82,test_case_0315 FAILED test_case_0382 test_case_0434 test_case_0119 test_case_0332
test_name,30,434,test_case_0434,v2,True,True,6,90,test_case_0434 test_case_0315 test_case_0382 test_case_0119 test_case_0332 test_case_0209
test_name,30,434,test_case_0434,oracle,True,True,1,15,test_case_0434
test_name,30,445,test_case_0445,user_only,False,False,0,0,
test_name,30,445,test_case_0445,naive,True,True,21,315,test_case_0147 test_case_0293 test_case_0267 test_case_0316 test_case_0219 test_case_0328 test_case_0428 test_case_0160 test_case_0196 test_case_0118 test_case_0445 test_case_0304 test_case_0222 test_case_0235 test_case_0250 test_case_0071 test_case_0444 test_case_0401 test_case_0156 test_case_0446 test_case_0179
test_name,30,445,test_case_0445,v1,True,True,6,82,test_case_0444 FAILED test_case_0328 test_case_0445 test_case_0179 test_case_0446
test_name,30,445,test_case_0445,v2,True,True,6,90,test_case_0445 test_case_0444 test_case_0328 test_case_0179 test_case_0446 test_case_0156
test_name,30,445,test_case_0445,oracle,True,True,1,15,test_case_0445
test_name,30,350,test_case_0350,user_only,False,False,0,0,
test_name,30,350,test_case_0350,naive,True,True,21,315,test_case_0351 test_case_0262 test_case_0410 test_case_0068 test_case_0131 test_case_0158 test_case_0301 test_case_0127 test_case_0424 test_case_0409 test_case_0350 test_case_0362 test_case_0246 test_case_0398 test_case_0088 test_case_0170 test_case_0102 test_case_0297 test_case_0324 test_case_0210 test_case_0375
test_name,30,350,test_case_0350,v1,True,True,6,82,test_case_0102 FAILED test_case_0158 test_case_0350 test_case_0375 test_case_0210
test_name,30,350,test_case_0350,v2,True,True,6,90,test_case_0350 test_case_0102 test_case_0158 test_case_0375 test_case_0210 test_case_0324
test_name,30,350,test_case_0350,oracle,True,True,1,15,test_case_0350
test_name,30,275,test_case_0275,user_only,False,False,0,0,
test_name,30,275,test_case_0275,naive,True,True,21,315,test_case_0299 test_case_0089 test_case_0073 test_case_0184 test_case_0136 test_case_0181 test_case_0369 test_case_0110 test_case_0330 test_case_0313 test_case_0275 test_case_0187 test_case_0301 test_case_0321 test_case_0240 test_case_0222 test_case_0381 test_case_0137 test_case_0445 test_case_0434 test_case_0396
test_name,30,275,test_case_0275,v1,True,True,6,82,test_case_0381 FAILED test_case_0181 test_case_0275 test_case_0396 test_case_0434
test_name,30,275,test_case_0275,v2,True,True,6,90,test_case_0275 test_case_0381 test_case_0181 test_case_0396 test_case_0434 test_case_0445
test_name,30,275,test_case_0275,oracle,True,True,1,15,test_case_0275
test_name,30,172,test_case_0172,user_only,False,False,0,0,
test_name,30,172,test_case_0172,naive,True,True,21,315,test_case_0430 test_case_0120 test_case_0446 test_case_0322 test_case_0221 test_case_0146 test_case_0360 test_case_0349 test_case_0313 test_case_0367 test_case_0172 test_case_0150 test_case_0418 test_case_0142 test_case_0121 test_case_0244 test_case_0370 test_case_0435 test_case_0159 test_case_0103 test_case_0076
test_name,30,172,test_case_0172,v1,True,True,6,82,test_case_0370 FAILED test_case_0146 test_case_0172 test_case_0076 test_case_0103
test_name,30,172,test_case_0172,v2,True,True,6,90,test_case_0172 test_case_0370 test_case_0146 test_case_0076 test_case_0103 test_case_0159
test_name,30,172,test_case_0172,oracle,True,True,1,15,test_case_0172
test_name,30,51,test_case_0051,user_only,False,False,0,0,
test_name,30,51,test_case_0051,naive,True,True,21,315,test_case_0365 test_case_0225 test_case_0102 test_case_0389 test_case_0086 test_case_0278 test_case_0349 test_case_0056 test_case_0418 test_case_0122 test_case_0051 test_case_0283 test_case_0299 test_case_0229 test_case_0123 test_case_0093 test_case_0261 test_case_0133 test_case_0097 test_case_0189 test_case_0185
test_name,30,51,test_case_0051,v1,True,True,6,82,test_case_0261 FAILED test_case_0278 test_case_0051 test_case_0185 test_case_0189
test_name,30,51,test_case_0051,v2,True,True,6,90,test_case_0051 test_case_0261 test_case_0278 test_case_0185 test_case_0189 test_case_0097
test_name,30,51,test_case_0051,oracle,True,True,1,15,test_case_0051
test_name,30,364,test_case_0364,user_only,False,False,0,0,
test_name,30,364,test_case_0364,naive,True,True,21,315,test_case_0421 test_case_0265 test_case_0100 test_case_0169 test_case_0193 test_case_0161 test_case_0407 test_case_0408 test_case_0401 test_case_0449 test_case_0364 test_case_0365 test_case_0425 test_case_0347 test_case_0344 test_case_0396 test_case_0369 test_case_0212 test_case_0412 test_case_0342 test_case_0245
test_name,30,364,test_case_0364,v1,True,True,6,82,test_case_0369 FAILED test_case_0161 test_case_0364 test_case_0245 test_case_0342
test_name,30,364,test_case_0364,v2,True,True,6,90,test_case_0364 test_case_0369 test_case_0161 test_case_0245 test_case_0342 test_case_0412
test_name,30,364,test_case_0364,oracle,True,True,1,15,test_case_0364
test_name,30,91,test_case_0091,user_only,False,False,0,0,
test_name,30,91,test_case_0091,naive,True,True,21,315,test_case_0224 test_case_0182 test_case_0446 test_case_0379 test_case_0265 test_case_0128 test_case_0066 test_case_0235 test_case_0217 test_case_0194 test_case_0091 test_case_0332 test_case_0353 test_case_0216 test_case_0438 test_case_0308 test_case_0264 test_case_0187 test_case_0377 test_case_0124 test_case_0118
test_name,30,91,test_case_0091,v1,True,True,6,82,test_case_0264 FAILED test_case_0128 test_case_0091 test_case_0118 test_case_0124
test_name,30,91,test_case_0091,v2,True,True,6,90,test_case_0091 test_case_0264 test_case_0128 test_case_0118 test_case_0124 test_case_0377
test_name,30,91,test_case_0091,oracle,True,True,1,15,test_case_0091
test_name,30,106,test_case_0106,user_only,False,False,0,0,
test_name,30,106,test_case_0106,naive,True,True,21,315,test_case_0163 test_case_0375 test_case_0426 test_case_0336 test_case_0249 test_case_0101 test_case_0262 test_case_0395 test_case_0144 test_case_0220 test_case_0106 test_case_0319 test_case_0344 test_case_0245 test_case_0421 test_case_0246 test_case_0204 test_case_0424 test_case_0354 test_case_0418 test_case_0212
test_name,30,106,test_case_0106,v1,True,True,6,82,test_case_0204 FAILED test_case_0101 test_case_0106 test_case_0212 test_case_0418
test_name,30,106,test_case_0106,v2,True,True,6,90,test_case_0106 test_case_0204 test_case_0101 test_case_0212 test_case_0418 test_case_0354
test_name,30,106,test_case_0106,oracle,True,True,1,15,test_case_0106
test_name,30,197,test_case_0197,user_only,False,False,0,0,
test_name,30,197,test_case_0197,naive,True,True,21,315,test_case_0444 test_case_0055 test_case_0284 test_case_0443 test_case_0089 test_case_0154 test_case_0235 test_case_0173 test_case_0424 test_case_0209 test_case_0197 test_case_0339 test_case_0177 test_case_0249 test_case_0330 test_case_0258 test_case_0169 test_case_0256 test_case_0432 test_case_0429 test_case_0413
test_name,30,197,test_case_0197,v1,True,True,6,82,test_case_0169 FAILED test_case_0154 test_case_0197 test_case_0413 test_case_0429
test_name,30,197,test_case_0197,v2,True,True,6,90,test_case_0197 test_case_0169 test_case_0154 test_case_0413 test_case_0429 test_case_0432
test_name,30,197,test_case_0197,oracle,True,True,1,15,test_case_0197
test_name,30,100,test_case_0100,user_only,False,False,0,0,
test_name,30,100,test_case_0100,naive,True,True,21,315,test_case_0329 test_case_0074 test_case_0075 test_case_0268 test_case_0210 test_case_0111 test_case_0288 test_case_0173 test_case_0380 test_case_0231 test_case_0100 test_case_0340 test_case_0271 test_case_0312 test_case_0234 test_case_0126 test_case_0250 test_case_0413 test_case_0321 test_case_0113 test_case_0397
test_name,30,100,test_case_0100,v1,True,True,6,82,test_case_0250 FAILED test_case_0111 test_case_0100 test_case_0397 test_case_0113
test_name,30,100,test_case_0100,v2,True,True,6,90,test_case_0100 test_case_0250 test_case_0111 test_case_0397 test_case_0113 test_case_0321
test_name,30,100,test_case_0100,oracle,True,True,1,15,test_case_0100
test_name,30,280,test_case_0280,user_only,False,False,0,0,
test_name,30,280,test_case_0280,naive,True,True,21,315,test_case_0310 test_case_0333 test_case_0424 test_case_0092 test_case_0120 test_case_0065 test_case_0269 test_case_0389 test_case_0187 test_case_0088 test_case_0280 test_case_0366 test_case_0295 test_case_0094 test_case_0448 test_case_0103 test_case_0063 test_case_0056 test_case_0217 test_case_0405 test_case_0125
test_name,30,280,test_case_0280,v1,True,True,6,82,test_case_0063 FAILED test_case_0065 test_case_0280 test_case_0125 test_case_0405
test_name,30,280,test_case_0280,v2,True,True,6,90,test_case_0280 test_case_0063 test_case_0065 test_case_0125 test_case_0405 test_case_0217
test_name,30,280,test_case_0280,oracle,True,True,1,15,test_case_0280
test_name,30,55,test_case_0055,user_only,False,False,0,0,
test_name,30,55,test_case_0055,naive,True,True,21,315,test_case_0189 test_case_0342 test_case_0064 test_case_0073 test_case_0290 test_case_0217 test_case_0443 test_case_0113 test_case_0184 test_case_0424 test_case_0055 test_case_0130 test_case_0358 test_case_0175 test_case_0065 test_case_0385 test_case_0340 test_case_0142 test_case_0196 test_case_0096 test_case_0056
test_name,30,55,test_case_0055,v1,True,True,6,82,test_case_0340 FAILED test_case_0217 test_case_0055 test_case_0056 test_case_0096
test_name,30,55,test_case_0055,v2,True,True,6,90,test_case_0055 test_case_0340 test_case_0217 test_case_0056 test_case_0096 test_case_0196
test_name,30,55,test_case_0055,oracle,True,True,1,15,test_case_0055
test_name,30,400,test_case_0400,user_only,False,False,0,0,
test_name,30,400,test_case_0400,naive,True,True,21,315,test_case_0337 test_case_0056 test_case_0208 test_case_0074 test_case_0216 test_case_0300 test_case_0437 test_case_0194 test_case_0201 test_case_0195 test_case_0400 test_case_0392 test_case_0321 test_case_0247 test_case_0059 test_case_0298 test_case_0090 test_case_0349 test_case_0188 test_case_0253 test_case_0282
test_name,30,400,test_case_0400,v1,True,True,6,82,test_case_0090 FAILED test_case_0300 test_case_0400 test_case_0282 test_case_0253
test_name,30,400,test_case_0400,v2,True,True,6,90,test_case_0400 test_case_0090 test_case_0300 test_case_0282 test_case_0253 test_case_0188
test_name,30,400,test_case_0400,oracle,True,True,1,15,test_case_0400
test_name,30,397,test_case_0397,user_only,False,False,0,0,
test_name,30,397,test_case_0397,naive,True,True,21,315,test_case_0444 test_case_0310 test_case_0445 test_case_0165 test_case_0105 test_case_0317 test_case_0191 test_case_0234 test_case_0176 test_case_0427 test_case_0397 test_case_0405 test_case_0421 test_case_0099 test_case_0188 test_case_0214 test_case_0166 test_case_0053 test_case_0128 test_case_0224 test_case_0205
test_name,30,397,test_case_0397,v1,True,True,6,82,test_case_0166 FAILED test_case_0317 test_case_0397 test_case_0205 test_case_0224
test_name,30,397,test_case_0397,v2,True,True,6,90,test_case_0397 test_case_0166 test_case_0317 test_case_0205 test_case_0224 test_case_0128
test_name,30,397,test_case_0397,oracle,True,True,1,15,test_case_0397
test_name,30,210,test_case_0210,user_only,False,False,0,0,
test_name,30,210,test_case_0210,naive,True,True,21,315,test_case_0203 test_case_0091 test_case_0372 test_case_0145 test_case_0093 test_case_0099 test_case_0291 test_case_0376 test_case_0437 test_case_0194 test_case_0210 test_case_0056 test_case_0240 test_case_0214 test_case_0190 test_case_0222 test_case_0323 test_case_0347 test_case_0129 test_case_0054 test_case_0135
test_name,30,210,test_case_0210,v1,True,True,6,82,test_case_0323 FAILED test_case_0099 test_case_0210 test_case_0135 test_case_0054
test_name,30,210,test_case_0210,v2,True,True,6,90,test_case_0210 test_case_0323 test_case_0099 test_case_0135 test_case_0054 test_case_0129
test_name,30,210,test_case_0210,oracle,True,True,1,15,test_case_0210
test_name,30,157,test_case_0157,user_only,False,False,0,0,
test_name,30,157,test_case_0157,naive,True,True,21,315,test_case_0400 test_case_0070 test_case_0189 test_case_0266 test_case_0324 test_case_0300 test_case_0355 test_case_0373 test_case_0057 test_case_0088 test_case_0157 test_case_0433 test_case_0112 test_case_0118 test_case_0212 test_case_0105 test_case_0402 test_case_0224 test_case_0295 test_case_0369 test_case_0288
test_name,30,157,test_case_0157,v1,True,True,6,82,test_case_0402 FAILED test_case_0300 test_case_0157 test_case_0288 test_case_0369
test_name,30,157,test_case_0157,v2,True,True,6,90,test_case_0157 test_case_0402 test_case_0300 test_case_0288 test_case_0369 test_case_0295
test_name,30,157,test_case_0157,oracle,True,True,1,15,test_case_0157
test_name,30,253,test_case_0253,user_only,False,False,0,0,
test_name,30,253,test_case_0253,naive,True,True,21,315,test_case_0378 test_case_0399 test_case_0345 test_case_0397 test_case_0182 test_case_0308 test_case_0242 test_case_0435 test_case_0075 test_case_0140 test_case_0253 test_case_0255 test_case_0293 test_case_0107 test_case_0335 test_case_0417 test_case_0264 test_case_0334 test_case_0095 test_case_0268 test_case_0316
test_name,30,253,test_case_0253,v1,True,True,6,82,test_case_0264 FAILED test_case_0308 test_case_0253 test_case_0316 test_case_0268
test_name,30,253,test_case_0253,v2,True,True,6,90,test_case_0253 test_case_0264 test_case_0308 test_case_0316 test_case_0268 test_case_0095
test_name,30,253,test_case_0253,oracle,True,True,1,15,test_case_0253
test_name,30,178,test_case_0178,user_only,False,False,0,0,
test_name,30,178,test_case_0178,naive,True,True,21,315,test_case_0242 test_case_0361 test_case_0270 test_case_0350 test_case_0430 test_case_0414 test_case_0063 test_case_0166 test_case_0072 test_case_0289 test_case_0178 test_case_0194 test_case_0314 test_case_0370 test_case_0366 test_case_0093 test_case_0358 test_case_0301 test_case_0225 test_case_0097 test_case_0070
test_name,30,178,test_case_0178,v1,True,True,6,82,test_case_0358 FAILED test_case_0414 test_case_0178 test_case_0070 test_case_0097
test_name,30,178,test_case_0178,v2,True,True,6,90,test_case_0178 test_case_0358 test_case_0414 test_case_0070 test_case_0097 test_case_0225
test_name,30,178,test_case_0178,oracle,True,True,1,15,test_case_0178
test_name,30,228,test_case_0228,user_only,False,False,0,0,
test_name,30,228,test_case_0228,naive,True,True,21,315,test_case_0061 test_case_0424 test_case_0233 test_case_0193 test_case_0261 test_case_0216 test_case_0358 test_case_0334 test_case_0257 test_case_0221 test_case_0228 test_case_0330 test_case_0206 test_case_0395 test_case_0406 test_case_0251 test_case_0092 test_case_0339 test_case_0226 test_case_0306 test_case_0151
test_name,30,228,test_case_0228,v1,True,True,6,82,test_case_0092 FAILED test_case_0216 test_case_0228 test_case_0151 test_case_0306
test_name,30,228,test_case_0228,v2,True,True,6,90,test_case_0228 test_case_0092 test_case_0216 test_case_0151 test_case_0306 test_case_0226
test_name,30,228,test_case_0228,oracle,True,True,1,15,test_case_0228
test_name,30,232,test_case_0232,user_only,False,False,0,0,
test_name,30,232,test_case_0232,naive,True,True,21,315,test_case_0178 test_case_0318 test_case_0104 test_case_0151 test_case_0122 test_case_0287 test_case_0217 test_case_0152 test_case_0332 test_case_0108 test_case_0232 test_case_0135 test_case_0365 test_case_0258 test_case_0173 test_case_0188 test_case_0284 test_case_0384 test_case_0369 test_case_0326 test_case_0248
test_name,30,232,test_case_0232,v1,True,True,6,82,test_case_0284 FAILED test_case_0287 test_case_0232 test_case_0248 test_case_0326
test_name,30,232,test_case_0232,v2,True,True,6,90,test_case_0232 test_case_0284 test_case_0287 test_case_0248 test_case_0326 test_case_0369
test_name,30,232,test_case_0232,oracle,True,True,1,15,test_case_0232
test_name,30,242,test_case_0242,user_only,False,False,0,0,
test_name,30,242,test_case_0242,naive,True,True,21,315,test_case_0060 test_case_0188 test_case_0080 test_case_0418 test_case_0386 test_case_0109 test_case_0182 test_case_0313 test_case_0261 test_case_0431 test_case_0242 test_case_0093 test_case_0402 test_case_0142 test_case_0189 test_case_0441 test_case_0437 test_case_0082 test_case_0236 test_case_0439 test_case_0289
test_name,30,242,test_case_0242,v1,True,True,6,82,test_case_0437 FAILED test_case_0109 test_case_0242 test_case_0289 test_case_0439
test_name,30,242,test_case_0242,v2,True,True,6,90,test_case_0242 test_case_0437 test_case_0109 test_case_0289 test_case_0439 test_case_0236
test_name,30,242,test_case_0242,oracle,True,True,1,15,test_case_0242
test_name,30,431,test_case_0431,user_only,False,False,0,0,
test_name,30,431,test_case_0431,naive,True,True,21,315,test_case_0188 test_case_0174 test_case_0317 test_case_0412 test_case_0395 test_case_0353 test_case_0066 test_case_0158 test_case_0142 test_case_0303 test_case_0431 test_case_0078 test_case_0259 test_case_0366 test_case_0306 test_case_0166 test_case_0186 test_case_0108 test_case_0365 test_case_0068 test_case_0170
test_name,30,431,test_case_0431,v1,True,True,6,82,test_case_0186 FAILED test_case_0353 test_case_0431 test_case_0170 test_case_0068
test_name,30,431,test_case_0431,v2,True,True,6,90,test_case_0431 test_case_0186 test_case_0353 test_case_0170 test_case_0068 test_case_0365
test_name,30,431,test_case_0431,oracle,True,True,1,15,test_case_0431
test_name,30,376,test_case_0376,user_only,False,False,0,0,
test_name,30,376,test_case_0376,naive,True,True,21,315,test_case_0429 test_case_0138 test_case_0305 test_case_0092 test_case_0349 test_case_0124 test_case_0293 test_case_0133 test_case_0183 test_case_0169 test_case_0376 test_case_0388 test_case_0137 test_case_0364 test_case_0315 test_case_0403 test_case_0369 test_case_0251 test_case_0378 test_case_0371 test_case_0321
test_name,30,376,test_case_0376,v1,True,True,6,82,test_case_0369 FAILED test_case_0124 test_case_0376 test_case_0321 test_case_0371
test_name,30,376,test_case_0376,v2,True,True,6,90,test_case_0376 test_case_0369 test_case_0124 test_case_0321 test_case_0371 test_case_0378
test_name,30,376,test_case_0376,oracle,True,True,1,15,test_case_0376
test_name,30,89,test_case_0089,user_only,False,False,0,0,
test_name,30,89,test_case_0089,naive,True,True,21,315,test_case_0265 test_case_0291 test_case_0068 test_case_0171 test_case_0386 test_case_0249 test_case_0186 test_case_0117 test_case_0421 test_case_0296 test_case_0089 test_case_0238 test_case_0301 test_case_0212 test_case_0217 test_case_0191 test_case_0060 test_case_0324 test_case_0095 test_case_0364 test_case_0405
test_name,30,89,test_case_0089,v1,True,True,6,82,test_case_0060 FAILED test_case_0249 test_case_0089 test_case_0405 test_case_0364
test_name,30,89,test_case_0089,v2,True,True,6,90,test_case_0089 test_case_0060 test_case_0249 test_case_0405 test_case_0364 test_case_0095
test_name,30,89,test_case_0089,oracle,True,True,1,15,test_case_0089
test_name,30,420,test_case_0420,user_only,False,False,0,0,
test_name,30,420,test_case_0420,naive,True,True,21,315,test_case_0223 test_case_0051 test_case_0303 test_case_0167 test_case_0367 test_case_0441 test_case_0139 test_case_0341 test_case_0123 test_case_0168 test_case_0420 test_case_0345 test_case_0113 test_case_0109 test_case_0154 test_case_0086 test_case_0305 test_case_0070 test_case_0439 test_case_0359 test_case_0074
test_name,30,420,test_case_0420,v1,True,True,6,82,test_case_0305 FAILED test_case_0441 test_case_0420 test_case_0074 test_case_0359
test_name,30,420,test_case_0420,v2,True,True,6,90,test_case_0420 test_case_0305 test_case_0441 test_case_0074 test_case_0359 test_case_0439
test_name,30,420,test_case_0420,oracle,True,True,1,15,test_case_0420
test_name,30,224,test_case_0224,user_only,False,False,0,0,
test_name,30,224,test_case_0224,naive,True,True,21,315,test_case_0420 test_case_0233 test_case_0299 test_case_0184 test_case_0380 test_case_0103 test_case_0345 test_case_0266 test_case_0390 test_case_0264 test_case_0224 test_case_0332 test_case_0151 test_case_0110 test_case_0186 test_case_0353 test_case_0376 test_case_0410 test_case_0227 test_case_0051 test_case_0363
test_name,30,224,test_case_0224,v1,True,True,6,82,test_case_0376 FAILED test_case_0103 test_case_0224 test_case_0363 test_case_0051
test_name,30,224,test_case_0224,v2,True,True,6,90,test_case_0224 test_case_0376 test_case_0103 test_case_0363 test_case_0051 test_case_0227
test_name,30,224,test_case_0224,oracle,True,True,1,15,test_case_0224
test_name,30,95,test_case_0095,user_only,False,False,0,0,
test_name,30,95,test_case_0095,naive,True,True,21,315,test_case_0158 test_case_0181 test_case_0396 test_case_0140 test_case_0161 test_case_0063 test_case_0196 test_case_0059 test_case_0216 test_case_0205 test_case_0095 test_case_0083 test_case_0322 test_case_0282 test_case_0395 test_case_0411 test_case_0166 test_case_0234 test_case_0370 test_case_0137 test_case_0326
test_name,30,95,test_case_0095,v1,True,True,6,82,test_case_0166 FAILED test_case_0063 test_case_0095 test_case_0326 test_case_0137
test_name,30,95,test_case_0095,v2,True,True,6,90,test_case_0095 test_case_0166 test_case_0063 test_case_0326 test_case_0137 test_case_0370
test_name,30,95,test_case_0095,oracle,True,True,1,15,test_case_0095
test_name,30,335,test_case_0335,user_only,False,False,0,0,
test_name,30,335,test_case_0335,naive,True,True,21,315,test_case_0419 test_case_0200 test_case_0265 test_case_0157 test_case_0091 test_case_0136 test_case_0086 test_case_0125 test_case_0280 test_case_0395 test_case_0335 test_case_0443 test_case_0296 test_case_0351 test_case_0140 test_case_0267 test_case_0139 test_case_0297 test_case_0074 test_case_0097 test_case_0093
test_name,30,335,test_case_0335,v1,True,True,6,82,test_case_0139 FAILED test_case_0136 test_case_0335 test_case_0093 test_case_0097
test_name,30,335,test_case_0335,v2,True,True,6,90,test_case_0335 test_case_0139 test_case_0136 test_case_0093 test_case_0097 test_case_0074
test_name,30,335,test_case_0335,oracle,True,True,1,15,test_case_0335
test_name,30,325,test_case_0325,user_only,False,False,0,0,
test_name,30,325,test_case_0325,naive,True,True,21,315,test_case_0301 test_case_0293 test_case_0406 test_case_0394 test_case_0437 test_case_0191 test_case_0179 test_case_0267 test_case_0447 test_case_0239 test_case_0325 test_case_0102 test_case_0136 test_case_0409 test_case_0144 test_case_0363 test_case_0130 test_case_0241 test_case_0419 test_case_0300 test_case_0370
test_name,30,325,test_case_0325,v1,True,True,6,82,test_case_0130 FAILED test_case_0191 test_case_0325 test_case_0370 test_case_0300
test_name,30,325,test_case_0325,v2,True,True,6,90,test_case_0325 test_case_0130 test_case_0191 test_case_0370 test_case_0300 test_case_0419
test_name,30,325,test_case_0325,oracle,True,True,1,15,test_case_0325
test_name,30,199,test_case_0199,user_only,False,False,0,0,
test_name,30,199,test_case_0199,naive,True,True,21,315,test_case_0079 test_case_0320 test_case_0093 test_case_0287 test_case_0165 test_case_0249 test_case_0139 test_case_0097 test_case_0307 test_case_0182 test_case_0199 test_case_0100 test_case_0444 test_case_0225 test_case_0216 test_case_0314 test_case_0405 test_case_0416 test_case_0270 test_case_0063 test_case_0426
test_name,30,199,test_case_0199,v1,True,True,6,82,test_case_0405 FAILED test_case_0249 test_case_0199 test_case_0426 test_case_0063
test_name,30,199,test_case_0199,v2,True,True,6,90,test_case_0199 test_case_0405 test_case_0249 test_case_0426 test_case_0063 test_case_0270
test_name,30,199,test_case_0199,oracle,True,True,1,15,test_case_0199
test_name,30,284,test_case_0284,user_only,False,False,0,0,
test_name,30,284,test_case_0284,naive,True,True,21,315,test_case_0325 test_case_0065 test_case_0383 test_case_0392 test_case_0126 test_case_0428 test_case_0139 test_case_0425 test_case_0381 test_case_0132 test_case_0284 test_case_0150 test_case_0145 test_case_0405 test_case_0188 test_case_0210 test_case_0265 test_case_0216 test_case_0051 test_case_0211 test_case_0182
test_name,30,284,test_case_0284,v1,True,True,6,82,test_case_0265 FAILED test_case_0428 test_case_0284 test_case_0182 test_case_0211
test_name,30,284,test_case_0284,v2,True,True,6,90,test_case_0284 test_case_0265 test_case_0428 test_case_0182 test_case_0211 test_case_0051
test_name,30,284,test_case_0284,oracle,True,True,1,15,test_case_0284
test_name,30,122,test_case_0122,user_only,False,False,0,0,
test_name,30,122,test_case_0122,naive,True,True,21,315,test_case_0163 test_case_0427 test_case_0185 test_case_0207 test_case_0127 test_case_0216 test_case_0178 test_case_0098 test_case_0440 test_case_0139 test_case_0122 test_case_0053 test_case_0108 test_case_0410 test_case_0205 test_case_0381 test_case_0105 test_case_0123 test_case_0350 test_case_0190 test_case_0159
test_name,30,122,test_case_0122,v1,True,True,6,82,test_case_0105 FAILED test_case_0216 test_case_0122 test_case_0159 test_case_0190
test_name,30,122,test_case_0122,v2,True,True,6,90,test_case_0122 test_case_0105 test_case_0216 test_case_0159 test_case_0190 test_case_0350
test_name,30,122,test_case_0122,oracle,True,True,1,15,test_case_0122
test_name,100,110,test_case_0110,user_only,False,False,0,0,
test_name,100,110,test_case_0110,naive,True,True,21,315,test_case_0133 test_case_0403 test_case_0097 test_case_0444 test_case_0202 test_case_0193 test_case_0213 test_case_0253 test_case_0225 test_case_0149 test_case_0110 test_case_0385 test_case_0147 test_case_0411 test_case_0322 test_case_0124 test_case_0156 test_case_0374 test_case_0429 test_case_0314 test_case_0163
test_name,100,110,test_case_0110,v1,True,True,6,82,test_case_0156 FAILED test_case_0193 test_case_0110 test_case_0163 test_case_0314
test_name,100,110,test_case_0110,v2,True,True,6,90,test_case_0110 test_case_0156 test_case_0193 test_case_0163 test_case_0314 test_case_0429
test_name,100,110,test_case_0110,oracle,True,True,1,15,test_case_0110
test_name,100,213,test_case_0213,user_only,False,False,0,0,
test_name,100,213,test_case_0213,naive,True,True,21,315,test_case_0301 test_case_0294 test_case_0203 test_case_0307 test_case_0242 test_case_0075 test_case_0092 test_case_0139 test_case_0141 test_case_0308 test_case_0213 test_case_0124 test_case_0121 test_case_0135 test_case_0309 test_case_0196 test_case_0351 test_case_0334 test_case_0077 test_case_0285 test_case_0387
test_name,100,213,test_case_0213,v1,True,True,6,82,test_case_0351 FAILED test_case_0075 test_case_0213 test_case_0387 test_case_0285
test_name,100,213,test_case_0213,v2,True,True,6,90,test_case_0213 test_case_0351 test_case_0075 test_case_0387 test_case_0285 test_case_0077
test_name,100,213,test_case_0213,oracle,True,True,1,15,test_case_0213
test_name,100,307,test_case_0307,user_only,False,False,0,0,
test_name,100,307,test_case_0307,naive,True,True,21,315,test_case_0158 test_case_0059 test_case_0180 test_case_0272 test_case_0441 test_case_0383 test_case_0215 test_case_0132 test_case_0166 test_case_0348 test_case_0307 test_case_0070 test_case_0438 test_case_0147 test_case_0225 test_case_0344 test_case_0056 test_case_0329 test_case_0224 test_case_0217 test_case_0399
test_name,100,307,test_case_0307,v1,True,True,6,82,test_case_0056 FAILED test_case_0383 test_case_0307 test_case_0399 test_case_0217
test_name,100,307,test_case_0307,v2,True,True,6,90,test_case_0307 test_case_0056 test_case_0383 test_case_0399 test_case_0217 test_case_0224
test_name,100,307,test_case_0307,oracle,True,True,1,15,test_case_0307
test_name,100,312,test_case_0312,user_only,False,False,0,0,
test_name,100,312,test_case_0312,naive,True,True,21,315,test_case_0189 test_case_0276 test_case_0352 test_case_0072 test_case_0450 test_case_0330 test_case_0206 test_case_0232 test_case_0178 test_case_0175 test_case_0312 test_case_0159 test_case_0326 test_case_0371 test_case_0171 test_case_0358 test_case_0349 test_case_0064 test_case_0310 test_case_0208 test_case_0100
test_name,100,312,test_case_0312,v1,True,True,6,82,test_case_0349 FAILED test_case_0330 test_case_0312 test_case_0100 test_case_0208
test_name,100,312,test_case_0312,v2,True,True,6,90,test_case_0312 test_case_0349 test_case_0330 test_case_0100 test_case_0208 test_case_0310
test_name,100,312,test_case_0312,oracle,True,True,1,15,test_case_0312
test_name,100,381,test_case_0381,user_only,False,False,0,0,
test_name,100,381,test_case_0381,naive,True,True,21,315,test_case_0272 test_case_0209 test_case_0208 test_case_0086 test_case_0416 test_case_0159 test_case_0141 test_case_0056 test_case_0277 test_case_0269 test_case_0381 test_case_0241 test_case_0377 test_case_0176 test_case_0248 test_case_0181 test_case_0251 test_case_0075 test_case_0201 test_case_0320 test_case_0315
test_name,100,381,test_case_0381,v1,True,True,6,82,test_case_0251 FAILED test_case_0159 test_case_0381 test_case_0315 test_case_0320
test_name,100,381,test_case_0381,v2,True,True,6,90,test_case_0381 test_case_0251 test_case_0159 test_case_0315 test_case_0320 test_case_0201
test_name,100,381,test_case_0381,oracle,True,True,1,15,test_case_0381
test_name,100,102,test_case_0102,user_only,False,False,0,0,
test_name,100,102,test_case_0102,naive,True,True,21,315,test_case_0341 test_case_0408 test_case_0262 test_case_0096 test_case_0296 test_case_0334 test_case_0186 test_case_0069 test_case_0187 test_case_0090 test_case_0102 test_case_0366 test_case_0196 test_case_0245 test_case_0076 test_case_0240 test_case_0193 test_case_0122 test_case_0264 test_case_0307 test_case_0093
test_name,100,102,test_case_0102,v1,True,True,6,82,test_case_0193 FAILED test_case_0334 test_case_0102 test_case_0093 test_case_0307
test_name,100,102,test_case_0102,v2,True,True,6,90,test_case_0102 test_case_0193 test_case_0334 test_case_0093 test_case_0307 test_case_0264
test_name,100,102,test_case_0102,oracle,True,True,1,15,test_case_0102
test_name,100,164,test_case_0164,user_only,False,False,0,0,
test_name,100,164,test_case_0164,naive,True,True,21,315,test_case_0412 test_case_0304 test_case_0149 test_case_0229 test_case_0174 test_case_0104 test_case_0247 test_case_0435 test_case_0098 test_case_0276 test_case_0164 test_case_0216 test_case_0346 test_case_0111 test_case_0437 test_case_0223 test_case_0076 test_case_0379 test_case_0442 test_case_0271 test_case_0065
test_name,100,164,test_case_0164,v1,True,True,6,82,test_case_0076 FAILED test_case_0104 test_case_0164 test_case_0065 test_case_0271
test_name,100,164,test_case_0164,v2,True,True,6,90,test_case_0164 test_case_0076 test_case_0104 test_case_0065 test_case_0271 test_case_0442
test_name,100,164,test_case_0164,oracle,True,True,1,15,test_case_0164
test_name,100,357,test_case_0357,user_only,False,False,0,0,
test_name,100,357,test_case_0357,naive,True,True,21,315,test_case_0136 test_case_0093 test_case_0162 test_case_0158 test_case_0101 test_case_0082 test_case_0105 test_case_0183 test_case_0230 test_case_0182 test_case_0357 test_case_0369 test_case_0205 test_case_0436 test_case_0216 test_case_0422 test_case_0345 test_case_0358 test_case_0396 test_case_0298 test_case_0100
test_name,100,357,test_case_0357,v1,True,True,6,82,test_case_0345 FAILED test_case_0082 test_case_0357 test_case_0100 test_case_0298
test_name,100,357,test_case_0357,v2,True,True,6,90,test_case_0357 test_case_0345 test_case_0082 test_case_0100 test_case_0298 test_case_0396
test_name,100,357,test_case_0357,oracle,True,True,1,15,test_case_0357
test_name,100,368,test_case_0368,user_only,False,False,0,0,
test_name,100,368,test_case_0368,naive,True,True,21,315,test_case_0325 test_case_0085 test_case_0272 test_case_0199 test_case_0278 test_case_0155 test_case_0163 test_case_0055 test_case_0332 test_case_0253 test_case_0368 test_case_0363 test_case_0179 test_case_0154 test_case_0134 test_case_0353 test_case_0410 test_case_0311 test_case_0200 test_case_0182 test_case_0244
test_name,100,368,test_case_0368,v1,True,True,6,82,test_case_0410 FAILED test_case_0155 test_case_0368 test_case_0244 test_case_0182
test_name,100,368,test_case_0368,v2,True,True,6,90,test_case_0368 test_case_0410 test_case_0155 test_case_0244 test_case_0182 test_case_0200
test_name,100,368,test_case_0368,oracle,True,True,1,15,test_case_0368
test_name,100,334,test_case_0334,user_only,False,False,0,0,
test_name,100,334,test_case_0334,naive,True,True,21,315,test_case_0221 test_case_0374 test_case_0171 test_case_0298 test_case_0052 test_case_0219 test_case_0055 test_case_0054 test_case_0245 test_case_0128 test_case_0334 test_case_0050 test_case_0098 test_case_0155 test_case_0340 test_case_0432 test_case_0105 test_case_0208 test_case_0101 test_case_0117 test_case_0173
test_name,100,334,test_case_0334,v1,True,True,6,82,test_case_0105 FAILED test_case_0219 test_case_0334 test_case_0173 test_case_0117
test_name,100,334,test_case_0334,v2,True,True,6,90,test_case_0334 test_case_0105 test_case_0219 test_case_0173 test_case_0117 test_case_0101
test_name,100,334,test_case_0334,oracle,True,True,1,15,test_case_0334
test_name,100,265,test_case_0265,user_only,False,False,0,0,
test_name,100,265,test_case_0265,naive,True,True,21,315,test_case_0129 test_case_0378 test_case_0226 test_case_0079 test_case_0086 test_case_0430 test_case_0291 test_case_0316 test_case_0171 test_case_0386 test_case_0265 test_case_0128 test_case_0246 test_case_0380 test_case_0423 test_case_0177 test_case_0149 test_case_0413 test_case_0420 test_case_0257 test_case_0336
test_name,100,265,test_case_0265,v1,True,True,6,82,test_case_0149 FAILED test_case_0430 test_case_0265 test_case_0336 test_case_0257
test_name,100,265,test_case_0265,v2,True,True,6,90,test_case_0265 test_case_0149 test_case_0430 test_case_0336 test_case_0257 test_case_0420
test_name,100,265,test_case_0265,oracle,True,True,1,15,test_case_0265
test_name,100,343,test_case_0343,user_only,False,False,0,0,
test_name,100,343,test_case_0343,naive,True,True,21,315,test_case_0282 test_case_0376 test_case_0251 test_case_0433 test_case_0209 test_case_0327 test_case_0450 test_case_0079 test_case_0291 test_case_0254 test_case_0343 test_case_0423 test_case_0419 test_case_0088 test_case_0176 test_case_0208 test_case_0131 test_case_0061 test_case_0305 test_case_0274 test_case_0387
test_name,100,343,test_case_0343,v1,True,True,6,82,test_case_0131 FAILED test_case_0327 test_case_0343 test_case_0387 test_case_0274
test_name,100,343,test_case_0343,v2,True,True,6,90,test_case_0343 test_case_0131 test_case_0327 test_case_0387 test_case_0274 test_case_0305
test_name,100,343,test_case_0343,oracle,True,True,1,15,test_case_0343
test_name,100,330,test_case_0330,user_only,False,False,0,0,
test_name,100,330,test_case_0330,naive,True,True,21,315,test_case_0346 test_case_0184 test_case_0113 test_case_0391 test_case_0242 test_case_0229 test_case_0214 test_case_0304 test_case_0116 test_case_0309 test_case_0330 test_case_0228 test_case_0192 test_case_0294 test_case_0251 test_case_0398 test_case_0273 test_case_0381 test_case_0274 test_case_0244 test_case_0444
test_name,100,330,test_case_0330,v1,True,True,6,82,test_case_0273 FAILED test_case_0229 test_case_0330 test_case_0444 test_case_0244
test_name,100,330,test_case_0330,v2,True,True,6,90,test_case_0330 test_case_0273 test_case_0229 test_case_0444 test_case_0244 test_case_0274
test_name,100,330,test_case_0330,oracle,True,True,1,15,test_case_0330
test_name,100,424,test_case_0424,user_only,False,False,0,0,
test_name,100,424,test_case_0424,naive,True,True,21,315,test_case_0169 test_case_0192 test_case_0184 test_case_0309 test_case_0336 test_case_0112 test_case_0063 test_case_0136 test_case_0433 test_case_0154 test_case_0424 test_case_0341 test_case_0162 test_case_0228 test_case_0444 test_case_0393 test_case_0418 test_case_0088 test_case_0381 test_case_0326 test_case_0379
test_name,100,424,test_case_0424,v1,True,True,6,82,test_case_0418 FAILED test_case_0112 test_case_0424 test_case_0379 test_case_0326
test_name,100,424,test_case_0424,v2,True,True,6,90,test_case_0424 test_case_0418 test_case_0112 test_case_0379 test_case_0326 test_case_0381
test_name,100,424,test_case_0424,oracle,True,True,1,15,test_case_0424
test_name,100,447,test_case_0447,user_only,False,False,0,0,
test_name,100,447,test_case_0447,naive,True,True,21,315,test_case_0265 test_case_0168 test_case_0241 test_case_0205 test_case_0195 test_case_0266 test_case_0180 test_case_0193 test_case_0150 test_case_0153 test_case_0447 test_case_0139 test_case_0346 test_case_0201 test_case_0418 test_case_0163 test_case_0422 test_case_0064 test_case_0175 test_case_0076 test_case_0183
test_name,100,447,test_case_0447,v1,True,True,6,82,test_case_0422 FAILED test_case_0266 test_case_0447 test_case_0183 test_case_0076
test_name,100,447,test_case_0447,v2,True,True,6,90,test_case_0447 test_case_0422 test_case_0266 test_case_0183 test_case_0076 test_case_0175
test_name,100,447,test_case_0447,oracle,True,True,1,15,test_case_0447
test_name,100,443,test_case_0443,user_only,False,False,0,0,
test_name,100,443,test_case_0443,naive,True,True,21,315,test_case_0350 test_case_0206 test_case_0111 test_case_0444 test_case_0303 test_case_0174 test_case_0231 test_case_0299 test_case_0382 test_case_0387 test_case_0443 test_case_0131 test_case_0057 test_case_0291 test_case_0113 test_case_0064 test_case_0082 test_case_0383 test_case_0160 test_case_0248 test_case_0137
test_name,100,443,test_case_0443,v1,True,True,6,82,test_case_0082 FAILED test_case_0174 test_case_0443 test_case_0137 test_case_0248
test_name,100,443,test_case_0443,v2,True,True,6,90,test_case_0443 test_case_0082 test_case_0174 test_case_0137 test_case_0248 test_case_0160
test_name,100,443,test_case_0443,oracle,True,True,1,15,test_case_0443
test_name,100,301,test_case_0301,user_only,False,False,0,0,
test_name,100,301,test_case_0301,naive,True,True,21,315,test_case_0300 test_case_0050 test_case_0152 test_case_0448 test_case_0069 test_case_0409 test_case_0208 test_case_0244 test_case_0441 test_case_0087 test_case_0301 test_case_0433 test_case_0438 test_case_0410 test_case_0321 test_case_0267 test_case_0263 test_case_0359 test_case_0092 test_case_0210 test_case_0228
test_name,100,301,test_case_0301,v1,True,True,6,82,test_case_0263 FAILED test_case_0409 test_case_0301 test_case_0228 test_case_0210
test_name,100,301,test_case_0301,v2,True,True,6,90,test_case_0301 test_case_0263 test_case_0409 test_case_0228 test_case_0210 test_case_0092
test_name,100,301,test_case_0301,oracle,True,True,1,15,test_case_0301
test_name,100,434,test_case_0434,user_only,False,False,0,0,
test_name,100,434,test_case_0434,naive,True,True,21,315,test_case_0440 test_case_0151 test_case_0431 test_case_0379 test_case_0441 test_case_0261 test_case_0429 test_case_0152 test_case_0222 test_case_0208 test_case_0434 test_case_0351 test_case_0144 test_case_0273 test_case_0202 test_case_0068 test_case_0317 test_case_0322 test_case_0257 test_case_0137 test_case_0104
test_name,100,434,test_case_0434,v1,True,True,6,82,test_case_0317 FAILED test_case_0261 test_case_0434 test_case_0104 test_case_0137
test_name,100,434,test_case_0434,v2,True,True,6,90,test_case_0434 test_case_0317 test_case_0261 test_case_0104 test_case_0137 test_case_0257
test_name,100,434,test_case_0434,oracle,True,True,1,15,test_case_0434
test_name,100,445,test_case_0445,user_only,False,False,0,0,
test_name,100,445,test_case_0445,naive,True,True,21,315,test_case_0389 test_case_0210 test_case_0203 test_case_0291 test_case_0293 test_case_0423 test_case_0100 test_case_0434 test_case_0121 test_case_0377 test_case_0445 test_case_0303 test_case_0395 test_case_0427 test_case_0251 test_case_0127 test_case_0123 test_case_0108 test_case_0067 test_case_0131 test_case_0115
test_name,100,445,test_case_0445,v1,True,True,6,82,test_case_0123 FAILED test_case_0423 test_case_0445 test_case_0115 test_case_0131
test_name,100,445,test_case_0445,v2,True,True,6,90,test_case_0445 test_case_0123 test_case_0423 test_case_0115 test_case_0131 test_case_0067
test_name,100,445,test_case_0445,oracle,True,True,1,15,test_case_0445
test_name,100,350,test_case_0350,user_only,False,False,0,0,
test_name,100,350,test_case_0350,naive,True,True,21,315,test_case_0444 test_case_0362 test_case_0450 test_case_0312 test_case_0224 test_case_0325 test_case_0326 test_case_0319 test_case_0345 test_case_0229 test_case_0350 test_case_0094 test_case_0062 test_case_0315 test_case_0324 test_case_0119 test_case_0330 test_case_0175 test_case_0126 test_case_0213 test_case_0342
test_name,100,350,test_case_0350,v1,True,True,6,82,test_case_0330 FAILED test_case_0325 test_case_0350 test_case_0342 test_case_0213
test_name,100,350,test_case_0350,v2,True,True,6,90,test_case_0350 test_case_0330 test_case_0325 test_case_0342 test_case_0213 test_case_0126
test_name,100,350,test_case_0350,oracle,True,True,1,15,test_case_0350
test_name,100,275,test_case_0275,user_only,False,False,0,0,
test_name,100,275,test_case_0275,naive,True,True,21,315,test_case_0178 test_case_0398 test_case_0329 test_case_0370 test_case_0172 test_case_0397 test_case_0443 test_case_0210 test_case_0200 test_case_0345 test_case_0275 test_case_0108 test_case_0204 test_case_0261 test_case_0391 test_case_0241 test_case_0125 test_case_0219 test_case_0309 test_case_0153 test_case_0139
test_name,100,275,test_case_0275,v1,True,True,6,82,test_case_0125 FAILED test_case_0397 test_case_0275 test_case_0139 test_case_0153
test_name,100,275,test_case_0275,v2,True,True,6,90,test_case_0275 test_case_0125 test_case_0397 test_case_0139 test_case_0153 test_case_0309
test_name,100,275,test_case_0275,oracle,True,True,1,15,test_case_0275
test_name,100,172,test_case_0172,user_only,False,False,0,0,
test_name,100,172,test_case_0172,naive,True,True,21,315,test_case_0179 test_case_0450 test_case_0170 test_case_0273 test_case_0163 test_case_0085 test_case_0335 test_case_0407 test_case_0207 test_case_0435 test_case_0172 test_case_0408 test_case_0293 test_case_0246 test_case_0385 test_case_0395 test_case_0373 test_case_0326 test_case_0180 test_case_0134 test_case_0194
test_name,100,172,test_case_0172,v1,True,True,6,82,test_case_0373 FAILED test_case_0085 test_case_0172 test_case_0194 test_case_0134
test_name,100,172,test_case_0172,v2,True,True,6,90,test_case_0172 test_case_0373 test_case_0085 test_case_0194 test_case_0134 test_case_0180
test_name,100,172,test_case_0172,oracle,True,True,1,15,test_case_0172
test_name,100,51,test_case_0051,user_only,True,False,0,0,
test_name,100,51,test_case_0051,naive,True,True,21,315,test_case_0354 test_case_0084 test_case_0221 test_case_0437 test_case_0316 test_case_0318 test_case_0404 test_case_0092 test_case_0419 test_case_0337 test_case_0051 test_case_0367 test_case_0053 test_case_0408 test_case_0254 test_case_0165 test_case_0398 test_case_0302 test_case_0393 test_case_0303 test_case_0110
test_name,100,51,test_case_0051,v1,True,True,6,82,test_case_0398 FAILED test_case_0318 test_case_0051 test_case_0110 test_case_0303
test_name,100,51,test_case_0051,v2,True,True,6,90,test_case_0051 test_case_0398 test_case_0318 test_case_0110 test_case_0303 test_case_0393
test_name,100,51,test_case_0051,oracle,True,True,1,15,test_case_0051
test_name,100,364,test_case_0364,user_only,False,False,0,0,
test_name,100,364,test_case_0364,naive,True,True,21,315,test_case_0096 test_case_0287 test_case_0118 test_case_0369 test_case_0413 test_case_0388 test_case_0205 test_case_0124 test_case_0239 test_case_0248 test_case_0364 test_case_0179 test_case_0354 test_case_0165 test_case_0147 test_case_0237 test_case_0182 test_case_0227 test_case_0380 test_case_0262 test_case_0144
test_name,100,364,test_case_0364,v1,True,True,6,82,test_case_0182 FAILED test_case_0388 test_case_0364 test_case_0144 test_case_0262
test_name,100,364,test_case_0364,v2,True,True,6,90,test_case_0364 test_case_0182 test_case_0388 test_case_0144 test_case_0262 test_case_0380
test_name,100,364,test_case_0364,oracle,True,True,1,15,test_case_0364
test_name,100,91,test_case_0091,user_only,True,False,0,0,
test_name,100,91,test_case_0091,naive,True,True,21,315,test_case_0052 test_case_0441 test_case_0287 test_case_0155 test_case_0151 test_case_0277 test_case_0181 test_case_0214 test_case_0364 test_case_0120 test_case_0091 test_case_0268 test_case_0078 test_case_0165 test_case_0131 test_case_0224 test_case_0334 test_case_0152 test_case_0330 test_case_0221 test_case_0110
test_name,100,91,test_case_0091,v1,True,True,6,82,test_case_0334 FAILED test_case_0277 test_case_0091 test_case_0110 test_case_0221
test_name,100,91,test_case_0091,v2,True,True,6,90,test_case_0091 test_case_0334 test_case_0277 test_case_0110 test_case_0221 test_case_0330
test_name,100,91,test_case_0091,oracle,True,True,1,15,test_case_0091
test_name,100,106,test_case_0106,user_only,False,False,0,0,
test_name,100,106,test_case_0106,naive,True,True,21,315,test_case_0215 test_case_0161 test_case_0179 test_case_0324 test_case_0384 test_case_0120 test_case_0313 test_case_0268 test_case_0187 test_case_0402 test_case_0106 test_case_0245 test_case_0209 test_case_0135 test_case_0423 test_case_0333 test_case_0342 test_case_0144 test_case_0347 test_case_0325 test_case_0449
test_name,100,106,test_case_0106,v1,True,True,6,82,test_case_0342 FAILED test_case_0120 test_case_0106 test_case_0449 test_case_0325
test_name,100,106,test_case_0106,v2,True,True,6,90,test_case_0106 test_case_0342 test_case_0120 test_case_0449 test_case_0325 test_case_0347
test_name,100,106,test_case_0106,oracle,True,True,1,15,test_case_0106
test_name,100,197,test_case_0197,user_only,False,False,0,0,
test_name,100,197,test_case_0197,naive,True,True,21,315,test_case_0296 test_case_0166 test_case_0176 test_case_0336 test_case_0146 test_case_0272 test_case_0267 test_case_0137 test_case_0385 test_case_0056 test_case_0197 test_case_0134 test_case_0123 test_case_0364 test_case_0136 test_case_0423 test_case_0067 test_case_0068 test_case_0401 test_case_0128 test_case_0362
test_name,100,197,test_case_0197,v1,True,True,6,82,test_case_0067 FAILED test_case_0272 test_case_0197 test_case_0362 test_case_0128
test_name,100,197,test_case_0197,v2,True,True,6,90,test_case_0197 test_case_0067 test_case_0272 test_case_0362 test_case_0128 test_case_0401
test_name,100,197,test_case_0197,oracle,True,True,1,15,test_case_0197
test_name,100,100,test_case_0100,user_only,False,False,0,0,
test_name,100,100,test_case_0100,naive,True,True,21,315,test_case_0366 test_case_0297 test_case_0336 test_case_0091 test_case_0215 test_case_0204 test_case_0296 test_case_0319 test_case_0241 test_case_0077 test_case_0100 test_case_0407 test_case_0201 test_case_0136 test_case_0096 test_case_0057 test_case_0439 test_case_0148 test_case_0290 test_case_0288 test_case_0307
test_name,100,100,test_case_0100,v1,True,True,6,82,test_case_0439 FAILED test_case_0204 test_case_0100 test_case_0307 test_case_0288
test_name,100,100,test_case_0100,v2,True,True,6,90,test_case_0100 test_case_0439 test_case_0204 test_case_0307 test_case_0288 test_case_0290
test_name,100,100,test_case_0100,oracle,True,True,1,15,test_case_0100
test_name,100,280,test_case_0280,user_only,False,False,0,0,
test_name,100,280,test_case_0280,naive,True,True,21,315,test_case_0236 test_case_0351 test_case_0293 test_case_0176 test_case_0353 test_case_0405 test_case_0123 test_case_0429 test_case_0288 test_case_0083 test_case_0280 test_case_0062 test_case_0071 test_case_0389 test_case_0106 test_case_0387 test_case_0281 test_case_0113 test_case_0221 test_case_0329 test_case_0199
test_name,100,280,test_case_0280,v1,True,True,6,82,test_case_0281 FAILED test_case_0405 test_case_0280 test_case_0199 test_case_0329
test_name,100,280,test_case_0280,v2,True,True,6,90,test_case_0280 test_case_0281 test_case_0405 test_case_0199 test_case_0329 test_case_0221
test_name,100,280,test_case_0280,oracle,True,True,1,15,test_case_0280
test_name,100,55,test_case_0055,user_only,True,False,0,0,
test_name,100,55,test_case_0055,naive,True,True,21,315,test_case_0396 test_case_0260 test_case_0315 test_case_0416 test_case_0150 test_case_0233 test_case_0389 test_case_0074 test_case_0210 test_case_0057 test_case_0055 test_case_0085 test_case_0322 test_case_0286 test_case_0125 test_case_0229 test_case_0117 test_case_0183 test_case_0066 test_case_0265 test_case_0411
test_name,100,55,test_case_0055,v1,True,True,6,82,test_case_0117 FAILED test_case_0233 test_case_0055 test_case_0411 test_case_0265
test_name,100,55,test_case_0055,v2,True,True,6,90,test_case_0055 test_case_0117 test_case_0233 test_case_0411 test_case_0265 test_case_0066
test_name,100,55,test_case_0055,oracle,True,True,1,15,test_case_0055
test_name,100,400,test_case_0400,user_only,False,False,0,0,
test_name,100,400,test_case_0400,naive,True,True,21,315,test_case_0326 test_case_0265 test_case_0171 test_case_0419 test_case_0054 test_case_0168 test_case_0302 test_case_0200 test_case_0420 test_case_0329 test_case_0400 test_case_0183 test_case_0220 test_case_0159 test_case_0333 test_case_0093 test_case_0056 test_case_0236 test_case_0344 test_case_0306 test_case_0450
test_name,100,400,test_case_0400,v1,True,True,6,82,test_case_0056 FAILED test_case_0168 test_case_0400 test_case_0450 test_case_0306
test_name,100,400,test_case_0400,v2,True,True,6,90,test_case_0400 test_case_0056 test_case_0168 test_case_0450 test_case_0306 test_case_0344
test_name,100,400,test_case_0400,oracle,True,True,1,15,test_case_0400
test_name,100,397,test_case_0397,user_only,False,False,0,0,
test_name,100,397,test_case_0397,naive,True,True,21,315,test_case_0091 test_case_0149 test_case_0196 test_case_0089 test_case_0301 test_case_0073 test_case_0176 test_case_0083 test_case_0161 test_case_0264 test_case_0397 test_case_0439 test_case_0125 test_case_0200 test_case_0360 test_case_0166 test_case_0121 test_case_0299 test_case_0369 test_case_0248 test_case_0444
test_name,100,397,test_case_0397,v1,True,True,6,82,test_case_0121 FAILED test_case_0073 test_case_0397 test_case_0444 test_case_0248
test_name,100,397,test_case_0397,v2,True,True,6,90,test_case_0397 test_case_0121 test_case_0073 test_case_0444 test_case_0248 test_case_0369
test_name,100,397,test_case_0397,oracle,True,True,1,15,test_case_0397
test_name,100,210,test_case_0210,user_only,False,False,0,0,
test_name,100,210,test_case_0210,naive,True,True,21,315,test_case_0063 test_case_0147 test_case_0077 test_case_0337 test_case_0401 test_case_0426 test_case_0432 test_case_0231 test_case_0276 test_case_0252 test_case_0210 test_case_0163 test_case_0149 test_case_0290 test_case_0239 test_case_0235 test_case_0306 test_case_0327 test_case_0347 test_case_0293 test_case_0050
test_name,100,210,test_case_0210,v1,True,True,6,82,test_case_0306 FAILED test_case_0426 test_case_0210 test_case_0050 test_case_0293
test_name,100,210,test_case_0210,v2,True,True,6,90,test_case_0210 test_case_0306 test_case_0426 test_case_0050 test_case_0293 test_case_0347
test_name,100,210,test_case_0210,oracle,True,True,1,15,test_case_0210
test_name,100,157,test_case_0157,user_only,False,False,0,0,
test_name,100,157,test_case_0157,naive,True,True,21,315,test_case_0126 test_case_0329 test_case_0212 test_case_0386 test_case_0375 test_case_0191 test_case_0429 test_case_0094 test_case_0155 test_case_0439 test_case_0157 test_case_0189 test_case_0310 test_case_0161 test_case_0204 test_case_0076 test_case_0374 test_case_0288 test_case_0317 test_case_0146 test_case_0202
test_name,100,157,test_case_0157,v1,True,True,6,82,test_case_0374 FAILED test_case_0191 test_case_0157 test_case_0202 test_case_0146
test_name,100,157,test_case_0157,v2,True,True,6,90,test_case_0157 test_case_0374 test_case_0191 test_case_0202 test_case_0146 test_case_0317
test_name,100,157,test_case_0157,oracle,True,True,1,15,test_case_0157
test_name,100,253,test_case_0253,user_only,False,False,0,0,
test_name,100,253,test_case_0253,naive,True,True,21,315,test_case_0117 test_case_0207 test_case_0098 test_case_0226 test_case_0447 test_case_0189 test_case_0271 test_case_0313 test_case_0144 test_case_0277 test_case_0253 test_case_0309 test_case_0401 test_case_0141 test_case_0238 test_case_0233 test_case_0197 test_case_0069 test_case_0241 test_case_0168 test_case_0155
test_name,100,253,test_case_0253,v1,True,True,6,82,test_case_0197 FAILED test_case_0189 test_case_0253 test_case_0155 test_case_0168
test_name,100,253,test_case_0253,v2,True,True,6,90,test_case_0253 test_case_0197 test_case_0189 test_case_0155 test_case_0168 test_case_0241
test_name,100,253,test_case_0253,oracle,True,True,1,15,test_case_0253
test_name,100,178,test_case_0178,user_only,False,False,0,0,
test_name,100,178,test_case_0178,naive,True,True,21,315,test_case_0298 test_case_0185 test_case_0060 test_case_0394 test_case_0051 test_case_0121 test_case_0205 test_case_0066 test_case_0358 test_case_0446 test_case_0178 test_case_0444 test_case_0200 test_case_0372 test_case_0198 test_case_0078 test_case_0411 test_case_0377 test_case_0305 test_case_0194 test_case_0099
test_name,100,178,test_case_0178,v1,True,True,6,82,test_case_0411 FAILED test_case_0121 test_case_0178 test_case_0099 test_case_0194
test_name,100,178,test_case_0178,v2,True,True,6,90,test_case_0178 test_case_0411 test_case_0121 test_case_0099 test_case_0194 test_case_0305
test_name,100,178,test_case_0178,oracle,True,True,1,15,test_case_0178
test_name,100,228,test_case_0228,user_only,False,False,0,0,
test_name,100,228,test_case_0228,naive,True,True,21,315,test_case_0096 test_case_0150 test_case_0347 test_case_0300 test_case_0196 test_case_0085 test_case_0213 test_case_0450 test_case_0062 test_case_0378 test_case_0228 test_case_0211 test_case_0056 test_case_0112 test_case_0306 test_case_0371 test_case_0088 test_case_0209 test_case_0101 test_case_0421 test_case_0283
test_name,100,228,test_case_0228,v1,True,True,6,82,test_case_0088 FAILED test_case_0085 test_case_0228 test_case_0283 test_case_0421
test_name,100,228,test_case_0228,v2,True,True,6,90,test_case_0228 test_case_0088 test_case_0085 test_case_0283 test_case_0421 test_case_0101
test_name,100,228,test_case_0228,oracle,True,True,1,15,test_case_0228
test_name,100,232,test_case_0232,user_only,False,False,0,0,
test_name,100,232,test_case_0232,naive,True,True,21,315,test_case_0260 test_case_0221 test_case_0411 test_case_0393 test_case_0341 test_case_0424 test_case_0068 test_case_0097 test_case_0183 test_case_0182 test_case_0232 test_case_0343 test_case_0205 test_case_0134 test_case_0225 test_case_0233 test_case_0124 test_case_0390 test_case_0389 test_case_0449 test_case_0259
test_name,100,232,test_case_0232,v1,True,True,6,82,test_case_0124 FAILED test_case_0424 test_case_0232 test_case_0259 test_case_0449
test_name,100,232,test_case_0232,v2,True,True,6,90,test_case_0232 test_case_0124 test_case_0424 test_case_0259 test_case_0449 test_case_0389
test_name,100,232,test_case_0232,oracle,True,True,1,15,test_case_0232
test_name,100,242,test_case_0242,user_only,False,False,0,0,
test_name,100,242,test_case_0242,naive,True,True,21,315,test_case_0365 test_case_0182 test_case_0110 test_case_0264 test_case_0328 test_case_0160 test_case_0433 test_case_0287 test_case_0079 test_case_0443 test_case_0242 test_case_0431 test_case_0325 test_case_0174 test_case_0350 test_case_0438 test_case_0273 test_case_0203 test_case_0334 test_case_0372 test_case_0329
test_name,100,242,test_case_0242,v1,True,True,6,82,test_case_0273 FAILED test_case_0160 test_case_0242 test_case_0329 test_case_0372
test_name,100,242,test_case_0242,v2,True,True,6,90,test_case_0242 test_case_0273 test_case_0160 test_case_0329 test_case_0372 test_case_0334
test_name,100,242,test_case_0242,oracle,True,True,1,15,test_case_0242
test_name,100,431,test_case_0431,user_only,False,False,0,0,
test_name,100,431,test_case_0431,naive,True,True,21,315,test_case_0123 test_case_0328 test_case_0214 test_case_0409 test_case_0372 test_case_0275 test_case_0143 test_case_0371 test_case_0363 test_case_0347 test_case_0431 test_case_0227 test_case_0321 test_case_0200 test_case_0303 test_case_0397 test_case_0078 test_case_0446 test_case_0130 test_case_0272 test_case_0220
test_name,100,431,test_case_0431,v1,True,True,6,82,test_case_0078 FAILED test_case_0275 test_case_0431 test_case_0220 test_case_0272
test_name,100,431,test_case_0431,v2,True,True,6,90,test_case_0431 test_case_0078 test_case_0275 test_case_0220 test_case_0272 test_case_0130
test_name,100,431,test_case_0431,oracle,True,True,1,15,test_case_0431
test_name,100,376,test_case_0376,user_only,False,False,0,0,
test_name,100,376,test_case_0376,naive,True,True,21,315,test_case_0205 test_case_0176 test_case_0428 test_case_0117 test_case_0183 test_case_0220 test_case_0383 test_case_0101 test_case_0239 test_case_0237 test_case_0376 test_case_0301 test_case_0247 test_case_0080 test_case_0193 test_case_0426 test_case_0358 test_case_0244 test_case_0179 test_case_0141 test_case_0440
test_name,100,376,test_case_0376,v1,True,True,6,82,test_case_0358 FAILED test_case_0220 test_case_0376 test_case_0440 test_case_0141
test_name,100,376,test_case_0376,v2,True,True,6,90,test_case_0376 test_case_0358 test_case_0220 test_case_0440 test_case_0141 test_case_0179
test_name,100,376,test_case_0376,oracle,True,True,1,15,test_case_0376
test_name,100,89,test_case_0089,user_only,True,False,0,0,
test_name,100,89,test_case_0089,naive,True,True,21,315,test_case_0399 test_case_0301 test_case_0282 test_case_0411 test_case_0228 test_case_0112 test_case_0230 test_case_0086 test_case_0343 test_case_0371 test_case_0089 test_case_0400 test_case_0293 test_case_0406 test_case_0189 test_case_0292 test_case_0141 test_case_0286 test_case_0320 test_case_0342 test_case_0165
test_name,100,89,test_case_0089,v1,True,True,6,82,test_case_0141 FAILED test_case_0112 test_case_0089 test_case_0165 test_case_0342
test_name,100,89,test_case_0089,v2,True,True,6,90,test_case_0089 test_case_0141 test_case_0112 test_case_0165 test_case_0342 test_case_0320
test_name,100,89,test_case_0089,oracle,True,True,1,15,test_case_0089
test_name,100,420,test_case_0420,user_only,False,False,0,0,
test_name,100,420,test_case_0420,naive,True,True,21,315,test_case_0125 test_case_0127 test_case_0429 test_case_0264 test_case_0356 test_case_0228 test_case_0109 test_case_0389 test_case_0406 test_case_0326 test_case_0420 test_case_0443 test_case_0168 test_case_0063 test_case_0318 test_case_0206 test_case_0291 test_case_0136 test_case_0162 test_case_0307 test_case_0284
test_name,100,420,test_case_0420,v1,True,True,6,82,test_case_0291 FAILED test_case_0228 test_case_0420 test_case_0284 test_case_0307
test_name,100,420,test_case_0420,v2,True,True,6,90,test_case_0420 test_case_0291 test_case_0228 test_case_0284 test_case_0307 test_case_0162
test_name,100,420,test_case_0420,oracle,True,True,1,15,test_case_0420
test_name,100,224,test_case_0224,user_only,False,False,0,0,
test_name,100,224,test_case_0224,naive,True,True,21,315,test_case_0173 test_case_0390 test_case_0415 test_case_0146 test_case_0412 test_case_0239 test_case_0230 test_case_0166 test_case_0208 test_case_0161 test_case_0224 test_case_0113 test_case_0115 test_case_0414 test_case_0233 test_case_0219 test_case_0401 test_case_0369 test_case_0073 test_case_0140 test_case_0441
test_name,100,224,test_case_0224,v1,True,True,6,82,test_case_0401 FAILED test_case_0239 test_case_0224 test_case_0441 test_case_0140
test_name,100,224,test_case_0224,v2,True,True,6,90,test_case_0224 test_case_0401 test_case_0239 test_case_0441 test_case_0140 test_case_0073
test_name,100,224,test_case_0224,oracle,True,True,1,15,test_case_0224
test_name,100,95,test_case_0095,user_only,True,False,0,0,
test_name,100,95,test_case_0095,naive,True,True,21,315,test_case_0118 test_case_0117 test_case_0343 test_case_0305 test_case_0306 test_case_0393 test_case_0278 test_case_0348 test_case_0281 test_case_0246 test_case_0095 test_case_0226 test_case_0258 test_case_0240 test_case_0416 test_case_0239 test_case_0201 test_case_0285 test_case_0410 test_case_0138 test_case_0134
test_name,100,95,test_case_0095,v1,True,True,6,82,test_case_0201 FAILED test_case_0393 test_case_0095 test_case_0134 test_case_0138
test_name,100,95,test_case_0095,v2,True,True,6,90,test_case_0095 test_case_0201 test_case_0393 test_case_0134 test_case_0138 test_case_0410
test_name,100,95,test_case_0095,oracle,True,True,1,15,test_case_0095
test_name,100,335,test_case_0335,user_only,False,False,0,0,
test_name,100,335,test_case_0335,naive,True,True,21,315,test_case_0399 test_case_0450 test_case_0231 test_case_0271 test_case_0416 test_case_0285 test_case_0118 test_case_0093 test_case_0316 test_case_0277 test_case_0335 test_case_0314 test_case_0381 test_case_0305 test_case_0061 test_case_0084 test_case_0116 test_case_0240 test_case_0080 test_case_0129 test_case_0350
test_name,100,335,test_case_0335,v1,True,True,6,82,test_case_0116 FAILED test_case_0285 test_case_0335 test_case_0350 test_case_0129
test_name,100,335,test_case_0335,v2,True,True,6,90,test_case_0335 test_case_0116 test_case_0285 test_case_0350 test_case_0129 test_case_0080
test_name,100,335,test_case_0335,oracle,True,True,1,15,test_case_0335
test_name,100,325,test_case_0325,user_only,False,False,0,0,
test_name,100,325,test_case_0325,naive,True,True,21,315,test_case_0352 test_case_0148 test_case_0432 test_case_0420 test_case_0151 test_case_0213 test_case_0103 test_case_0276 test_case_0296 test_case_0244 test_case_0325 test_case_0324 test_case_0278 test_case_0195 test_case_0235 test_case_0407 test_case_0246 test_case_0218 test_case_0376 test_case_0437 test_case_0063
test_name,100,325,test_case_0325,v1,True,True,6,82,test_case_0246 FAILED test_case_0213 test_case_0325 test_case_0063 test_case_0437
test_name,100,325,test_case_0325,v2,True,True,6,90,test_case_0325 test_case_0246 test_case_0213 test_case_0063 test_case_0437 test_case_0376
test_name,100,325,test_case_0325,oracle,True,True,1,15,test_case_0325
test_name,100,199,test_case_0199,user_only,False,False,0,0,
test_name,100,199,test_case_0199,naive,True,True,21,315,test_case_0075 test_case_0092 test_case_0321 test_case_0229 test_case_0149 test_case_0348 test_case_0296 test_case_0243 test_case_0362 test_case_0428 test_case_0199 test_case_0361 test_case_0336 test_case_0095 test_case_0422 test_case_0425 test_case_0107 test_case_0341 test_case_0093 test_case_0374 test_case_0082
test_name,100,199,test_case_0199,v1,True,True,6,82,test_case_0107 FAILED test_case_0348 test_case_0199 test_case_0082 test_case_0374
test_name,100,199,test_case_0199,v2,True,True,6,90,test_case_0199 test_case_0107 test_case_0348 test_case_0082 test_case_0374 test_case_0093
test_name,100,199,test_case_0199,oracle,True,True,1,15,test_case_0199
test_name,100,284,test_case_0284,user_only,False,False,0,0,
test_name,100,284,test_case_0284,naive,True,True,21,315,test_case_0410 test_case_0141 test_case_0289 test_case_0355 test_case_0352 test_case_0154 test_case_0096 test_case_0372 test_case_0224 test_case_0170 test_case_0284 test_case_0099 test_case_0446 test_case_0113 test_case_0159 test_case_0070 test_case_0241 test_case_0290 test_case_0105 test_case_0292 test_case_0324
test_name,100,284,test_case_0284,v1,True,True,6,82,test_case_0241 FAILED test_case_0154 test_case_0284 test_case_0324 test_case_0292
test_name,100,284,test_case_0284,v2,True,True,6,90,test_case_0284 test_case_0241 test_case_0154 test_case_0324 test_case_0292 test_case_0105
test_name,100,284,test_case_0284,oracle,True,True,1,15,test_case_0284
test_name,100,122,test_case_0122,user_only,False,False,0,0,
test_name,100,122,test_case_0122,naive,True,True,21,315,test_case_0263 test_case_0239 test_case_0380 test_case_0423 test_case_0416 test_case_0254 test_case_0108 test_case_0074 test_case_0076 test_case_0248 test_case_0122 test_case_0270 test_case_0145 test_case_0426 test_case_0152 test_case_0178 test_case_0195 test_case_0211 test_case_0224 test_case_0090 test_case_0146
test_name,100,122,test_case_0122,v1,True,True,6,82,test_case_0195 FAILED test_case_0254 test_case_0122 test_case_0146 test_case_0090
test_name,100,122,test_case_0122,v2,True,True,6,90,test_case_0122 test_case_0195 test_case_0254 test_case_0146 test_case_0090 test_case_0224
test_name,100,122,test_case_0122,oracle,True,True,1,15,test_case_0122
exception,10,110,Service0110Error,user_only,False,False,0,0,
exception,10,110,Service0110Error,naive,True,True,21,357,Service0401Error Service0282Error Service0446Error Service0131Error Service0073Error Service0149Error Service0063Error Service0118Error Service0178Error Service0120Error Service0110Error Service0220Error Service0448Error Service0294Error Service0074Error Service0316Error Service0281Error Service0197Error Service0058Error Service0292Error Service0179Error
exception,10,110,Service0110Error,v1,True,True,6,102,Service0110Error Service0281Error Service0179Error Service0292Error Service0058Error Service0197Error
exception,10,110,Service0110Error,v2,True,True,6,102,Service0110Error Service0281Error Service0149Error Service0179Error Service0292Error Service0058Error
exception,10,110,Service0110Error,oracle,True,True,1,17,Service0110Error
exception,10,213,Service0213Error,user_only,False,False,0,0,
exception,10,213,Service0213Error,naive,False,True,21,357,Service0058Error Service0278Error Service0333Error Service0415Error Service0294Error Service0142Error Service0314Error Service0114Error Service0338Error Service0214Error Service0213Error Service0282Error Service0123Error Service0155Error Service0351Error Service0302Error Service0157Error Service0170Error Service0092Error Service0126Error Service0086Error
exception,10,213,Service0213Error,v1,True,True,6,102,Service0213Error Service0157Error Service0086Error Service0126Error Service0092Error Service0170Error
exception,10,213,Service0213Error,v2,True,True,6,102,Service0213Error Service0157Error Service0142Error Service0086Error Service0126Error Service0092Error
exception,10,213,Service0213Error,oracle,True,True,1,17,Service0213Error
exception,10,307,Service0307Error,user_only,False,False,0,0,
exception,10,307,Service0307Error,naive,False,True,21,357,Service0355Error Service0252Error Service0059Error Service0089Error Service0149Error Service0188Error Service0056Error Service0194Error Service0232Error Service0300Error Service0307Error Service0257Error Service0237Error Service0271Error Service0315Error Service0311Error Service0236Error Service0187Error Service0427Error Service0304Error Service0080Error
exception,10,307,Service0307Error,v1,True,True,6,102,Service0307Error Service0236Error Service0080Error Service0304Error Service0427Error Service0187Error
exception,10,307,Service0307Error,v2,True,True,6,102,Service0307Error Service0236Error Service0188Error Service0080Error Service0304Error Service0427Error
exception,10,307,Service0307Error,oracle,True,True,1,17,Service0307Error
exception,10,312,Service0312Error,user_only,False,False,0,0,
exception,10,312,Service0312Error,naive,False,True,21,357,Service0377Error Service0245Error Service0297Error Service0274Error Service0314Error Service0064Error Service0229Error Service0284Error Service0255Error Service0425Error Service0312Error Service0178Error Service0107Error Service0323Error Service0073Error Service0074Error Service0151Error Service0208Error Service0357Error Service0344Error Service0270Error
exception,10,312,Service0312Error,v1,True,True,6,102,Service0312Error Service0151Error Service0270Error Service0344Error Service0357Error Service0208Error
exception,10,312,Service0312Error,v2,True,True,6,102,Service0312Error Service0151Error Service0064Error Service0270Error Service0344Error Service0357Error
exception,10,312,Service0312Error,oracle,True,True,1,17,Service0312Error
exception,10,381,Service0381Error,user_only,False,False,0,0,
exception,10,381,Service0381Error,naive,False,True,21,357,Service0437Error Service0395Error Service0116Error Service0421Error Service0234Error Service0265Error Service0379Error Service0355Error Service0109Error Service0226Error Service0381Error Service0098Error Service0291Error Service0213Error Service0063Error Service0416Error Service0289Error Service0216Error Service0276Error Service0138Error Service0112Error
exception,10,381,Service0381Error,v1,True,True,6,102,Service0381Error Service0289Error Service0112Error Service0138Error Service0276Error Service0216Error
exception,10,381,Service0381Error,v2,True,True,6,102,Service0381Error Service0289Error Service0265Error Service0112Error Service0138Error Service0276Error
exception,10,381,Service0381Error,oracle,True,True,1,17,Service0381Error
exception,10,102,Service0102Error,user_only,False,False,0,0,
exception,10,102,Service0102Error,naive,True,True,21,357,Service0250Error Service0127Error Service0199Error Service0154Error Service0433Error Service0262Error Service0422Error Service0256Error Service0290Error Service0180Error Service0102Error Service0219Error Service0155Error Service0294Error Service0066Error Service0391Error Service0334Error Service0270Error Service0297Error Service0139Error Service0118Error
exception,10,102,Service0102Error,v1,True,True,6,102,Service0102Error Service0334Error Service0118Error Service0139Error Service0297Error Service0270Error
exception,10,102,Service0102Error,v2,True,True,6,102,Service0102Error Service0334Error Service0262Error Service0118Error Service0139Error Service0297Error
exception,10,102,Service0102Error,oracle,True,True,1,17,Service0102Error
exception,10,164,Service0164Error,user_only,False,False,0,0,
exception,10,164,Service0164Error,naive,True,True,21,357,Service0070Error Service0210Error Service0299Error Service0137Error Service0315Error Service0082Error Service0276Error Service0304Error Service0262Error Service0409Error Service0164Error Service0056Error Service0159Error Service0346Error Service0442Error Service0358Error Service0388Error Service0302Error Service0127Error Service0180Error Service0376Error
exception,10,164,Service0164Error,v1,True,True,6,102,Service0164Error Service0388Error Service0376Error Service0180Error Service0127Error Service0302Error
exception,10,164,Service0164Error,v2,True,True,6,102,Service0164Error Service0388Error Service0082Error Service0376Error Service0180Error Service0127Error
exception,10,164,Service0164Error,oracle,True,True,1,17,Service0164Error
exception,10,357,Service0357Error,user_only,False,False,0,0,
exception,10,357,Service0357Error,naive,False,True,21,357,Service0245Error Service0150Error Service0283Error Service0272Error Service0292Error Service0171Error Service0277Error Service0412Error Service0316Error Service0378Error Service0357Error Service0438Error Service0210Error Service0160Error Service0060Error Service0182Error Service0136Error Service0294Error Service0293Error Service0122Error Service0072Error
exception,10,357,Service0357Error,v1,True,True,6,102,Service0357Error Service0136Error Service0072Error Service0122Error Service0293Error Service0294Error
exception,10,357,Service0357Error,v2,True,True,6,102,Service0357Error Service0136Error Service0171Error Service0072Error Service0122Error Service0293Error
exception,10,357,Service0357Error,oracle,True,True,1,17,Service0357Error
exception,10,368,Service0368Error,user_only,False,False,0,0,
exception,10,368,Service0368Error,naive,False,True,21,357,Service0348Error Service0376Error Service0143Error Service0119Error Service0267Error Service0425Error Service0189Error Service0100Error Service0054Error Service0149Error Service0368Error Service0397Error Service0218Error Service0096Error Service0303Error Service0394Error Service0076Error Service0207Error Service0153Error Service0230Error Service0231Error
exception,10,368,Service0368Error,v1,True,True,6,102,Service0368Error Service0076Error Service0231Error Service0230Error Service0153Error Service0207Error
exception,10,368,Service0368Error,v2,True,True,6,102,Service0368Error Service0076Error Service0425Error Service0231Error Service0230Error Service0153Error
exception,10,368,Service0368Error,oracle,True,True,1,17,Service0368Error
exception,10,334,Service0334Error,user_only,False,False,0,0,
exception,10,334,Service0334Error,naive,False,True,21,357,Service0248Error Service0306Error Service0170Error Service0313Error Service0438Error Service0117Error Service0058Error Service0328Error Service0056Error Service0086Error Service0334Error Service0374Error Service0091Error Service0406Error Service0389Error Service0123Error Service0239Error Service0071Error Service0053Error Service0273Error Service0432Error
exception,10,334,Service0334Error,v1,True,True,6,102,Service0334Error Service0239Error Service0432Error Service0273Error Service0053Error Service0071Error
exception,10,334,Service0334Error,v2,True,True,6,102,Service0334Error Service0239Error Service0117Error Service0432Error Service0273Error Service0053Error
exception,10,334,Service0334Error,oracle,True,True,1,17,Service0334Error
exception,10,265,Service0265Error,user_only,False,False,0,0,
exception,10,265,Service0265Error,naive,False,True,21,357,Service0232Error Service0176Error Service0399Error Service0063Error Service0338Error Service0115Error Service0324Error Service0053Error Service0313Error Service0308Error Service0265Error Service0248Error Service0201Error Service0119Error Service0113Error Service0099Error Service0237Error Service0125Error Service0254Error Service0171Error Service0408Error
exception,10,265,Service0265Error,v1,True,True,6,102,Service0265Error Service0237Error Service0408Error Service0171Error Service0254Error Service0125Error
exception,10,265,Service0265Error,v2,True,True,6,102,Service0265Error Service0237Error Service0115Error Service0408Error Service0171Error Service0254Error
exception,10,265,Service0265Error,oracle,True,True,1,17,Service0265Error
exception,10,343,Service0343Error,user_only,False,False,0,0,
exception,10,343,Service0343Error,naive,False,True,21,357,Service0419Error Service0210Error Service0137Error Service0428Error Service0173Error Service0104Error Service0444Error Service0333Error Service0080Error Service0254Error Service0343Error Service0350Error Service0328Error Service0189Error Service0079Error Service0292Error Service0168Error Service0304Error Service0190Error Service0120Error Service0068Error
exception,10,343,Service0343Error,v1,True,True,6,102,Service0343Error Service0168Error Service0068Error Service0120Error Service0190Error Service0304Error
exception,10,343,Service0343Error,v2,True,True,6,102,Service0343Error Service0168Error Service0104Error Service0068Error Service0120Error Service0190Error
exception,10,343,Service0343Error,oracle,True,True,1,17,Service0343Error
exception,10,330,Service0330Error,user_only,False,False,0,0,
exception,10,330,Service0330Error,naive,False,True,21,357,Service0253Error Service0098Error Service0274Error Service0265Error Service0288Error Service0398Error Service0240Error Service0143Error Service0439Error Service0406Error Service0330Error Service0238Error Service0339Error Service0068Error Service0266Error Service0099Error Service0304Error Service0387Error Service0254Error Service0188Error Service0427Error
exception,10,330,Service0330Error,v1,True,True,6,102,Service0330Error Service0304Error Service0427Error Service0188Error Service0254Error Service0387Error
exception,10,330,Service0330Error,v2,True,True,6,102,Service0330Error Service0304Error Service0398Error Service0427Error Service0188Error Service0254Error
exception,10,330,Service0330Error,oracle,True,True,1,17,Service0330Error
exception,10,424,Service0424Error,user_only,False,False,0,0,
exception,10,424,Service0424Error,naive,False,True,21,357,Service0086Error Service0094Error Service0450Error Service0217Error Service0293Error Service0299Error Service0242Error Service0167Error Service0403Error Service0420Error Service0424Error Service0099Error Service0107Error Service0236Error Service0230Error Service0390Error Service0100Error Service0125Error Service0415Error Service0243Error Service0129Error
exception,10,424,Service0424Error,v1,True,True,6,102,Service0424Error Service0100Error Service0129Error Service0243Error Service0415Error Service0125Error
exception,10,424,Service0424Error,v2,True,True,6,102,Service0424Error Service0100Error Service0299Error Service0129Error Service0243Error Service0415Error
exception,10,424,Service0424Error,oracle,True,True,1,17,Service0424Error
exception,10,447,Service0447Error,user_only,False,False,0,0,
exception,10,447,Service0447Error,naive,False,True,21,357,Service0421Error Service0361Error Service0183Error Service0258Error Service0218Error Service0439Error Service0169Error Service0165Error Service0327Error Service0377Error Service0447Error Service0299Error Service0359Error Service0226Error Service0117Error Service0114Error Service0343Error Service0056Error Service0291Error Service0277Error Service0297Error
exception,10,447,Service0447Error,v1,True,True,6,102,Service0447Error Service0343Error Service0297Error Service0277Error Service0291Error Service0056Error
exception,10,447,Service0447Error,v2,True,True,6,102,Service0447Error Service0343Error Service0439Error Service0297Error Service0277Error Service0291Error
exception,10,447,Service0447Error,oracle,True,True,1,17,Service0447Error
exception,10,443,Service0443Error,user_only,False,False,0,0,
exception,10,443,Service0443Error,naive,False,True,21,357,Service0426Error Service0291Error Service0115Error Service0334Error Service0311Error Service0181Error Service0128Error Service0079Error Service0252Error Service0136Error Service0443Error Service0069Error Service0222Error Service0176Error Service0178Error Service0186Error Service0282Error Service0104Error Service0399Error Service0088Error Service0112Error
exception,10,443,Service0443Error,v1,True,True,6,102,Service0443Error Service0282Error Service0112Error Service0088Error Service0399Error Service0104Error
exception,10,443,Service0443Error,v2,True,True,6,102,Service0443Error Service0282Error Service0181Error Service0112Error Service0088Error Service0399Error
exception,10,443,Service0443Error,oracle,True,True,1,17,Service0443Error
exception,10,301,Service0301Error,user_only,False,False,0,0,
exception,10,301,Service0301Error,naive,False,True,21,357,Service0378Error Service0087Error Service0137Error Service0230Error Service0426Error Service0277Error Service0172Error Service0242Error Service0053Error Service0404Error Service0301Error Service0152Error Service0228Error Service0203Error Service0145Error Service0095Error Service0124Error Service0054Error Service0321Error Service0073Error Service0412Error
exception,10,301,Service0301Error,v1,True,True,6,102,Service0301Error Service0124Error Service0412Error Service0073Error Service0321Error Service0054Error
exception,10,301,Service0301Error,v2,True,True,6,102,Service0301Error Service0124Error Service0277Error Service0412Error Service0073Error Service0321Error
exception,10,301,Service0301Error,oracle,True,True,1,17,Service0301Error
exception,10,434,Service0434Error,user_only,False,False,0,0,
exception,10,434,Service0434Error,naive,False,True,21,357,Service0332Error Service0154Error Service0156Error Service0435Error Service0170Error Service0117Error Service0169Error Service0082Error Service0369Error Service0444Error Service0434Error Service0243Error Service0441Error Service0294Error Service0068Error Service0290Error Service0381Error Service0192Error Service0184Error Service0071Error Service0098Error
exception,10,434,Service0434Error,v1,True,True,6,102,Service0434Error Service0381Error Service0098Error Service0071Error Service0184Error Service0192Error
exception,10,434,Service0434Error,v2,True,True,6,102,Service0434Error Service0381Error Service0117Error Service0098Error Service0071Error Service0184Error
exception,10,434,Service0434Error,oracle,True,True,1,17,Service0434Error
exception,10,445,Service0445Error,user_only,False,False,0,0,
exception,10,445,Service0445Error,naive,False,True,21,357,Service0326Error Service0294Error Service0327Error Service0212Error Service0350Error Service0303Error Service0061Error Service0134Error Service0407Error Service0357Error Service0445Error Service0388Error Service0191Error Service0075Error Service0382Error Service0368Error Service0196Error Service0436Error Service0348Error Service0141Error Service0409Error
exception,10,445,Service0445Error,v1,True,True,6,102,Service0445Error Service0196Error Service0409Error Service0141Error Service0348Error Service0436Error
exception,10,445,Service0445Error,v2,True,True,6,102,Service0445Error Service0196Error Service0303Error Service0409Error Service0141Error Service0348Error
exception,10,445,Service0445Error,oracle,True,True,1,17,Service0445Error
exception,10,350,Service0350Error,user_only,False,False,0,0,
exception,10,350,Service0350Error,naive,False,True,21,357,Service0166Error Service0426Error Service0331Error Service0422Error Service0370Error Service0362Error Service0310Error Service0429Error Service0288Error Service0443Error Service0350Error Service0272Error Service0284Error Service0270Error Service0167Error Service0197Error Service0080Error Service0271Error Service0064Error Service0435Error Service0085Error
exception,10,350,Service0350Error,v1,True,True,6,102,Service0350Error Service0080Error Service0085Error Service0435Error Service0064Error Service0271Error
exception,10,350,Service0350Error,v2,True,True,6,102,Service0350Error Service0080Error Service0362Error Service0085Error Service0435Error Service0064Error
exception,10,350,Service0350Error,oracle,True,True,1,17,Service0350Error
exception,10,275,Service0275Error,user_only,False,False,0,0,
exception,10,275,Service0275Error,naive,False,True,21,357,Service0250Error Service0191Error Service0331Error Service0288Error Service0390Error Service0406Error Service0114Error Service0315Error Service0291Error Service0368Error Service0275Error Service0060Error Service0075Error Service0233Error Service0361Error Service0123Error Service0215Error Service0271Error Service0223Error Service0281Error Service0058Error
exception,10,275,Service0275Error,v1,True,True,6,102,Service0275Error Service0215Error Service0058Error Service0281Error Service0223Error Service0271Error
exception,10,275,Service0275Error,v2,True,True,6,102,Service0275Error Service0215Error Service0406Error Service0058Error Service0281Error Service0223Error
exception,10,275,Service0275Error,oracle,True,True,1,17,Service0275Error
exception,10,172,Service0172Error,user_only,False,False,0,0,
exception,10,172,Service0172Error,naive,True,True,21,357,Service0307Error Service0239Error Service0129Error Service0352Error Service0219Error Service0434Error Service0206Error Service0449Error Service0424Error Service0111Error Service0172Error Service0412Error Service0411Error Service0221Error Service0157Error Service0382Error Service0283Error Service0185Error Service0084Error Service0331Error Service0387Error
exception,10,172,Service0172Error,v1,True,True,6,102,Service0172Error Service0283Error Service0387Error Service0331Error Service0084Error Service0185Error
exception,10,172,Service0172Error,v2,True,True,6,102,Service0172Error Service0283Error Service0434Error Service0387Error Service0331Error Service0084Error
exception,10,172,Service0172Error,oracle,True,True,1,17,Service0172Error
exception,10,51,Service0051Error,user_only,False,False,0,0,
exception,10,51,Service0051Error,naive,True,True,21,357,Service0175Error Service0293Error Service0092Error Service0068Error Service0143Error Service0432Error Service0363Error Service0171Error Service0144Error Service0063Error Service0051Error Service0305Error Service0113Error Service0103Error Service0272Error Service0251Error Service0180Error Service0377Error Service0184Error Service0287Error Service0140Error
exception,10,51,Service0051Error,v1,True,True,6,102,Service0051Error Service0180Error Service0140Error Service0287Error Service0184Error Service0377Error
exception,10,51,Service0051Error,v2,True,True,6,102,Service0051Error Service0180Error Service0432Error Service0140Error Service0287Error Service0184Error
exception,10,51,Service0051Error,oracle,True,True,1,17,Service0051Error
exception,10,364,Service0364Error,user_only,False,False,0,0,
exception,10,364,Service0364Error,naive,False,True,21,357,Service0269Error Service0271Error Service0064Error Service0153Error Service0357Error Service0195Error Service0430Error Service0244Error Service0058Error Service0324Error Service0364Error Service0056Error Service0178Error Service0378Error Service0380Error Service0082Error Service0371Error Service0344Error Service0166Error Service0117Error Service0212Error
exception,10,364,Service0364Error,v1,True,True,6,102,Service0364Error Service0371Error Service0212Error Service0117Error Service0166Error Service0344Error
exception,10,364,Service0364Error,v2,True,True,6,102,Service0364Error Service0371Error Service0195Error Service0212Error Service0117Error Service0166Error
exception,10,364,Service0364Error,oracle,True,True,1,17,Service0364Error
exception,10,91,Service0091Error,user_only,False,False,0,0,
exception,10,91,Service0091Error,naive,True,True,21,357,Service0430Error Service0442Error Service0318Error Service0121Error Service0305Error Service0216Error Service0435Error Service0316Error Service0097Error Service0440Error Service0091Error Service0450Error Service0180Error Service0292Error Service0424Error Service0315Error Service0170Error Service0421Error Service0369Error Service0202Error Service0123Error
exception,10,91,Service0091Error,v1,True,True,6,102,Service0091Error Service0170Error Service0123Error Service0202Error Service0369Error Service0421Error
exception,10,91,Service0091Error,v2,True,True,6,102,Service0091Error Service0170Error Service0216Error Service0123Error Service0202Error Service0369Error
exception,10,91,Service0091Error,oracle,True,True,1,17,Service0091Error
exception,10,106,Service0106Error,user_only,False,False,0,0,
exception,10,106,Service0106Error,naive,True,True,21,357,Service0447Error Service0229Error Service0385Error Service0245Error Service0283Error Service0275Error Service0246Error Service0344Error Service0240Error Service0365Error Service0106Error Service0159Error Service0395Error Service0226Error Service0073Error Service0424Error Service0388Error Service0157Error Service0227Error Service0413Error Service0082Error
exception,10,106,Service0106Error,v1,True,True,6,102,Service0106Error Service0388Error Service0082Error Service0413Error Service0227Error Service0157Error
exception,10,106,Service0106Error,v2,True,True,6,102,Service0106Error Service0388Error Service0275Error Service0082Error Service0413Error Service0227Error
exception,10,106,Service0106Error,oracle,True,True,1,17,Service0106Error
exception,10,197,Service0197Error,user_only,False,False,0,0,
exception,10,197,Service0197Error,naive,True,True,21,357,Service0257Error Service0393Error Service0400Error Service0103Error Service0425Error Service0062Error Service0421Error Service0374Error Service0314Error Service0349Error Service0197Error Service0213Error Service0399Error Service0310Error Service0304Error Service0322Error Service0109Error Service0102Error Service0220Error Service0321Error Service0237Error
exception,10,197,Service0197Error,v1,True,True,6,102,Service0197Error Service0109Error Service0237Error Service0321Error Service0220Error Service0102Error
exception,10,197,Service0197Error,v2,True,True,6,102,Service0197Error Service0109Error Service0062Error Service0237Error Service0321Error Service0220Error
exception,10,197,Service0197Error,oracle,True,True,1,17,Service0197Error
exception,10,100,Service0100Error,user_only,False,False,0,0,
exception,10,100,Service0100Error,naive,True,True,21,357,Service0417Error Service0260Error Service0071Error Service0234Error Service0140Error Service0127Error Service0235Error Service0120Error Service0289Error Service0375Error Service0100Error Service0072Error Service0183Error Service0437Error Service0067Error Service0129Error Service0259Error Service0399Error Service0414Error Service0389Error Service0420Error
exception,10,100,Service0100Error,v1,True,True,6,102,Service0100Error Service0259Error Service0420Error Service0389Error Service0414Error Service0399Error
exception,10,100,Service0100Error,v2,True,True,6,102,Service0100Error Service0259Error Service0127Error Service0420Error Service0389Error Service0414Error
exception,10,100,Service0100Error,oracle,True,True,1,17,Service0100Error
exception,10,280,Service0280Error,user_only,False,False,0,0,
exception,10,280,Service0280Error,naive,False,True,21,357,Service0183Error Service0181Error Service0360Error Service0219Error Service0205Error Service0436Error Service0106Error Service0203Error Service0409Error Service0347Error Service0280Error Service0230Error Service0052Error Service0222Error Service0180Error Service0353Error Service0160Error Service0077Error Service0176Error Service0148Error Service0063Error
exception,10,280,Service0280Error,v1,True,True,6,102,Service0280Error Service0160Error Service0063Error Service0148Error Service0176Error Service0077Error
exception,10,280,Service0280Error,v2,True,True,6,102,Service0280Error Service0160Error Service0436Error Service0063Error Service0148Error Service0176Error
exception,10,280,Service0280Error,oracle,True,True,1,17,Service0280Error
exception,10,55,Service0055Error,user_only,False,False,0,0,
exception,10,55,Service0055Error,naive,True,True,21,357,Service0421Error Service0450Error Service0374Error Service0150Error Service0389Error Service0131Error Service0313Error Service0157Error Service0141Error Service0274Error Service0055Error Service0420Error Service0396Error Service0254Error Service0410Error Service0366Error Service0280Error Service0241Error Service0289Error Service0356Error Service0306Error
exception,10,55,Service0055Error,v1,True,True,6,102,Service0055Error Service0280Error Service0306Error Service0356Error Service0289Error Service0241Error
exception,10,55,Service0055Error,v2,True,True,6,102,Service0055Error Service0280Error Service0131Error Service0306Error Service0356Error Service0289Error
exception,10,55,Service0055Error,oracle,True,True,1,17,Service0055Error
exception,10,400,Service0400Error,user_only,False,False,0,0,
exception,10,400,Service0400Error,naive,False,True,21,357,Service0371Error Service0172Error Service0282Error Service0357Error Service0408Error Service0107Error Service0109Error Service0119Error Service0159Error Service0426Error Service0400Error Service0233Error Service0129Error Service0113Error Service0299Error Service0069Error Service0273Error Service0231Error Service0246Error Service0375Error Service0181Error
exception,10,400,Service0400Error,v1,True,True,6,102,Service0400Error Service0273Error Service0181Error Service0375Error Service0246Error Service0231Error
exception,10,400,Service0400Error,v2,True,True,6,102,Service0400Error Service0273Error Service0107Error Service0181Error Service0375Error Service0246Error
exception,10,400,Service0400Error,oracle,True,True,1,17,Service0400Error
exception,10,397,Service0397Error,user_only,False,False,0,0,
exception,10,397,Service0397Error,naive,False,True,21,357,Service0206Error Service0376Error Service0347Error Service0178Error Service0340Error Service0103Error Service0218Error Service0378Error Service0311Error Service0250Error Service0397Error Service0361Error Service0089Error Service0212Error Service0334Error Service0367Error Service0448Error Service0160Error Service0298Error Service0223Error Service0273Error
exception,10,397,Service0397Error,v1,True,True,6,102,Service0397Error Service0448Error Service0273Error Service0223Error Service0298Error Service0160Error
exception,10,397,Service0397Error,v2,True,True,6,102,Service0397Error Service0448Error Service0103Error Service0273Error Service0223Error Service0298Error
exception,10,397,Service0397Error,oracle,True,True,1,17,Service0397Error
exception,10,210,Service0210Error,user_only,False,False,0,0,
exception,10,210,Service0210Error,naive,False,True,21,357,Service0283Error Service0331Error Service0139Error Service0416Error Service0114Error Service0187Error Service0405Error Service0297Error Service0193Error Service0065Error Service0210Error Service0291Error Service0105Error Service0311Error Service0071Error Service0095Error Service0108Error Service0145Error Service0079Error Service0442Error Service0170Error
exception,10,210,Service0210Error,v1,True,True,6,102,Service0210Error Service0108Error Service0170Error Service0442Error Service0079Error Service0145Error
exception,10,210,Service0210Error,v2,True,True,6,102,Service0210Error Service0108Error Service0187Error Service0170Error Service0442Error Service0079Error
exception,10,210,Service0210Error,oracle,True,True,1,17,Service0210Error
exception,10,157,Service0157Error,user_only,False,False,0,0,
exception,10,157,Service0157Error,naive,True,True,21,357,Service0113Error Service0106Error Service0196Error Service0398Error Service0384Error Service0068Error Service0207Error Service0393Error Service0118Error Service0176Error Service0157Error Service0409Error Service0371Error Service0268Error Service0382Error Service0251Error Service0206Error Service0283Error Service0401Error Service0424Error Service0091Error
exception,10,157,Service0157Error,v1,True,True,6,102,Service0157Error Service0206Error Service0091Error Service0424Error Service0401Error Service0283Error
exception,10,157,Service0157Error,v2,True,True,6,102,Service0157Error Service0206Error Service0068Error Service0091Error Service0424Error Service0401Error
exception,10,157,Service0157Error,oracle,True,True,1,17,Service0157Error
exception,10,253,Service0253Error,user_only,False,False,0,0,
exception,10,253,Service0253Error,naive,False,True,21,357,Service0225Error Service0155Error Service0145Error Service0170Error Service0381Error Service0128Error Service0289Error Service0345Error Service0194Error Service0295Error Service0253Error Service0186Error Service0205Error Service0213Error Service0301Error Service0308Error Service0271Error Service0405Error Service0081Error Service0350Error Service0180Error
exception,10,253,Service0253Error,v1,True,True,6,102,Service0253Error Service0271Error Service0180Error Service0350Error Service0081Error Service0405Error
exception,10,253,Service0253Error,v2,True,True,6,102,Service0253Error Service0271Error Service0128Error Service0180Error Service0350Error Service0081Error
exception,10,253,Service0253Error,oracle,True,True,1,17,Service0253Error
exception,10,178,Service0178Error,user_only,False,False,0,0,
exception,10,178,Service0178Error,naive,True,True,21,357,Service0256Error Service0445Error Service0133Error Service0357Error Service0421Error Service0289Error Service0131Error Service0098Error Service0316Error Service0392Error Service0178Error Service0202Error Service0161Error Service0372Error Service0311Error Service0259Error Service0086Error Service0239Error Service0073Error Service0308Error Service0263Error
exception,10,178,Service0178Error,v1,True,True,6,102,Service0178Error Service0086Error Service0263Error Service0308Error Service0073Error Service0239Error
exception,10,178,Service0178Error,v2,True,True,6,102,Service0178Error Service0086Error Service0289Error Service0263Error Service0308Error Service0073Error
exception,10,178,Service0178Error,oracle,True,True,1,17,Service0178Error
exception,10,228,Service0228Error,user_only,False,False,0,0,
exception,10,228,Service0228Error,naive,False,True,21,357,Service0105Error Service0277Error Service0119Error Service0110Error Service0195Error Service0383Error Service0348Error Service0267Error Service0431Error Service0237Error Service0228Error Service0196Error Service0077Error Service0449Error Service0287Error Service0382Error Service0417Error Service0350Error Service0145Error Service0101Error Service0108Error
exception,10,228,Service0228Error,v1,True,True,6,102,Service0228Error Service0417Error Service0108Error Service0101Error Service0145Error Service0350Error
exception,10,228,Service0228Error,v2,True,True,6,102,Service0228Error Service0417Error Service0383Error Service0108Error Service0101Error Service0145Error
exception,10,228,Service0228Error,oracle,True,True,1,17,Service0228Error
exception,10,232,Service0232Error,user_only,False,False,0,0,
exception,10,232,Service0232Error,naive,False,True,21,357,Service0142Error Service0432Error Service0234Error Service0349Error Service0085Error Service0383Error Service0169Error Service0332Error Service0367Error Service0076Error Service0232Error Service0413Error Service0067Error Service0095Error Service0131Error Service0223Error Service0330Error Service0175Error Service0203Error Service0316Error Service0214Error
exception,10,232,Service0232Error,v1,True,True,6,102,Service0232Error Service0330Error Service0214Error Service0316Error Service0203Error Service0175Error
exception,10,232,Service0232Error,v2,True,True,6,102,Service0232Error Service0330Error Service0383Error Service0214Error Service0316Error Service0203Error
exception,10,232,Service0232Error,oracle,True,True,1,17,Service0232Error
exception,10,242,Service0242Error,user_only,False,False,0,0,
exception,10,242,Service0242Error,naive,True,True,21,357,Service0083Error Service0397Error Service0392Error Service0054Error Service0311Error Service0223Error Service0251Error Service0132Error Service0358Error Service0370Error Service0242Error Service0230Error Service0387Error Service0304Error Service0413Error Service0407Error Service0419Error Service0404Error Service0423Error Service0065Error Service0144Error
exception,10,242,Service0242Error,v1,True,True,6,102,Service0242Error Service0419Error Service0144Error Service0065Error Service0423Error Service0404Error
exception,10,242,Service0242Error,v2,True,True,6,102,Service0242Error Service0419Error Service0223Error Service0144Error Service0065Error Service0423Error
exception,10,242,Service0242Error,oracle,True,True,1,17,Service0242Error
exception,10,431,Service0431Error,user_only,False,False,0,0,
exception,10,431,Service0431Error,naive,False,True,21,357,Service0109Error Service0084Error Service0343Error Service0304Error Service0380Error Service0424Error Service0189Error Service0368Error Service0418Error Service0267Error Service0431Error Service0378Error Service0168Error Service0419Error Service0212Error Service0231Error Service0239Error Service0246Error Service0223Error Service0336Error Service0196Error
exception,10,431,Service0431Error,v1,True,True,6,102,Service0431Error Service0239Error Service0196Error Service0336Error Service0223Error Service0246Error
exception,10,431,Service0431Error,v2,True,True,6,102,Service0431Error Service0239Error Service0424Error Service0196Error Service0336Error Service0223Error
exception,10,431,Service0431Error,oracle,True,True,1,17,Service0431Error
exception,10,376,Service0376Error,user_only,False,False,0,0,
exception,10,376,Service0376Error,naive,False,True,21,357,Service0246Error Service0208Error Service0385Error Service0075Error Service0144Error Service0218Error Service0213Error Service0192Error Service0310Error Service0262Error Service0376Error Service0342Error Service0117Error Service0410Error Service0237Error Service0124Error Service0200Error Service0233Error Service0302Error Service0168Error Service0134Error
exception,10,376,Service0376Error,v1,True,True,6,102,Service0376Error Service0200Error Service0134Error Service0168Error Service0302Error Service0233Error
exception,10,376,Service0376Error,v2,True,True,6,102,Service0376Error Service0200Error Service0218Error Service0134Error Service0168Error Service0302Error
exception,10,376,Service0376Error,oracle,True,True,1,17,Service0376Error
exception,10,89,Service0089Error,user_only,False,False,0,0,
exception,10,89,Service0089Error,naive,True,True,21,357,Service0107Error Service0181Error Service0306Error Service0225Error Service0425Error Service0227Error Service0172Error Service0102Error Service0166Error Service0069Error Service0089Error Service0324Error Service0351Error Service0419Error Service0357Error Service0347Error Service0312Error Service0272Error Service0091Error Service0130Error Service0096Error
exception,10,89,Service0089Error,v1,True,True,6,102,Service0089Error Service0312Error Service0096Error Service0130Error Service0091Error Service0272Error
exception,10,89,Service0089Error,v2,True,True,6,102,Service0089Error Service0312Error Service0227Error Service0096Error Service0130Error Service0091Error
exception,10,89,Service0089Error,oracle,True,True,1,17,Service0089Error
exception,10,420,Service0420Error,user_only,False,False,0,0,
exception,10,420,Service0420Error,naive,False,True,21,357,Service0090Error Service0155Error Service0371Error Service0375Error Service0107Error Service0268Error Service0112Error Service0236Error Service0339Error Service0265Error Service0420Error Service0378Error Service0340Error Service0318Error Service0445Error Service0402Error Service0421Error Service0427Error Service0102Error Service0150Error Service0325Error
exception,10,420,Service0420Error,v1,True,True,6,102,Service0420Error Service0421Error Service0325Error Service0150Error Service0102Error Service0427Error
exception,10,420,Service0420Error,v2,True,True,6,102,Service0420Error Service0421Error Service0268Error Service0325Error Service0150Error Service0102Error
exception,10,420,Service0420Error,oracle,True,True,1,17,Service0420Error
exception,10,224,Service0224Error,user_only,False,False,0,0,
exception,10,224,Service0224Error,naive,False,True,21,357,Service0261Error Service0343Error Service0399Error Service0188Error Service0437Error Service0111Error Service0148Error Service0197Error Service0069Error Service0444Error Service0224Error Service0097Error Service0263Error Service0376Error Service0199Error Service0057Error Service0238Error Service0078Error Service0093Error Service0083Error Service0266Error
exception,10,224,Service0224Error,v1,True,True,6,102,Service0224Error Service0238Error Service0266Error Service0083Error Service0093Error Service0078Error
exception,10,224,Service0224Error,v2,True,True,6,102,Service0224Error Service0238Error Service0111Error Service0266Error Service0083Error Service0093Error
exception,10,224,Service0224Error,oracle,True,True,1,17,Service0224Error
exception,10,95,Service0095Error,user_only,False,False,0,0,
exception,10,95,Service0095Error,naive,True,True,21,357,Service0374Error Service0228Error Service0341Error Service0331Error Service0174Error Service0220Error Service0192Error Service0050Error Service0368Error Service0409Error Service0095Error Service0241Error Service0051Error Service0126Error Service0216Error Service0344Error Service0434Error Service0118Error Service0213Error Service0251Error Service0386Error
exception,10,95,Service0095Error,v1,True,True,6,102,Service0095Error Service0434Error Service0386Error Service0251Error Service0213Error Service0118Error
exception,10,95,Service0095Error,v2,True,True,6,102,Service0095Error Service0434Error Service0220Error Service0386Error Service0251Error Service0213Error
exception,10,95,Service0095Error,oracle,True,True,1,17,Service0095Error
exception,10,335,Service0335Error,user_only,False,False,0,0,
exception,10,335,Service0335Error,naive,False,True,21,357,Service0212Error Service0188Error Service0071Error Service0401Error Service0214Error Service0213Error Service0183Error Service0288Error Service0405Error Service0265Error Service0335Error Service0446Error Service0442Error Service0160Error Service0172Error Service0232Error Service0230Error Service0322Error Service0332Error Service0404Error Service0415Error
exception,10,335,Service0335Error,v1,True,True,6,102,Service0335Error Service0230Error Service0415Error Service0404Error Service0332Error Service0322Error
exception,10,335,Service0335Error,v2,True,True,6,102,Service0335Error Service0230Error Service0213Error Service0415Error Service0404Error Service0332Error
exception,10,335,Service0335Error,oracle,True,True,1,17,Service0335Error
exception,10,325,Service0325Error,user_only,False,False,0,0,
exception,10,325,Service0325Error,naive,False,True,21,357,Service0160Error Service0215Error Service0110Error Service0379Error Service0067Error Service0227Error Service0213Error Service0216Error Service0291Error Service0181Error Service0325Error Service0137Error Service0430Error Service0165Error Service0409Error Service0158Error Service0116Error Service0250Error Service0293Error Service0098Error Service0079Error
exception,10,325,Service0325Error,v1,True,True,6,102,Service0325Error Service0116Error Service0079Error Service0098Error Service0293Error Service0250Error
exception,10,325,Service0325Error,v2,True,True,6,102,Service0325Error Service0116Error Service0227Error Service0079Error Service0098Error Service0293Error
exception,10,325,Service0325Error,oracle,True,True,1,17,Service0325Error
exception,10,199,Service0199Error,user_only,False,False,0,0,
exception,10,199,Service0199Error,naive,False,True,21,357,Service0182Error Service0401Error Service0126Error Service0093Error Service0357Error Service0062Error Service0231Error Service0142Error Service0302Error Service0107Error Service0199Error Service0288Error Service0388Error Service0185Error Service0155Error Service0317Error Service0183Error Service0320Error Service0282Error Service0102Error Service0416Error
exception,10,199,Service0199Error,v1,True,True,6,102,Service0199Error Service0183Error Service0416Error Service0102Error Service0282Error Service0320Error
exception,10,199,Service0199Error,v2,True,True,6,102,Service0199Error Service0183Error Service0062Error Service0416Error Service0102Error Service0282Error
exception,10,199,Service0199Error,oracle,True,True,1,17,Service0199Error
exception,10,284,Service0284Error,user_only,False,False,0,0,
exception,10,284,Service0284Error,naive,False,True,21,357,Service0386Error Service0186Error Service0226Error Service0298Error Service0295Error Service0242Error Service0070Error Service0355Error Service0296Error Service0168Error Service0284Error Service0393Error Service0416Error Service0068Error Service0414Error Service0114Error Service0432Error Service0372Error Service0110Error Service0269Error Service0229Error
exception,10,284,Service0284Error,v1,True,True,6,102,Service0284Error Service0432Error Service0229Error Service0269Error Service0110Error Service0372Error
exception,10,284,Service0284Error,v2,True,True,6,102,Service0284Error Service0432Error Service0242Error Service0229Error Service0269Error Service0110Error
exception,10,284,Service0284Error,oracle,True,True,1,17,Service0284Error
exception,10,122,Service0122Error,user_only,False,False,0,0,
exception,10,122,Service0122Error,naive,True,True,21,357,Service0115Error Service0265Error Service0317Error Service0250Error Service0053Error Service0227Error Service0121Error Service0333Error Service0077Error Service0080Error Service0122Error Service0124Error Service0201Error Service0396Error Service0162Error Service0296Error Service0112Error Service0203Error Service0390Error Service0199Error Service0090Error
exception,10,122,Service0122Error,v1,True,True,6,102,Service0122Error Service0112Error Service0090Error Service0199Error Service0390Error Service0203Error
exception,10,122,Service0122Error,v2,True,True,6,102,Service0122Error Service0112Error Service0227Error Service0090Error Service0199Error Service0390Error
exception,10,122,Service0122Error,oracle,True,True,1,17,Service0122Error
exception,30,110,Service0110Error,user_only,False,False,0,0,
exception,30,110,Service0110Error,naive,True,True,21,357,Service0375Error Service0162Error Service0184Error Service0422Error Service0219Error Service0191Error Service0068Error Service0290Error Service0423Error Service0450Error Service0110Error Service0180Error Service0158Error Service0129Error Service0340Error Service0159Error Service0194Error Service0314Error Service0351Error Service0376Error Service0350Error
exception,30,110,Service0110Error,v1,True,True,6,102,Service0110Error Service0194Error Service0350Error Service0376Error Service0351Error Service0314Error
exception,30,110,Service0110Error,v2,True,True,6,102,Service0110Error Service0194Error Service0191Error Service0350Error Service0376Error Service0351Error
exception,30,110,Service0110Error,oracle,True,True,1,17,Service0110Error
exception,30,213,Service0213Error,user_only,False,False,0,0,
exception,30,213,Service0213Error,naive,True,True,21,357,Service0440Error Service0122Error Service0304Error Service0330Error Service0370Error Service0212Error Service0085Error Service0136Error Service0422Error Service0117Error Service0213Error Service0130Error Service0397Error Service0103Error Service0078Error Service0183Error Service0379Error Service0371Error Service0376Error Service0342Error Service0433Error
exception,30,213,Service0213Error,v1,True,True,6,102,Service0213Error Service0379Error Service0433Error Service0342Error Service0376Error Service0371Error
exception,30,213,Service0213Error,v2,True,True,6,102,Service0213Error Service0379Error Service0212Error Service0433Error Service0342Error Service0376Error
exception,30,213,Service0213Error,oracle,True,True,1,17,Service0213Error
exception,30,307,Service0307Error,user_only,False,False,0,0,
exception,30,307,Service0307Error,naive,True,True,21,357,Service0281Error Service0407Error Service0418Error Service0367Error Service0349Error Service0426Error Service0320Error Service0064Error Service0232Error Service0280Error Service0307Error Service0176Error Service0246Error Service0233Error Service0062Error Service0050Error Service0160Error Service0186Error Service0410Error Service0425Error Service0296Error
exception,30,307,Service0307Error,v1,True,True,6,102,Service0307Error Service0160Error Service0296Error Service0425Error Service0410Error Service0186Error
exception,30,307,Service0307Error,v2,True,True,6,102,Service0307Error Service0160Error Service0426Error Service0296Error Service0425Error Service0410Error
exception,30,307,Service0307Error,oracle,True,True,1,17,Service0307Error
exception,30,312,Service0312Error,user_only,False,False,0,0,
exception,30,312,Service0312Error,naive,True,True,21,357,Service0392Error Service0105Error Service0381Error Service0067Error Service0293Error Service0117Error Service0241Error Service0055Error Service0106Error Service0440Error Service0312Error Service0396Error Service0097Error Service0089Error Service0375Error Service0059Error Service0431Error Service0263Error Service0171Error Service0094Error Service0368Error
exception,30,312,Service0312Error,v1,True,True,6,102,Service0312Error Service0431Error Service0368Error Service0094Error Service0171Error Service0263Error
exception,30,312,Service0312Error,v2,True,True,6,102,Service0312Error Service0431Error Service0117Error Service0368Error Service0094Error Service0171Error
exception,30,312,Service0312Error,oracle,True,True,1,17,Service0312Error
exception,30,381,Service0381Error,user_only,False,False,0,0,
exception,30,381,Service0381Error,naive,True,True,21,357,Service0275Error Service0166Error Service0139Error Service0103Error Service0154Error Service0435Error Service0339Error Service0204Error Service0185Error Service0135Error Service0381Error Service0376Error Service0167Error Service0291Error Service0224Error Service0187Error Service0062Error Service0251Error Service0113Error Service0297Error Service0087Error
exception,30,381,Service0381Error,v1,True,True,6,102,Service0381Error Service0062Error Service0087Error Service0297Error Service0113Error Service0251Error
exception,30,381,Service0381Error,v2,True,True,6,102,Service0381Error Service0062Error Service0435Error Service0087Error Service0297Error Service0113Error
exception,30,381,Service0381Error,oracle,True,True,1,17,Service0381Error
exception,30,102,Service0102Error,user_only,False,False,0,0,
exception,30,102,Service0102Error,naive,True,True,21,357,Service0335Error Service0269Error Service0382Error Service0099Error Service0448Error Service0411Error Service0275Error Service0061Error Service0404Error Service0078Error Service0102Error Service0199Error Service0355Error Service0371Error Service0278Error Service0200Error Service0227Error Service0348Error Service0214Error Service0077Error Service0247Error
exception,30,102,Service0102Error,v1,True,True,6,102,Service0102Error Service0227Error Service0247Error Service0077Error Service0214Error Service0348Error
exception,30,102,Service0102Error,v2,True,True,6,102,Service0102Error Service0227Error Service0411Error Service0247Error Service0077Error Service0214Error
exception,30,102,Service0102Error,oracle,True,True,1,17,Service0102Error
exception,30,164,Service0164Error,user_only,False,False,0,0,
exception,30,164,Service0164Error,naive,True,True,21,357,Service0083Error Service0072Error Service0326Error Service0091Error Service0322Error Service0097Error Service0323Error Service0381Error Service0301Error Service0119Error Service0164Error Service0122Error Service0123Error Service0256Error Service0232Error Service0207Error Service0150Error Service0392Error Service0183Error Service0378Error Service0442Error
exception,30,164,Service0164Error,v1,True,True,6,102,Service0164Error Service0150Error Service0442Error Service0378Error Service0183Error Service0392Error
exception,30,164,Service0164Error,v2,True,True,6,102,Service0164Error Service0150Error Service0097Error Service0442Error Service0378Error Service0183Error
exception,30,164,Service0164Error,oracle,True,True,1,17,Service0164Error
exception,30,357,Service0357Error,user_only,False,False,0,0,
exception,30,357,Service0357Error,naive,True,True,21,357,Service0082Error Service0421Error Service0170Error Service0401Error Service0340Error Service0389Error Service0159Error Service0271Error Service0232Error Service0238Error Service0357Error Service0266Error Service0366Error Service0438Error Service0203Error Service0147Error Service0243Error Service0235Error Service0322Error Service0369Error Service0362Error
exception,30,357,Service0357Error,v1,True,True,6,102,Service0357Error Service0243Error Service0362Error Service0369Error Service0322Error Service0235Error
exception,30,357,Service0357Error,v2,True,True,6,102,Service0357Error Service0243Error Service0389Error Service0362Error Service0369Error Service0322Error
exception,30,357,Service0357Error,oracle,True,True,1,17,Service0357Error
exception,30,368,Service0368Error,user_only,False,False,0,0,
exception,30,368,Service0368Error,naive,True,True,21,357,Service0433Error Service0113Error Service0182Error Service0162Error Service0196Error Service0247Error Service0104Error Service0398Error Service0152Error Service0051Error Service0368Error Service0359Error Service0246Error Service0151Error Service0258Error Service0130Error Service0294Error Service0406Error Service0296Error Service0057Error Service0066Error
exception,30,368,Service0368Error,v1,True,True,6,102,Service0368Error Service0294Error Service0066Error Service0057Error Service0296Error Service0406Error
exception,30,368,Service0368Error,v2,True,True,6,102,Service0368Error Service0294Error Service0247Error Service0066Error Service0057Error Service0296Error
exception,30,368,Service0368Error,oracle,True,True,1,17,Service0368Error
exception,30,334,Service0334Error,user_only,False,False,0,0,
exception,30,334,Service0334Error,naive,True,True,21,357,Service0414Error Service0341Error Service0113Error Service0278Error Service0142Error Service0352Error Service0251Error Service0096Error Service0304Error Service0335Error Service0334Error Service0099Error Service0277Error Service0234Error Service0351Error Service0432Error Service0397Error Service0227Error Service0430Error Service0420Error Service0320Error
exception,30,334,Service0334Error,v1,True,True,6,102,Service0334Error Service0397Error Service0320Error Service0420Error Service0430Error Service0227Error
exception,30,334,Service0334Error,v2,True,True,6,102,Service0334Error Service0397Error Service0352Error Service0320Error Service0420Error Service0430Error
exception,30,334,Service0334Error,oracle,True,True,1,17,Service0334Error
exception,30,265,Service0265Error,user_only,False,False,0,0,
exception,30,265,Service0265Error,naive,True,True,21,357,Service0263Error Service0077Error Service0278Error Service0056Error Service0188Error Service0200Error Service0326Error Service0103Error Service0435Error Service0430Error Service0265Error Service0207Error Service0357Error Service0395Error Service0361Error Service0057Error Service0331Error Service0176Error Service0223Error Service0140Error Service0114Error
exception,30,265,Service0265Error,v1,True,True,6,102,Service0265Error Service0331Error Service0114Error Service0140Error Service0223Error Service0176Error
exception,30,265,Service0265Error,v2,True,True,6,102,Service0265Error Service0331Error Service0200Error Service0114Error Service0140Error Service0223Error
exception,30,265,Service0265Error,oracle,True,True,1,17,Service0265Error
exception,30,343,Service0343Error,user_only,False,False,0,0,
exception,30,343,Service0343Error,naive,True,True,21,357,Service0444Error Service0235Error Service0142Error Service0412Error Service0397Error Service0246Error Service0241Error Service0160Error Service0267Error Service0370Error Service0343Error Service0229Error Service0406Error Service0178Error Service0075Error Service0112Error Service0448Error Service0281Error Service0083Error Service0053Error Service0339Error
exception,30,343,Service0343Error,v1,True,True,6,102,Service0343Error Service0448Error Service0339Error Service0053Error Service0083Error Service0281Error
exception,30,343,Service0343Error,v2,True,True,6,102,Service0343Error Service0448Error Service0246Error Service0339Error Service0053Error Service0083Error
exception,30,343,Service0343Error,oracle,True,True,1,17,Service0343Error
exception,30,330,Service0330Error,user_only,False,False,0,0,
exception,30,330,Service0330Error,naive,True,True,21,357,Service0398Error Service0230Error Service0408Error Service0136Error Service0349Error Service0216Error Service0361Error Service0107Error Service0409Error Service0185Error Service0330Error Service0385Error Service0124Error Service0437Error Service0219Error Service0447Error Service0085Error Service0382Error Service0080Error Service0233Error Service0342Error
exception,30,330,Service0330Error,v1,True,True,6,102,Service0330Error Service0085Error Service0342Error Service0233Error Service0080Error Service0382Error
exception,30,330,Service0330Error,v2,True,True,6,102,Service0330Error Service0085Error Service0216Error Service0342Error Service0233Error Service0080Error
exception,30,330,Service0330Error,oracle,True,True,1,17,Service0330Error
exception,30,424,Service0424Error,user_only,False,False,0,0,
exception,30,424,Service0424Error,naive,True,True,21,357,Service0282Error Service0350Error Service0327Error Service0081Error Service0410Error Service0188Error Service0151Error Service0158Error Service0368Error Service0288Error Service0424Error Service0278Error Service0182Error Service0411Error Service0171Error Service0143Error Service0363Error Service0312Error Service0442Error Service0325Error Service0205Error
exception,30,424,Service0424Error,v1,True,True,6,102,Service0424Error Service0363Error Service0205Error Service0325Error Service0442Error Service0312Error
exception,30,424,Service0424Error,v2,True,True,6,102,Service0424Error Service0363Error Service0188Error Service0205Error Service0325Error Service0442Error
exception,30,424,Service0424Error,oracle,True,True,1,17,Service0424Error
exception,30,447,Service0447Error,user_only,False,False,0,0,
exception,30,447,Service0447Error,naive,True,True,21,357,Service0294Error Service0437Error Service0133Error Service0145Error Service0052Error Service0379Error Service0150Error Service0254Error Service0125Error Service0305Error Service0447Error Service0186Error Service0399Error Service0448Error Service0075Error Service0274Error Service0434Error Service0162Error Service0309Error Service0405Error Service0269Error
exception,30,447,Service0447Error,v1,True,True,6,102,Service0447Error Service0434Error Service0269Error Service0405Error Service0309Error Service0162Error
exception,30,447,Service0447Error,v2,True,True,6,102,Service0447Error Service0434Error Service0379Error Service0269Error Service0405Error Service0309Error
exception,30,447,Service0447Error,oracle,True,True,1,17,Service0447Error
exception,30,443,Service0443Error,user_only,False,False,0,0,
exception,30,443,Service0443Error,naive,True,True,21,357,Service0399Error Service0420Error Service0253Error Service0171Error Service0189Error Service0426Error Service0267Error Service0137Error Service0199Error Service0064Error Service0443Error Service0103Error Service0315Error Service0257Error Service0302Error Service0095Error Service0340Error Service0057Error Service0058Error Service0105Error Service0259Error
exception,30,443,Service0443Error,v1,True,True,6,102,Service0443Error Service0340Error Service0259Error Service0105Error Service0058Error Service0057Error
exception,30,443,Service0443Error,v2,True,True,6,102,Service0443Error Service0340Error Service0426Error Service0259Error Service0105Error Service0058Error
exception,30,443,Service0443Error,oracle,True,True,1,17,Service0443Error
exception,30,301,Service0301Error,user_only,False,False,0,0,
exception,30,301,Service0301Error,naive,True,True,21,357,Service0283Error Service0380Error Service0418Error Service0122Error Service0094Error Service0325Error Service0448Error Service0241Error Service0438Error Service0134Error Service0301Error Service0144Error Service0110Error Service0166Error Service0247Error Service0306Error Service0428Error Service0262Error Service0235Error Service0109Error Service0323Error
exception,30,301,Service0301Error,v1,True,True,6,102,Service0301Error Service0428Error Service0323Error Service0109Error Service0235Error Service0262Error
exception,30,301,Service0301Error,v2,True,True,6,102,Service0301Error Service0428Error Service0325Error Service0323Error Service0109Error Service0235Error
exception,30,301,Service0301Error,oracle,True,True,1,17,Service0301Error
exception,30,434,Service0434Error,user_only,False,False,0,0,
exception,30,434,Service0434Error,naive,True,True,21,357,Service0210Error Service0310Error Service0067Error Service0448Error Service0336Error Service0435Error Service0220Error Service0189Error Service0053Error Service0181Error Service0434Error Service0329Error Service0430Error Service0237Error Service0058Error Service0366Error Service0083Error Service0195Error Service0196Error Service0384Error Service0391Error
exception,30,434,Service0434Error,v1,True,True,6,102,Service0434Error Service0083Error Service0391Error Service0384Error Service0196Error Service0195Error
exception,30,434,Service0434Error,v2,True,True,6,102,Service0434Error Service0083Error Service0435Error Service0391Error Service0384Error Service0196Error
exception,30,434,Service0434Error,oracle,True,True,1,17,Service0434Error
exception,30,445,Service0445Error,user_only,False,False,0,0,
exception,30,445,Service0445Error,naive,True,True,21,357,Service0198Error Service0337Error Service0060Error Service0132Error Service0058Error Service0404Error Service0061Error Service0319Error Service0269Error Service0126Error Service0445Error Service0448Error Service0074Error Service0120Error Service0173Error Service0194Error Service0444Error Service0129Error Service0186Error Service0125Error Service0262Error
exception,30,445,Service0445Error,v1,True,True,6,102,Service0445Error Service0444Error Service0262Error Service0125Error Service0186Error Service0129Error
exception,30,445,Service0445Error,v2,True,True,6,102,Service0445Error Service0444Error Service0404Error Service0262Error Service0125Error Service0186Error
exception,30,445,Service0445Error,oracle,True,True,1,17,Service0445Error
exception,30,350,Service0350Error,user_only,False,False,0,0,
exception,30,350,Service0350Error,naive,True,True,21,357,Service0340Error Service0162Error Service0074Error Service0404Error Service0090Error Service0059Error Service0144Error Service0222Error Service0279Error Service0224Error Service0350Error Service0349Error Service0331Error Service0384Error Service0389Error Service0371Error Service0412Error Service0307Error Service0214Error Service0426Error Service0311Error
exception,30,350,Service0350Error,v1,True,True,6,102,Service0350Error Service0412Error Service0311Error Service0426Error Service0214Error Service0307Error
exception,30,350,Service0350Error,v2,True,True,6,102,Service0350Error Service0412Error Service0059Error Service0311Error Service0426Error Service0214Error
exception,30,350,Service0350Error,oracle,True,True,1,17,Service0350Error
exception,30,275,Service0275Error,user_only,False,False,0,0,
exception,30,275,Service0275Error,naive,True,True,21,357,Service0293Error Service0297Error Service0094Error Service0305Error Service0278Error Service0114Error Service0093Error Service0082Error Service0052Error Service0227Error Service0275Error Service0157Error Service0352Error Service0050Error Service0355Error Service0444Error Service0167Error Service0061Error Service0096Error Service0354Error Service0385Error
exception,30,275,Service0275Error,v1,True,True,6,102,Service0275Error Service0167Error Service0385Error Service0354Error Service0096Error Service0061Error
exception,30,275,Service0275Error,v2,True,True,6,102,Service0275Error Service0167Error Service0114Error Service0385Error Service0354Error Service0096Error
exception,30,275,Service0275Error,oracle,True,True,1,17,Service0275Error
exception,30,172,Service0172Error,user_only,False,False,0,0,
exception,30,172,Service0172Error,naive,True,True,21,357,Service0164Error Service0071Error Service0207Error Service0065Error Service0290Error Service0374Error Service0168Error Service0161Error Service0272Error Service0074Error Service0172Error Service0096Error Service0415Error Service0160Error Service0402Error Service0370Error Service0403Error Service0119Error Service0242Error Service0163Error Service0432Error
exception,30,172,Service0172Error,v1,True,True,6,102,Service0172Error Service0403Error Service0432Error Service0163Error Service0242Error Service0119Error
exception,30,172,Service0172Error,v2,True,True,6,102,Service0172Error Service0403Error Service0374Error Service0432Error Service0163Error Service0242Error
exception,30,172,Service0172Error,oracle,True,True,1,17,Service0172Error
exception,30,51,Service0051Error,user_only,False,False,0,0,
exception,30,51,Service0051Error,naive,True,True,21,357,Service0388Error Service0363Error Service0240Error Service0361Error Service0294Error Service0283Error Service0162Error Service0176Error Service0391Error Service0335Error Service0051Error Service0248Error Service0245Error Service0108Error Service0292Error Service0312Error Service0290Error Service0266Error Service0426Error Service0394Error Service0062Error
exception,30,51,Service0051Error,v1,True,True,6,102,Service0051Error Service0290Error Service0062Error Service0394Error Service0426Error Service0266Error
exception,30,51,Service0051Error,v2,True,True,6,102,Service0051Error Service0290Error Service0283Error Service0062Error Service0394Error Service0426Error
exception,30,51,Service0051Error,oracle,True,True,1,17,Service0051Error
exception,30,364,Service0364Error,user_only,False,False,0,0,
exception,30,364,Service0364Error,naive,True,True,21,357,Service0180Error Service0329Error Service0247Error Service0214Error Service0115Error Service0095Error Service0242Error Service0212Error Service0070Error Service0405Error Service0364Error Service0052Error Service0264Error Service0316Error Service0421Error Service0209Error Service0148Error Service0302Error Service0228Error Service0087Error Service0190Error
exception,30,364,Service0364Error,v1,True,True,6,102,Service0364Error Service0148Error Service0190Error Service0087Error Service0228Error Service0302Error
exception,30,364,Service0364Error,v2,True,True,6,102,Service0364Error Service0148Error Service0095Error Service0190Error Service0087Error Service0228Error
exception,30,364,Service0364Error,oracle,True,True,1,17,Service0364Error
exception,30,91,Service0091Error,user_only,False,False,0,0,
exception,30,91,Service0091Error,naive,True,True,21,357,Service0342Error Service0232Error Service0442Error Service0338Error Service0122Error Service0114Error Service0138Error Service0446Error Service0367Error Service0262Error Service0091Error Service0369Error Service0119Error Service0313Error Service0249Error Service0439Error Service0394Error Service0148Error Service0242Error Service0089Error Service0327Error
exception,30,91,Service0091Error,v1,True,True,6,102,Service0091Error Service0394Error Service0327Error Service0089Error Service0242Error Service0148Error
exception,30,91,Service0091Error,v2,True,True,6,102,Service0091Error Service0394Error Service0114Error Service0327Error Service0089Error Service0242Error
exception,30,91,Service0091Error,oracle,True,True,1,17,Service0091Error
exception,30,106,Service0106Error,user_only,False,False,0,0,
exception,30,106,Service0106Error,naive,True,True,21,357,Service0359Error Service0388Error Service0254Error Service0059Error Service0126Error Service0176Error Service0431Error Service0378Error Service0347Error Service0163Error Service0106Error Service0169Error Service0132Error Service0122Error Service0222Error Service0080Error Service0178Error Service0120Error Service0305Error Service0066Error Service0329Error
exception,30,106,Service0106Error,v1,True,True,6,102,Service0106Error Service0178Error Service0329Error Service0066Error Service0305Error Service0120Error
exception,30,106,Service0106Error,v2,True,True,6,102,Service0106Error Service0178Error Service0176Error Service0329Error Service0066Error Service0305Error
exception,30,106,Service0106Error,oracle,True,True,1,17,Service0106Error
exception,30,197,Service0197Error,user_only,False,False,0,0,
exception,30,197,Service0197Error,naive,True,True,21,357,Service0288Error Service0152Error Service0271Error Service0093Error Service0171Error Service0221Error Service0349Error Service0433Error Service0130Error Service0407Error Service0197Error Service0418Error Service0313Error Service0383Error Service0441Error Service0102Error Service0276Error Service0159Error Service0178Error Service0269Error Service0131Error
exception,30,197,Service0197Error,v1,True,True,6,102,Service0197Error Service0276Error Service0131Error Service0269Error Service0178Error Service0159Error
exception,30,197,Service0197Error,v2,True,True,6,102,Service0197Error Service0276Error Service0221Error Service0131Error Service0269Error Service0178Error
exception,30,197,Service0197Error,oracle,True,True,1,17,Service0197Error
exception,30,100,Service0100Error,user_only,False,False,0,0,
exception,30,100,Service0100Error,naive,True,True,21,357,Service0234Error Service0140Error Service0072Error Service0372Error Service0371Error Service0076Error Service0422Error Service0396Error Service0157Error Service0292Error Service0100Error Service0082Error Service0192Error Service0358Error Service0070Error Service0171Error Service0418Error Service0105Error Service0062Error Service0322Error Service0168Error
exception,30,100,Service0100Error,v1,True,True,6,102,Service0100Error Service0418Error Service0168Error Service0322Error Service0062Error Service0105Error
exception,30,100,Service0100Error,v2,True,True,6,102,Service0100Error Service0418Error Service0076Error Service0168Error Service0322Error Service0062Error
exception,30,100,Service0100Error,oracle,True,True,1,17,Service0100Error
exception,30,280,Service0280Error,user_only,False,False,0,0,
exception,30,280,Service0280Error,naive,True,True,21,357,Service0123Error Service0196Error Service0359Error Service0225Error Service0276Error Service0211Error Service0235Error Service0243Error Service0267Error Service0236Error Service0280Error Service0369Error Service0313Error Service0279Error Service0192Error Service0051Error Service0305Error Service0256Error Service0081Error Service0208Error Service0078Error
exception,30,280,Service0280Error,v1,True,True,6,102,Service0280Error Service0305Error Service0078Error Service0208Error Service0081Error Service0256Error
exception,30,280,Service0280Error,v2,True,True,6,102,Service0280Error Service0305Error Service0211Error Service0078Error Service0208Error Service0081Error
exception,30,280,Service0280Error,oracle,True,True,1,17,Service0280Error
exception,30,55,Service0055Error,user_only,False,False,0,0,
exception,30,55,Service0055Error,naive,True,True,21,357,Service0076Error Service0319Error Service0291Error Service0361Error Service0167Error Service0164Error Service0255Error Service0276Error Service0166Error Service0112Error Service0055Error Service0069Error Service0434Error Service0257Error Service0190Error Service0330Error Service0288Error Service0180Error Service0438Error Service0430Error Service0079Error
exception,30,55,Service0055Error,v1,True,True,6,102,Service0055Error Service0288Error Service0079Error Service0430Error Service0438Error Service0180Error
exception,30,55,Service0055Error,v2,True,True,6,102,Service0055Error Service0288Error Service0164Error Service0079Error Service0430Error Service0438Error
exception,30,55,Service0055Error,oracle,True,True,1,17,Service0055Error
exception,30,400,Service0400Error,user_only,False,False,0,0,
exception,30,400,Service0400Error,naive,True,True,21,357,Service0136Error Service0450Error Service0059Error Service0317Error Service0203Error Service0176Error Service0226Error Service0114Error Service0125Error Service0385Error Service0400Error Service0216Error Service0104Error Service0366Error Service0152Error Service0434Error Service0123Error Service0269Error Service0113Error Service0063Error Service0161Error
exception,30,400,Service0400Error,v1,True,True,6,102,Service0400Error Service0123Error Service0161Error Service0063Error Service0113Error Service0269Error
exception,30,400,Service0400Error,v2,True,True,6,102,Service0400Error Service0123Error Service0176Error Service0161Error Service0063Error Service0113Error
exception,30,400,Service0400Error,oracle,True,True,1,17,Service0400Error
exception,30,397,Service0397Error,user_only,False,False,0,0,
exception,30,397,Service0397Error,naive,True,True,21,357,Service0201Error Service0297Error Service0085Error Service0125Error Service0115Error Service0333Error Service0063Error Service0286Error Service0391Error Service0276Error Service0397Error Service0187Error Service0249Error Service0407Error Service0119Error Service0072Error Service0346Error Service0262Error Service0328Error Service0166Error Service0329Error
exception,30,397,Service0397Error,v1,True,True,6,102,Service0397Error Service0346Error Service0329Error Service0166Error Service0328Error Service0262Error
exception,30,397,Service0397Error,v2,True,True,6,102,Service0397Error Service0346Error Service0333Error Service0329Error Service0166Error Service0328Error
exception,30,397,Service0397Error,oracle,True,True,1,17,Service0397Error
exception,30,210,Service0210Error,user_only,False,False,0,0,
exception,30,210,Service0210Error,naive,True,True,21,357,Service0271Error Service0191Error Service0058Error Service0183Error Service0269Error Service0172Error Service0427Error Service0402Error Service0448Error Service0218Error Service0210Error Service0406Error Service0150Error Service0261Error Service0399Error Service0390Error Service0057Error Service0115Error Service0111Error Service0418Error Service0290Error
exception,30,210,Service0210Error,v1,True,True,6,102,Service0210Error Service0057Error Service0290Error Service0418Error Service0111Error Service0115Error
exception,30,210,Service0210Error,v2,True,True,6,102,Service0210Error Service0057Error Service0172Error Service0290Error Service0418Error Service0111Error
exception,30,210,Service0210Error,oracle,True,True,1,17,Service0210Error
exception,30,157,Service0157Error,user_only,False,False,0,0,
exception,30,157,Service0157Error,naive,True,True,21,357,Service0178Error Service0062Error Service0352Error Service0437Error Service0184Error Service0346Error Service0318Error Service0216Error Service0296Error Service0230Error Service0157Error Service0279Error Service0200Error Service0368Error Service0067Error Service0270Error Service0309Error Service0106Error Service0299Error Service0355Error Service0407Error
exception,30,157,Service0157Error,v1,True,True,6,102,Service0157Error Service0309Error Service0407Error Service0355Error Service0299Error Service0106Error
exception,30,157,Service0157Error,v2,True,True,6,102,Service0157Error Service0309Error Service0346Error Service0407Error Service0355Error Service0299Error
exception,30,157,Service0157Error,oracle,True,True,1,17,Service0157Error
exception,30,253,Service0253Error,user_only,False,False,0,0,
exception,30,253,Service0253Error,naive,True,True,21,357,Service0216Error Service0220Error Service0176Error Service0142Error Service0075Error Service0212Error Service0164Error Service0343Error Service0106Error Service0387Error Service0253Error Service0094Error Service0081Error Service0193Error Service0211Error Service0280Error Service0227Error Service0254Error Service0059Error Service0301Error Service0362Error
exception,30,253,Service0253Error,v1,True,True,6,102,Service0253Error Service0227Error Service0362Error Service0301Error Service0059Error Service0254Error
exception,30,253,Service0253Error,v2,True,True,6,102,Service0253Error Service0227Error Service0212Error Service0362Error Service0301Error Service0059Error
exception,30,253,Service0253Error,oracle,True,True,1,17,Service0253Error
exception,30,178,Service0178Error,user_only,False,False,0,0,
exception,30,178,Service0178Error,naive,True,True,21,357,Service0445Error Service0233Error Service0191Error Service0101Error Service0309Error Service0142Error Service0074Error Service0085Error Service0124Error Service0277Error Service0178Error Service0201Error Service0168Error Service0239Error Service0197Error Service0198Error Service0112Error Service0252Error Service0253Error Service0175Error Service0429Error
exception,30,178,Service0178Error,v1,True,True,6,102,Service0178Error Service0112Error Service0429Error Service0175Error Service0253Error Service0252Error
exception,30,178,Service0178Error,v2,True,True,6,102,Service0178Error Service0112Error Service0142Error Service0429Error Service0175Error Service0253Error
exception,30,178,Service0178Error,oracle,True,True,1,17,Service0178Error
exception,30,228,Service0228Error,user_only,False,False,0,0,
exception,30,228,Service0228Error,naive,True,True,21,357,Service0307Error Service0395Error Service0061Error Service0417Error Service0373Error Service0367Error Service0369Error Service0083Error Service0139Error Service0212Error Service0228Error Service0108Error Service0087Error Service0297Error Service0400Error Service0130Error Service0412Error Service0176Error Service0240Error Service0092Error Service0247Error
exception,30,228,Service0228Error,v1,True,True,6,102,Service0228Error Service0412Error Service0247Error Service0092Error Service0240Error Service0176Error
exception,30,228,Service0228Error,v2,True,True,6,102,Service0228Error Service0412Error Service0367Error Service0247Error Service0092Error Service0240Error
exception,30,228,Service0228Error,oracle,True,True,1,17,Service0228Error
exception,30,232,Service0232Error,user_only,False,False,0,0,
exception,30,232,Service0232Error,naive,True,True,21,357,Service0297Error Service0295Error Service0351Error Service0355Error Service0260Error Service0424Error Service0339Error Service0169Error Service0149Error Service0274Error Service0232Error Service0225Error Service0425Error Service0066Error Service0257Error Service0111Error Service0168Error Service0143Error Service0078Error Service0278Error Service0272Error
exception,30,232,Service0232Error,v1,True,True,6,102,Service0232Error Service0168Error Service0272Error Service0278Error Service0078Error Service0143Error
exception,30,232,Service0232Error,v2,True,True,6,102,Service0232Error Service0168Error Service0424Error Service0272Error Service0278Error Service0078Error
exception,30,232,Service0232Error,oracle,True,True,1,17,Service0232Error
exception,30,242,Service0242Error,user_only,False,False,0,0,
exception,30,242,Service0242Error,naive,True,True,21,357,Service0197Error Service0103Error Service0280Error Service0147Error Service0374Error Service0321Error Service0155Error Service0442Error Service0082Error Service0219Error Service0242Error Service0184Error Service0261Error Service0115Error Service0432Error Service0161Error Service0286Error Service0201Error Service0252Error Service0257Error Service0239Error
exception,30,242,Service0242Error,v1,True,True,6,102,Service0242Error Service0286Error Service0239Error Service0257Error Service0252Error Service0201Error
exception,30,242,Service0242Error,v2,True,True,6,102,Service0242Error Service0286Error Service0321Error Service0239Error Service0257Error Service0252Error
exception,30,242,Service0242Error,oracle,True,True,1,17,Service0242Error
exception,30,431,Service0431Error,user_only,False,False,0,0,
exception,30,431,Service0431Error,naive,True,True,21,357,Service0087Error Service0388Error Service0355Error Service0207Error Service0142Error Service0401Error Service0440Error Service0156Error Service0296Error Service0149Error Service0431Error Service0409Error Service0386Error Service0068Error Service0233Error Service0319Error Service0327Error Service0342Error Service0445Error Service0426Error Service0450Error
exception,30,431,Service0431Error,v1,True,True,6,102,Service0431Error Service0327Error Service0450Error Service0426Error Service0445Error Service0342Error
exception,30,431,Service0431Error,v2,True,True,6,102,Service0431Error Service0327Error Service0401Error Service0450Error Service0426Error Service0445Error
exception,30,431,Service0431Error,oracle,True,True,1,17,Service0431Error
exception,30,376,Service0376Error,user_only,False,False,0,0,
exception,30,376,Service0376Error,naive,True,True,21,357,Service0243Error Service0338Error Service0248Error Service0263Error Service0256Error Service0166Error Service0270Error Service0371Error Service0187Error Service0447Error Service0376Error Service0247Error Service0349Error Service0423Error Service0404Error Service0066Error Service0297Error Service0068Error Service0204Error Service0324Error Service0291Error
exception,30,376,Service0376Error,v1,True,True,6,102,Service0376Error Service0297Error Service0291Error Service0324Error Service0204Error Service0068Error
exception,30,376,Service0376Error,v2,True,True,6,102,Service0376Error Service0297Error Service0166Error Service0291Error Service0324Error Service0204Error
exception,30,376,Service0376Error,oracle,True,True,1,17,Service0376Error
exception,30,89,Service0089Error,user_only,False,False,0,0,
exception,30,89,Service0089Error,naive,True,True,21,357,Service0199Error Service0110Error Service0319Error Service0165Error Service0239Error Service0062Error Service0315Error Service0392Error Service0339Error Service0448Error Service0089Error Service0390Error Service0300Error Service0376Error Service0374Error Service0075Error Service0120Error Service0263Error Service0127Error Service0375Error Service0288Error
exception,30,89,Service0089Error,v1,True,True,6,102,Service0089Error Service0120Error Service0288Error Service0375Error Service0127Error Service0263Error
exception,30,89,Service0089Error,v2,True,True,6,102,Service0089Error Service0120Error Service0062Error Service0288Error Service0375Error Service0127Error
exception,30,89,Service0089Error,oracle,True,True,1,17,Service0089Error
exception,30,420,Service0420Error,user_only,False,False,0,0,
exception,30,420,Service0420Error,naive,True,True,21,357,Service0404Error Service0428Error Service0136Error Service0440Error Service0277Error Service0204Error Service0424Error Service0234Error Service0067Error Service0203Error Service0420Error Service0381Error Service0374Error Service0310Error Service0226Error Service0232Error Service0241Error Service0074Error Service0359Error Service0262Error Service0191Error
exception,30,420,Service0420Error,v1,True,True,6,102,Service0420Error Service0241Error Service0191Error Service0262Error Service0359Error Service0074Error
exception,30,420,Service0420Error,v2,True,True,6,102,Service0420Error Service0241Error Service0204Error Service0191Error Service0262Error Service0359Error
exception,30,420,Service0420Error,oracle,True,True,1,17,Service0420Error
exception,30,224,Service0224Error,user_only,False,False,0,0,
exception,30,224,Service0224Error,naive,True,True,21,357,Service0232Error Service0448Error Service0366Error Service0365Error Service0057Error Service0152Error Service0435Error Service0320Error Service0228Error Service0124Error Service0224Error Service0226Error Service0319Error Service0190Error Service0354Error Service0219Error Service0205Error Service0137Error Service0161Error Service0110Error Service0218Error
exception,30,224,Service0224Error,v1,True,True,6,102,Service0224Error Service0205Error Service0218Error Service0110Error Service0161Error Service0137Error
exception,30,224,Service0224Error,v2,True,True,6,102,Service0224Error Service0205Error Service0152Error Service0218Error Service0110Error Service0161Error
exception,30,224,Service0224Error,oracle,True,True,1,17,Service0224Error
exception,30,95,Service0095Error,user_only,False,False,0,0,
exception,30,95,Service0095Error,naive,True,True,21,357,Service0127Error Service0146Error Service0267Error Service0321Error Service0154Error Service0401Error Service0126Error Service0064Error Service0223Error Service0404Error Service0095Error Service0113Error Service0355Error Service0287Error Service0235Error Service0241Error Service0144Error Service0408Error Service0143Error Service0137Error Service0060Error
exception,30,95,Service0095Error,v1,True,True,6,102,Service0095Error Service0144Error Service0060Error Service0137Error Service0143Error Service0408Error
exception,30,95,Service0095Error,v2,True,True,6,102,Service0095Error Service0144Error Service0401Error Service0060Error Service0137Error Service0143Error
exception,30,95,Service0095Error,oracle,True,True,1,17,Service0095Error
exception,30,335,Service0335Error,user_only,False,False,0,0,
exception,30,335,Service0335Error,naive,True,True,21,357,Service0201Error Service0410Error Service0233Error Service0158Error Service0411Error Service0250Error Service0118Error Service0055Error Service0328Error Service0151Error Service0335Error Service0065Error Service0200Error Service0107Error Service0124Error Service0298Error Service0277Error Service0162Error Service0057Error Service0280Error Service0147Error
exception,30,335,Service0335Error,v1,True,True,6,102,Service0335Error Service0277Error Service0147Error Service0280Error Service0057Error Service0162Error
exception,30,335,Service0335Error,v2,True,True,6,102,Service0335Error Service0277Error Service0250Error Service0147Error Service0280Error Service0057Error
exception,30,335,Service0335Error,oracle,True,True,1,17,Service0335Error
exception,30,325,Service0325Error,user_only,False,False,0,0,
exception,30,325,Service0325Error,naive,True,True,21,357,Service0217Error Service0278Error Service0291Error Service0111Error Service0437Error Service0224Error Service0242Error Service0252Error Service0135Error Service0178Error Service0325Error Service0390Error Service0318Error Service0243Error Service0160Error Service0168Error Service0395Error Service0398Error Service0056Error Service0133Error Service0119Error
exception,30,325,Service0325Error,v1,True,True,6,102,Service0325Error Service0395Error Service0119Error Service0133Error Service0056Error Service0398Error
exception,30,325,Service0325Error,v2,True,True,6,102,Service0325Error Service0395Error Service0224Error Service0119Error Service0133Error Service0056Error
exception,30,325,Service0325Error,oracle,True,True,1,17,Service0325Error
exception,30,199,Service0199Error,user_only,False,False,0,0,
exception,30,199,Service0199Error,naive,True,True,21,357,Service0050Error Service0307Error Service0306Error Service0386Error Service0183Error Service0283Error Service0074Error Service0097Error Service0367Error Service0442Error Service0199Error Service0285Error Service0343Error Service0146Error Service0100Error Service0347Error Service0339Error Service0243Error Service0065Error Service0302Error Service0364Error
exception,30,199,Service0199Error,v1,True,True,6,102,Service0199Error Service0339Error Service0364Error Service0302Error Service0065Error Service0243Error
exception,30,199,Service0199Error,v2,True,True,6,102,Service0199Error Service0339Error Service0283Error Service0364Error Service0302Error Service0065Error
exception,30,199,Service0199Error,oracle,True,True,1,17,Service0199Error
exception,30,284,Service0284Error,user_only,False,False,0,0,
exception,30,284,Service0284Error,naive,True,True,21,357,Service0179Error Service0113Error Service0278Error Service0436Error Service0213Error Service0262Error Service0128Error Service0390Error Service0225Error Service0054Error Service0284Error Service0255Error Service0421Error Service0226Error Service0086Error Service0372Error Service0104Error Service0161Error Service0227Error Service0119Error Service0450Error
exception,30,284,Service0284Error,v1,True,True,6,102,Service0284Error Service0104Error Service0450Error Service0119Error Service0227Error Service0161Error
exception,30,284,Service0284Error,v2,True,True,6,102,Service0284Error Service0104Error Service0262Error Service0450Error Service0119Error Service0227Error
exception,30,284,Service0284Error,oracle,True,True,1,17,Service0284Error
exception,30,122,Service0122Error,user_only,False,False,0,0,
exception,30,122,Service0122Error,naive,True,True,21,357,Service0331Error Service0321Error Service0142Error Service0249Error Service0105Error Service0423Error Service0325Error Service0365Error Service0056Error Service0386Error Service0122Error Service0264Error Service0187Error Service0151Error Service0416Error Service0305Error Service0159Error Service0234Error Service0266Error Service0374Error Service0114Error
exception,30,122,Service0122Error,v1,True,True,6,102,Service0122Error Service0159Error Service0114Error Service0374Error Service0266Error Service0234Error
exception,30,122,Service0122Error,v2,True,True,6,102,Service0122Error Service0159Error Service0423Error Service0114Error Service0374Error Service0266Error
exception,30,122,Service0122Error,oracle,True,True,1,17,Service0122Error
exception,100,110,Service0110Error,user_only,False,False,0,0,
exception,100,110,Service0110Error,naive,True,True,21,357,Service0325Error Service0449Error Service0168Error Service0212Error Service0445Error Service0158Error Service0429Error Service0130Error Service0240Error Service0068Error Service0110Error Service0094Error Service0302Error Service0274Error Service0411Error Service0239Error Service0296Error Service0125Error Service0375Error Service0164Error Service0107Error
exception,100,110,Service0110Error,v1,True,True,6,102,Service0110Error Service0296Error Service0107Error Service0164Error Service0375Error Service0125Error
exception,100,110,Service0110Error,v2,True,True,6,102,Service0110Error Service0296Error Service0158Error Service0107Error Service0164Error Service0375Error
exception,100,110,Service0110Error,oracle,True,True,1,17,Service0110Error
exception,100,213,Service0213Error,user_only,False,False,0,0,
exception,100,213,Service0213Error,naive,True,True,21,357,Service0235Error Service0280Error Service0126Error Service0229Error Service0232Error Service0118Error Service0184Error Service0099Error Service0382Error Service0331Error Service0213Error Service0362Error Service0231Error Service0358Error Service0346Error Service0226Error Service0222Error Service0327Error Service0284Error Service0199Error Service0359Error
exception,100,213,Service0213Error,v1,True,True,6,102,Service0213Error Service0222Error Service0359Error Service0199Error Service0284Error Service0327Error
exception,100,213,Service0213Error,v2,True,True,6,102,Service0213Error Service0222Error Service0118Error Service0359Error Service0199Error Service0284Error
exception,100,213,Service0213Error,oracle,True,True,1,17,Service0213Error
exception,100,307,Service0307Error,user_only,False,False,0,0,
exception,100,307,Service0307Error,naive,True,True,21,357,Service0138Error Service0168Error Service0443Error Service0419Error Service0086Error Service0087Error Service0353Error Service0394Error Service0275Error Service0413Error Service0307Error Service0186Error Service0134Error Service0129Error Service0217Error Service0231Error Service0410Error Service0332Error Service0233Error Service0164Error Service0382Error
exception,100,307,Service0307Error,v1,True,True,6,102,Service0307Error Service0410Error Service0382Error Service0164Error Service0233Error Service0332Error
exception,100,307,Service0307Error,v2,True,True,6,102,Service0307Error Service0410Error Service0087Error Service0382Error Service0164Error Service0233Error
exception,100,307,Service0307Error,oracle,True,True,1,17,Service0307Error
exception,100,312,Service0312Error,user_only,False,False,0,0,
exception,100,312,Service0312Error,naive,True,True,21,357,Service0283Error Service0360Error Service0207Error Service0068Error Service0278Error Service0091Error Service0317Error Service0411Error Service0064Error Service0390Error Service0312Error Service0081Error Service0271Error Service0139Error Service0237Error Service0215Error Service0176Error Service0181Error Service0326Error Service0230Error Service0174Error
exception,100,312,Service0312Error,v1,True,True,6,102,Service0312Error Service0176Error Service0174Error Service0230Error Service0326Error Service0181Error
exception,100,312,Service0312Error,v2,True,True,6,102,Service0312Error Service0176Error Service0091Error Service0174Error Service0230Error Service0326Error
exception,100,312,Service0312Error,oracle,True,True,1,17,Service0312Error
exception,100,381,Service0381Error,user_only,False,False,0,0,
exception,100,381,Service0381Error,naive,True,True,21,357,Service0337Error Service0412Error Service0399Error Service0435Error Service0187Error Service0398Error Service0264Error Service0161Error Service0206Error Service0355Error Service0381Error Service0169Error Service0308Error Service0327Error Service0280Error Service0134Error Service0245Error Service0236Error Service0065Error Service0378Error Service0168Error
exception,100,381,Service0381Error,v1,True,True,6,102,Service0381Error Service0245Error Service0168Error Service0378Error Service0065Error Service0236Error
exception,100,381,Service0381Error,v2,True,True,6,102,Service0381Error Service0245Error Service0398Error Service0168Error Service0378Error Service0065Error
exception,100,381,Service0381Error,oracle,True,True,1,17,Service0381Error
exception,100,102,Service0102Error,user_only,False,False,0,0,
exception,100,102,Service0102Error,naive,True,True,21,357,Service0239Error Service0427Error Service0100Error Service0078Error Service0393Error Service0328Error Service0415Error Service0254Error Service0408Error Service0189Error Service0102Error Service0386Error Service0417Error Service0240Error Service0258Error Service0152Error Service0163Error Service0314Error Service0274Error Service0194Error Service0346Error
exception,100,102,Service0102Error,v1,True,True,6,102,Service0102Error Service0163Error Service0346Error Service0194Error Service0274Error Service0314Error
exception,100,102,Service0102Error,v2,True,True,6,102,Service0102Error Service0163Error Service0328Error Service0346Error Service0194Error Service0274Error
exception,100,102,Service0102Error,oracle,True,True,1,17,Service0102Error
exception,100,164,Service0164Error,user_only,False,False,0,0,
exception,100,164,Service0164Error,naive,True,True,21,357,Service0050Error Service0075Error Service0379Error Service0266Error Service0175Error Service0358Error Service0112Error Service0218Error Service0436Error Service0222Error Service0164Error Service0109Error Service0305Error Service0209Error Service0439Error Service0295Error Service0248Error Service0367Error Service0441Error Service0115Error Service0341Error
exception,100,164,Service0164Error,v1,True,True,6,102,Service0164Error Service0248Error Service0341Error Service0115Error Service0441Error Service0367Error
exception,100,164,Service0164Error,v2,True,True,6,102,Service0164Error Service0248Error Service0358Error Service0341Error Service0115Error Service0441Error
exception,100,164,Service0164Error,oracle,True,True,1,17,Service0164Error
exception,100,357,Service0357Error,user_only,False,False,0,0,
exception,100,357,Service0357Error,naive,True,True,21,357,Service0276Error Service0050Error Service0241Error Service0221Error Service0398Error Service0226Error Service0425Error Service0418Error Service0235Error Service0330Error Service0357Error Service0430Error Service0265Error Service0183Error Service0243Error Service0076Error Service0416Error Service0220Error Service0163Error Service0154Error Service0380Error
exception,100,357,Service0357Error,v1,True,True,6,102,Service0357Error Service0416Error Service0380Error Service0154Error Service0163Error Service0220Error
exception,100,357,Service0357Error,v2,True,True,6,102,Service0357Error Service0416Error Service0226Error Service0380Error Service0154Error Service0163Error
exception,100,357,Service0357Error,oracle,True,True,1,17,Service0357Error
exception,100,368,Service0368Error,user_only,False,False,0,0,
exception,100,368,Service0368Error,naive,True,True,21,357,Service0083Error Service0280Error Service0187Error Service0089Error Service0326Error Service0380Error Service0111Error Service0426Error Service0085Error Service0152Error Service0368Error Service0127Error Service0284Error Service0125Error Service0310Error Service0338Error Service0201Error Service0359Error Service0344Error Service0154Error Service0307Error
exception,100,368,Service0368Error,v1,True,True,6,102,Service0368Error Service0201Error Service0307Error Service0154Error Service0344Error Service0359Error
exception,100,368,Service0368Error,v2,True,True,6,102,Service0368Error Service0201Error Service0380Error Service0307Error Service0154Error Service0344Error
exception,100,368,Service0368Error,oracle,True,True,1,17,Service0368Error
exception,100,334,Service0334Error,user_only,False,False,0,0,
exception,100,334,Service0334Error,naive,True,True,21,357,Service0420Error Service0097Error Service0298Error Service0382Error Service0106Error Service0105Error Service0400Error Service0307Error Service0285Error Service0108Error Service0334Error Service0376Error Service0193Error Service0145Error Service0282Error Service0331Error Service0264Error Service0266Error Service0170Error Service0311Error Service0213Error
exception,100,334,Service0334Error,v1,True,True,6,102,Service0334Error Service0264Error Service0213Error Service0311Error Service0170Error Service0266Error
exception,100,334,Service0334Error,v2,True,True,6,102,Service0334Error Service0264Error Service0105Error Service0213Error Service0311Error Service0170Error
exception,100,334,Service0334Error,oracle,True,True,1,17,Service0334Error
exception,100,265,Service0265Error,user_only,False,False,0,0,
exception,100,265,Service0265Error,naive,True,True,21,357,Service0101Error Service0153Error Service0154Error Service0239Error Service0235Error Service0165Error Service0295Error Service0255Error Service0281Error Service0401Error Service0265Error Service0199Error Service0060Error Service0293Error Service0318Error Service0144Error Service0138Error Service0135Error Service0090Error Service0429Error Service0406Error
exception,100,265,Service0265Error,v1,True,True,6,102,Service0265Error Service0138Error Service0406Error Service0429Error Service0090Error Service0135Error
exception,100,265,Service0265Error,v2,True,True,6,102,Service0265Error Service0138Error Service0165Error Service0406Error Service0429Error Service0090Error
exception,100,265,Service0265Error,oracle,True,True,1,17,Service0265Error
exception,100,343,Service0343Error,user_only,False,False,0,0,
exception,100,343,Service0343Error,naive,True,True,21,357,Service0165Error Service0406Error Service0344Error Service0168Error Service0363Error Service0420Error Service0130Error Service0137Error Service0389Error Service0133Error Service0343Error Service0352Error Service0081Error Service0117Error Service0336Error Service0065Error Service0272Error Service0086Error Service0288Error Service0148Error Service0424Error
exception,100,343,Service0343Error,v1,True,True,6,102,Service0343Error Service0272Error Service0424Error Service0148Error Service0288Error Service0086Error
exception,100,343,Service0343Error,v2,True,True,6,102,Service0343Error Service0272Error Service0420Error Service0424Error Service0148Error Service0288Error
exception,100,343,Service0343Error,oracle,True,True,1,17,Service0343Error
exception,100,330,Service0330Error,user_only,False,False,0,0,
exception,100,330,Service0330Error,naive,True,True,21,357,Service0379Error Service0342Error Service0385Error Service0129Error Service0138Error Service0268Error Service0171Error Service0313Error Service0289Error Service0363Error Service0330Error Service0275Error Service0122Error Service0127Error Service0223Error Service0095Error Service0355Error Service0446Error Service0159Error Service0164Error Service0126Error
exception,100,330,Service0330Error,v1,True,True,6,102,Service0330Error Service0355Error Service0126Error Service0164Error Service0159Error Service0446Error
exception,100,330,Service0330Error,v2,True,True,6,102,Service0330Error Service0355Error Service0268Error Service0126Error Service0164Error Service0159Error
exception,100,330,Service0330Error,oracle,True,True,1,17,Service0330Error
exception,100,424,Service0424Error,user_only,False,False,0,0,
exception,100,424,Service0424Error,naive,True,True,21,357,Service0115Error Service0189Error Service0148Error Service0315Error Service0145Error Service0168Error Service0106Error Service0233Error Service0347Error Service0093Error Service0424Error Service0297Error Service0139Error Service0209Error Service0080Error Service0428Error Service0202Error Service0146Error Service0161Error Service0283Error Service0362Error
exception,100,424,Service0424Error,v1,True,True,6,102,Service0424Error Service0202Error Service0362Error Service0283Error Service0161Error Service0146Error
exception,100,424,Service0424Error,v2,True,True,6,102,Service0424Error Service0202Error Service0168Error Service0362Error Service0283Error Service0161Error
exception,100,424,Service0424Error,oracle,True,True,1,17,Service0424Error
exception,100,447,Service0447Error,user_only,False,False,0,0,
exception,100,447,Service0447Error,naive,True,True,21,357,Service0063Error Service0260Error Service0246Error Service0261Error Service0449Error Service0061Error Service0207Error Service0054Error Service0219Error Service0253Error Service0447Error Service0363Error Service0267Error Service0302Error Service0314Error Service0202Error Service0153Error Service0425Error Service0392Error Service0450Error Service0065Error
exception,100,447,Service0447Error,v1,True,True,6,102,Service0447Error Service0153Error Service0065Error Service0450Error Service0392Error Service0425Error
exception,100,447,Service0447Error,v2,True,True,6,102,Service0447Error Service0153Error Service0061Error Service0065Error Service0450Error Service0392Error
exception,100,447,Service0447Error,oracle,True,True,1,17,Service0447Error
exception,100,443,Service0443Error,user_only,False,False,0,0,
exception,100,443,Service0443Error,naive,True,True,21,357,Service0261Error Service0117Error Service0442Error Service0331Error Service0089Error Service0396Error Service0363Error Service0091Error Service0356Error Service0311Error Service0443Error Service0298Error Service0450Error Service0343Error Service0234Error Service0099Error Service0073Error Service0346Error Service0357Error Service0316Error Service0250Error
exception,100,443,Service0443Error,v1,True,True,6,102,Service0443Error Service0073Error Service0250Error Service0316Error Service0357Error Service0346Error
exception,100,443,Service0443Error,v2,True,True,6,102,Service0443Error Service0073Error Service0396Error Service0250Error Service0316Error Service0357Error
exception,100,443,Service0443Error,oracle,True,True,1,17,Service0443Error
exception,100,301,Service0301Error,user_only,False,False,0,0,
exception,100,301,Service0301Error,naive,True,True,21,357,Service0195Error Service0294Error Service0318Error Service0359Error Service0069Error Service0097Error Service0336Error Service0446Error Service0188Error Service0050Error Service0301Error Service0279Error Service0399Error Service0167Error Service0285Error Service0128Error Service0280Error Service0342Error Service0364Error Service0224Error Service0211Error
exception,100,301,Service0301Error,v1,True,True,6,102,Service0301Error Service0280Error Service0211Error Service0224Error Service0364Error Service0342Error
exception,100,301,Service0301Error,v2,True,True,6,102,Service0301Error Service0280Error Service0097Error Service0211Error Service0224Error Service0364Error
exception,100,301,Service0301Error,oracle,True,True,1,17,Service0301Error
exception,100,434,Service0434Error,user_only,False,False,0,0,
exception,100,434,Service0434Error,naive,True,True,21,357,Service0390Error Service0078Error Service0255Error Service0112Error Service0061Error Service0185Error Service0330Error Service0416Error Service0437Error Service0226Error Service0434Error Service0440Error Service0086Error Service0183Error Service0387Error Service0179Error Service0154Error Service0138Error Service0266Error Service0424Error Service0240Error
exception,100,434,Service0434Error,v1,True,True,6,102,Service0434Error Service0154Error Service0240Error Service0424Error Service0266Error Service0138Error
exception,100,434,Service0434Error,v2,True,True,6,102,Service0434Error Service0154Error Service0185Error Service0240Error Service0424Error Service0266Error
exception,100,434,Service0434Error,oracle,True,True,1,17,Service0434Error
exception,100,445,Service0445Error,user_only,False,False,0,0,
exception,100,445,Service0445Error,naive,True,True,21,357,Service0330Error Service0369Error Service0353Error Service0236Error Service0215Error Service0423Error Service0319Error Service0309Error Service0378Error Service0424Error Service0445Error Service0201Error Service0228Error Service0450Error Service0204Error Service0212Error Service0292Error Service0380Error Service0127Error Service0289Error Service0429Error
exception,100,445,Service0445Error,v1,True,True,6,102,Service0445Error Service0292Error Service0429Error Service0289Error Service0127Error Service0380Error
exception,100,445,Service0445Error,v2,True,True,6,102,Service0445Error Service0292Error Service0423Error Service0429Error Service0289Error Service0127Error
exception,100,445,Service0445Error,oracle,True,True,1,17,Service0445Error
exception,100,350,Service0350Error,user_only,False,False,0,0,
exception,100,350,Service0350Error,naive,True,True,21,357,Service0175Error Service0440Error Service0446Error Service0215Error Service0434Error Service0433Error Service0437Error Service0277Error Service0425Error Service0368Error Service0350Error Service0157Error Service0204Error Service0114Error Service0297Error Service0207Error Service0397Error Service0374Error Service0362Error Service0214Error Service0105Error
exception,100,350,Service0350Error,v1,True,True,6,102,Service0350Error Service0397Error Service0105Error Service0214Error Service0362Error Service0374Error
exception,100,350,Service0350Error,v2,True,True,6,102,Service0350Error Service0397Error Service0433Error Service0105Error Service0214Error Service0362Error
exception,100,350,Service0350Error,oracle,True,True,1,17,Service0350Error
exception,100,275,Service0275Error,user_only,False,False,0,0,
exception,100,275,Service0275Error,naive,True,True,21,357,Service0400Error Service0091Error Service0307Error Service0302Error Service0341Error Service0246Error Service0094Error Service0197Error Service0132Error Service0437Error Service0275Error Service0060Error Service0181Error Service0262Error Service0118Error Service0286Error Service0113Error Service0396Error Service0415Error Service0431Error Service0139Error
exception,100,275,Service0275Error,v1,True,True,6,102,Service0275Error Service0113Error Service0139Error Service0431Error Service0415Error Service0396Error
exception,100,275,Service0275Error,v2,True,True,6,102,Service0275Error Service0113Error Service0246Error Service0139Error Service0431Error Service0415Error
exception,100,275,Service0275Error,oracle,True,True,1,17,Service0275Error
exception,100,172,Service0172Error,user_only,False,False,0,0,
exception,100,172,Service0172Error,naive,True,True,21,357,Service0186Error Service0197Error Service0174Error Service0443Error Service0344Error Service0227Error Service0130Error Service0448Error Service0097Error Service0447Error Service0172Error Service0417Error Service0412Error Service0114Error Service0289Error Service0356Error Service0232Error Service0112Error Service0151Error Service0256Error Service0437Error
exception,100,172,Service0172Error,v1,True,True,6,102,Service0172Error Service0232Error Service0437Error Service0256Error Service0151Error Service0112Error
exception,100,172,Service0172Error,v2,True,True,6,102,Service0172Error Service0232Error Service0227Error Service0437Error Service0256Error Service0151Error
exception,100,172,Service0172Error,oracle,True,True,1,17,Service0172Error
exception,100,51,Service0051Error,user_only,True,False,0,0,
exception,100,51,Service0051Error,naive,True,True,21,357,Service0239Error Service0405Error Service0386Error Service0447Error Service0070Error Service0146Error Service0245Error Service0393Error Service0190Error Service0360Error Service0051Error Service0105Error Service0226Error Service0128Error Service0057Error Service0225Error Service0185Error Service0267Error Service0300Error Service0424Error Service0268Error
exception,100,51,Service0051Error,v1,True,True,6,102,Service0051Error Service0185Error Service0268Error Service0424Error Service0300Error Service0267Error
exception,100,51,Service0051Error,v2,True,True,6,102,Service0051Error Service0185Error Service0146Error Service0268Error Service0424Error Service0300Error
exception,100,51,Service0051Error,oracle,True,True,1,17,Service0051Error
exception,100,364,Service0364Error,user_only,False,False,0,0,
exception,100,364,Service0364Error,naive,True,True,21,357,Service0325Error Service0241Error Service0439Error Service0059Error Service0155Error Service0332Error Service0324Error Service0353Error Service0068Error Service0228Error Service0364Error Service0208Error Service0328Error Service0085Error Service0381Error Service0113Error Service0168Error Service0159Error Service0235Error Service0255Error Service0183Error
exception,100,364,Service0364Error,v1,True,True,6,102,Service0364Error Service0168Error Service0183Error Service0255Error Service0235Error Service0159Error
exception,100,364,Service0364Error,v2,True,True,6,102,Service0364Error Service0168Error Service0332Error Service0183Error Service0255Error Service0235Error
exception,100,364,Service0364Error,oracle,True,True,1,17,Service0364Error
exception,100,91,Service0091Error,user_only,True,False,0,0,
exception,100,91,Service0091Error,naive,True,True,21,357,Service0171Error Service0136Error Service0430Error Service0261Error Service0278Error Service0292Error Service0273Error Service0169Error Service0387Error Service0397Error Service0091Error Service0098Error Service0395Error Service0426Error Service0123Error Service0083Error Service0111Error Service0106Error Service0084Error Service0341Error Service0365Error
exception,100,91,Service0091Error,v1,True,True,6,102,Service0091Error Service0111Error Service0365Error Service0341Error Service0084Error Service0106Error
exception,100,91,Service0091Error,v2,True,True,6,102,Service0091Error Service0111Error Service0292Error Service0365Error Service0341Error Service0084Error
exception,100,91,Service0091Error,oracle,True,True,1,17,Service0091Error
exception,100,106,Service0106Error,user_only,False,False,0,0,
exception,100,106,Service0106Error,naive,True,True,21,357,Service0139Error Service0354Error Service0065Error Service0265Error Service0437Error Service0062Error Service0305Error Service0351Error Service0085Error Service0097Error Service0106Error Service0350Error Service0168Error Service0229Error Service0186Error Service0274Error Service0331Error Service0323Error Service0079Error Service0169Error Service0187Error
exception,100,106,Service0106Error,v1,True,True,6,102,Service0106Error Service0331Error Service0187Error Service0169Error Service0079Error Service0323Error
exception,100,106,Service0106Error,v2,True,True,6,102,Service0106Error Service0331Error Service0062Error Service0187Error Service0169Error Service0079Error
exception,100,106,Service0106Error,oracle,True,True,1,17,Service0106Error
exception,100,197,Service0197Error,user_only,False,False,0,0,
exception,100,197,Service0197Error,naive,True,True,21,357,Service0164Error Service0260Error Service0161Error Service0311Error Service0277Error Service0395Error Service0195Error Service0334Error Service0130Error Service0348Error Service0197Error Service0365Error Service0085Error Service0189Error Service0340Error Service0291Error Service0287Error Service0084Error Service0114Error Service0108Error Service0194Error
exception,100,197,Service0197Error,v1,True,True,6,102,Service0197Error Service0287Error Service0194Error Service0108Error Service0114Error Service0084Error
exception,100,197,Service0197Error,v2,True,True,6,102,Service0197Error Service0287Error Service0395Error Service0194Error Service0108Error Service0114Error
exception,100,197,Service0197Error,oracle,True,True,1,17,Service0197Error
exception,100,100,Service0100Error,user_only,False,False,0,0,
exception,100,100,Service0100Error,naive,True,True,21,357,Service0297Error Service0408Error Service0133Error Service0148Error Service0076Error Service0112Error Service0199Error Service0149Error Service0132Error Service0397Error Service0100Error Service0198Error Service0263Error Service0134Error Service0123Error Service0228Error Service0140Error Service0240Error Service0262Error Service0131Error Service0320Error
exception,100,100,Service0100Error,v1,True,True,6,102,Service0100Error Service0140Error Service0320Error Service0131Error Service0262Error Service0240Error
exception,100,100,Service0100Error,v2,True,True,6,102,Service0100Error Service0140Error Service0112Error Service0320Error Service0131Error Service0262Error
exception,100,100,Service0100Error,oracle,True,True,1,17,Service0100Error
exception,100,280,Service0280Error,user_only,False,False,0,0,
exception,100,280,Service0280Error,naive,True,True,21,357,Service0224Error Service0157Error Service0254Error Service0279Error Service0098Error Service0290Error Service0432Error Service0266Error Service0233Error Service0159Error Service0280Error Service0221Error Service0180Error Service0260Error Service0105Error Service0110Error Service0393Error Service0190Error Service0306Error Service0413Error Service0441Error
exception,100,280,Service0280Error,v1,True,True,6,102,Service0280Error Service0393Error Service0441Error Service0413Error Service0306Error Service0190Error
exception,100,280,Service0280Error,v2,True,True,6,102,Service0280Error Service0393Error Service0290Error Service0441Error Service0413Error Service0306Error
exception,100,280,Service0280Error,oracle,True,True,1,17,Service0280Error
exception,100,55,Service0055Error,user_only,True,False,0,0,
exception,100,55,Service0055Error,naive,True,True,21,357,Service0411Error Service0431Error Service0106Error Service0101Error Service0100Error Service0263Error Service0322Error Service0414Error Service0428Error Service0158Error Service0055Error Service0095Error Service0438Error Service0135Error Service0295Error Service0131Error Service0427Error Service0317Error Service0314Error Service0298Error Service0416Error
exception,100,55,Service0055Error,v1,True,True,6,102,Service0055Error Service0427Error Service0416Error Service0298Error Service0314Error Service0317Error
exception,100,55,Service0055Error,v2,True,True,6,102,Service0055Error Service0427Error Service0263Error Service0416Error Service0298Error Service0314Error
exception,100,55,Service0055Error,oracle,True,True,1,17,Service0055Error
exception,100,400,Service0400Error,user_only,False,False,0,0,
exception,100,400,Service0400Error,naive,True,True,21,357,Service0083Error Service0186Error Service0377Error Service0101Error Service0223Error Service0319Error Service0103Error Service0105Error Service0375Error Service0199Error Service0400Error Service0357Error Service0262Error Service0138Error Service0149Error Service0221Error Service0368Error Service0408Error Service0255Error Service0349Error Service0389Error
exception,100,400,Service0400Error,v1,True,True,6,102,Service0400Error Service0368Error Service0389Error Service0349Error Service0255Error Service0408Error
exception,100,400,Service0400Error,v2,True,True,6,102,Service0400Error Service0368Error Service0319Error Service0389Error Service0349Error Service0255Error
exception,100,400,Service0400Error,oracle,True,True,1,17,Service0400Error
exception,100,397,Service0397Error,user_only,False,False,0,0,
exception,100,397,Service0397Error,naive,True,True,21,357,Service0443Error Service0081Error Service0222Error Service0433Error Service0227Error Service0111Error Service0409Error Service0122Error Service0100Error Service0425Error Service0397Error Service0357Error Service0145Error Service0278Error Service0442Error Service0177Error Service0270Error Service0101Error Service0374Error Service0298Error Service0272Error
exception,100,397,Service0397Error,v1,True,True,6,102,Service0397Error Service0270Error Service0272Error Service0298Error Service0374Error Service0101Error
exception,100,397,Service0397Error,v2,True,True,6,102,Service0397Error Service0270Error Service0111Error Service0272Error Service0298Error Service0374Error
exception,100,397,Service0397Error,oracle,True,True,1,17,Service0397Error
exception,100,210,Service0210Error,user_only,False,False,0,0,
exception,100,210,Service0210Error,naive,True,True,21,357,Service0092Error Service0411Error Service0080Error Service0086Error Service0118Error Service0340Error Service0328Error Service0198Error Service0406Error Service0307Error Service0210Error Service0219Error Service0065Error Service0164Error Service0440Error Service0401Error Service0186Error Service0230Error Service0378Error Service0098Error Service0169Error
exception,100,210,Service0210Error,v1,True,True,6,102,Service0210Error Service0186Error Service0169Error Service0098Error Service0378Error Service0230Error
exception,100,210,Service0210Error,v2,True,True,6,102,Service0210Error Service0186Error Service0340Error Service0169Error Service0098Error Service0378Error
exception,100,210,Service0210Error,oracle,True,True,1,17,Service0210Error
exception,100,157,Service0157Error,user_only,False,False,0,0,
exception,100,157,Service0157Error,naive,True,True,21,357,Service0448Error Service0398Error Service0419Error Service0206Error Service0306Error Service0271Error Service0174Error Service0400Error Service0436Error Service0376Error Service0157Error Service0245Error Service0248Error Service0324Error Service0176Error Service0095Error Service0145Error Service0052Error Service0173Error Service0088Error Service0363Error
exception,100,157,Service0157Error,v1,True,True,6,102,Service0157Error Service0145Error Service0363Error Service0088Error Service0173Error Service0052Error
exception,100,157,Service0157Error,v2,True,True,6,102,Service0157Error Service0145Error Service0271Error Service0363Error Service0088Error Service0173Error
exception,100,157,Service0157Error,oracle,True,True,1,17,Service0157Error
exception,100,253,Service0253Error,user_only,False,False,0,0,
exception,100,253,Service0253Error,naive,True,True,21,357,Service0185Error Service0377Error Service0186Error Service0243Error Service0209Error Service0108Error Service0094Error Service0055Error Service0424Error Service0191Error Service0253Error Service0229Error Service0166Error Service0439Error Service0087Error Service0115Error Service0236Error Service0363Error Service0287Error Service0313Error Service0296Error
exception,100,253,Service0253Error,v1,True,True,6,102,Service0253Error Service0236Error Service0296Error Service0313Error Service0287Error Service0363Error
exception,100,253,Service0253Error,v2,True,True,6,102,Service0253Error Service0236Error Service0108Error Service0296Error Service0313Error Service0287Error
exception,100,253,Service0253Error,oracle,True,True,1,17,Service0253Error
exception,100,178,Service0178Error,user_only,False,False,0,0,
exception,100,178,Service0178Error,naive,True,True,21,357,Service0360Error Service0380Error Service0255Error Service0338Error Service0108Error Service0053Error Service0450Error Service0102Error Service0376Error Service0265Error Service0178Error Service0246Error Service0050Error Service0111Error Service0388Error Service0324Error Service0066Error Service0257Error Service0378Error Service0083Error Service0169Error
exception,100,178,Service0178Error,v1,True,True,6,102,Service0178Error Service0066Error Service0169Error Service0083Error Service0378Error Service0257Error
exception,100,178,Service0178Error,v2,True,True,6,102,Service0178Error Service0066Error Service0053Error Service0169Error Service0083Error Service0378Error
exception,100,178,Service0178Error,oracle,True,True,1,17,Service0178Error
exception,100,228,Service0228Error,user_only,False,False,0,0,
exception,100,228,Service0228Error,naive,True,True,21,357,Service0361Error Service0327Error Service0142Error Service0251Error Service0230Error Service0309Error Service0248Error Service0267Error Service0053Error Service0072Error Service0228Error Service0112Error Service0100Error Service0158Error Service0400Error Service0145Error Service0376Error Service0200Error Service0341Error Service0348Error Service0153Error
exception,100,228,Service0228Error,v1,True,True,6,102,Service0228Error Service0376Error Service0153Error Service0348Error Service0341Error Service0200Error
exception,100,228,Service0228Error,v2,True,True,6,102,Service0228Error Service0376Error Service0309Error Service0153Error Service0348Error Service0341Error
exception,100,228,Service0228Error,oracle,True,True,1,17,Service0228Error
exception,100,232,Service0232Error,user_only,False,False,0,0,
exception,100,232,Service0232Error,naive,True,True,21,357,Service0078Error Service0421Error Service0400Error Service0267Error Service0443Error Service0200Error Service0218Error Service0304Error Service0415Error Service0084Error Service0232Error Service0113Error Service0382Error Service0092Error Service0397Error Service0214Error Service0303Error Service0316Error Service0410Error Service0347Error Service0255Error
exception,100,232,Service0232Error,v1,True,True,6,102,Service0232Error Service0303Error Service0255Error Service0347Error Service0410Error Service0316Error
exception,100,232,Service0232Error,v2,True,True,6,102,Service0232Error Service0303Error Service0200Error Service0255Error Service0347Error Service0410Error
exception,100,232,Service0232Error,oracle,True,True,1,17,Service0232Error
exception,100,242,Service0242Error,user_only,False,False,0,0,
exception,100,242,Service0242Error,naive,True,True,21,357,Service0131Error Service0282Error Service0164Error Service0108Error Service0400Error Service0388Error Service0383Error Service0209Error Service0443Error Service0127Error Service0242Error Service0231Error Service0073Error Service0445Error Service0243Error Service0399Error Service0168Error Service0366Error Service0408Error Service0304Error Service0174Error
exception,100,242,Service0242Error,v1,True,True,6,102,Service0242Error Service0168Error Service0174Error Service0304Error Service0408Error Service0366Error
exception,100,242,Service0242Error,v2,True,True,6,102,Service0242Error Service0168Error Service0388Error Service0174Error Service0304Error Service0408Error
exception,100,242,Service0242Error,oracle,True,True,1,17,Service0242Error
exception,100,431,Service0431Error,user_only,False,False,0,0,
exception,100,431,Service0431Error,naive,True,True,21,357,Service0121Error Service0277Error Service0225Error Service0110Error Service0208Error Service0052Error Service0161Error Service0370Error Service0348Error Service0263Error Service0431Error Service0436Error Service0093Error Service0143Error Service0162Error Service0115Error Service0359Error Service0272Error Service0224Error Service0175Error Service0146Error
exception,100,431,Service0431Error,v1,True,True,6,102,Service0431Error Service0359Error Service0146Error Service0175Error Service0224Error Service0272Error
exception,100,431,Service0431Error,v2,True,True,6,102,Service0431Error Service0359Error Service0052Error Service0146Error Service0175Error Service0224Error
exception,100,431,Service0431Error,oracle,True,True,1,17,Service0431Error
exception,100,376,Service0376Error,user_only,False,False,0,0,
exception,100,376,Service0376Error,naive,True,True,21,357,Service0348Error Service0327Error Service0201Error Service0240Error Service0391Error Service0230Error Service0146Error Service0050Error Service0330Error Service0231Error Service0376Error Service0159Error Service0345Error Service0214Error Service0282Error Service0385Error Service0127Error Service0331Error Service0244Error Service0116Error Service0059Error
exception,100,376,Service0376Error,v1,True,True,6,102,Service0376Error Service0127Error Service0059Error Service0116Error Service0244Error Service0331Error
exception,100,376,Service0376Error,v2,True,True,6,102,Service0376Error Service0127Error Service0230Error Service0059Error Service0116Error Service0244Error
exception,100,376,Service0376Error,oracle,True,True,1,17,Service0376Error
exception,100,89,Service0089Error,user_only,True,False,0,0,
exception,100,89,Service0089Error,naive,True,True,21,357,Service0167Error Service0151Error Service0137Error Service0376Error Service0332Error Service0426Error Service0448Error Service0321Error Service0272Error Service0323Error Service0089Error Service0091Error Service0222Error Service0068Error Service0065Error Service0236Error Service0074Error Service0337Error Service0134Error Service0223Error Service0349Error
exception,100,89,Service0089Error,v1,True,True,6,102,Service0089Error Service0074Error Service0349Error Service0223Error Service0134Error Service0337Error
exception,100,89,Service0089Error,v2,True,True,6,102,Service0089Error Service0074Error Service0426Error Service0349Error Service0223Error Service0134Error
exception,100,89,Service0089Error,oracle,True,True,1,17,Service0089Error
exception,100,420,Service0420Error,user_only,False,False,0,0,
exception,100,420,Service0420Error,naive,True,True,21,357,Service0232Error Service0111Error Service0295Error Service0198Error Service0301Error Service0305Error Service0428Error Service0175Error Service0268Error Service0226Error Service0420Error Service0437Error Service0260Error Service0203Error Service0184Error Service0430Error Service0083Error Service0445Error Service0280Error Service0064Error Service0115Error
exception,100,420,Service0420Error,v1,True,True,6,102,Service0420Error Service0083Error Service0115Error Service0064Error Service0280Error Service0445Error
exception,100,420,Service0420Error,v2,True,True,6,102,Service0420Error Service0083Error Service0305Error Service0115Error Service0064Error Service0280Error
exception,100,420,Service0420Error,oracle,True,True,1,17,Service0420Error
exception,100,224,Service0224Error,user_only,False,False,0,0,
exception,100,224,Service0224Error,naive,True,True,21,357,Service0324Error Service0358Error Service0199Error Service0079Error Service0140Error Service0315Error Service0231Error Service0146Error Service0421Error Service0143Error Service0224Error Service0192Error Service0359Error Service0178Error Service0156Error Service0068Error Service0367Error Service0077Error Service0164Error Service0135Error Service0399Error
exception,100,224,Service0224Error,v1,True,True,6,102,Service0224Error Service0367Error Service0399Error Service0135Error Service0164Error Service0077Error
exception,100,224,Service0224Error,v2,True,True,6,102,Service0224Error Service0367Error Service0315Error Service0399Error Service0135Error Service0164Error
exception,100,224,Service0224Error,oracle,True,True,1,17,Service0224Error
exception,100,95,Service0095Error,user_only,True,False,0,0,
exception,100,95,Service0095Error,naive,True,True,21,357,Service0423Error Service0416Error Service0250Error Service0190Error Service0138Error Service0098Error Service0086Error Service0324Error Service0203Error Service0374Error Service0095Error Service0233Error Service0333Error Service0378Error Service0365Error Service0277Error Service0270Error Service0084Error Service0077Error Service0212Error Service0388Error
exception,100,95,Service0095Error,v1,True,True,6,102,Service0095Error Service0270Error Service0388Error Service0212Error Service0077Error Service0084Error
exception,100,95,Service0095Error,v2,True,True,6,102,Service0095Error Service0270Error Service0098Error Service0388Error Service0212Error Service0077Error
exception,100,95,Service0095Error,oracle,True,True,1,17,Service0095Error
exception,100,335,Service0335Error,user_only,False,False,0,0,
exception,100,335,Service0335Error,naive,True,True,21,357,Service0178Error Service0243Error Service0241Error Service0078Error Service0303Error Service0263Error Service0246Error Service0370Error Service0442Error Service0295Error Service0335Error Service0376Error Service0326Error Service0097Error Service0237Error Service0181Error Service0212Error Service0201Error Service0414Error Service0221Error Service0346Error
exception,100,335,Service0335Error,v1,True,True,6,102,Service0335Error Service0212Error Service0346Error Service0221Error Service0414Error Service0201Error
exception,100,335,Service0335Error,v2,True,True,6,102,Service0335Error Service0212Error Service0263Error Service0346Error Service0221Error Service0414Error
exception,100,335,Service0335Error,oracle,True,True,1,17,Service0335Error
exception,100,325,Service0325Error,user_only,False,False,0,0,
exception,100,325,Service0325Error,naive,True,True,21,357,Service0229Error Service0163Error Service0249Error Service0156Error Service0182Error Service0276Error Service0300Error Service0363Error Service0402Error Service0416Error Service0325Error Service0142Error Service0378Error Service0054Error Service0411Error Service0257Error Service0125Error Service0403Error Service0330Error Service0066Error Service0174Error
exception,100,325,Service0325Error,v1,True,True,6,102,Service0325Error Service0125Error Service0174Error Service0066Error Service0330Error Service0403Error
exception,100,325,Service0325Error,v2,True,True,6,102,Service0325Error Service0125Error Service0276Error Service0174Error Service0066Error Service0330Error
exception,100,325,Service0325Error,oracle,True,True,1,17,Service0325Error
exception,100,199,Service0199Error,user_only,False,False,0,0,
exception,100,199,Service0199Error,naive,True,True,21,357,Service0104Error Service0441Error Service0376Error Service0416Error Service0373Error Service0435Error Service0198Error Service0059Error Service0066Error Service0299Error Service0199Error Service0103Error Service0089Error Service0238Error Service0123Error Service0207Error Service0101Error Service0205Error Service0268Error Service0312Error Service0407Error
exception,100,199,Service0199Error,v1,True,True,6,102,Service0199Error Service0101Error Service0407Error Service0312Error Service0268Error Service0205Error
exception,100,199,Service0199Error,v2,True,True,6,102,Service0199Error Service0101Error Service0435Error Service0407Error Service0312Error Service0268Error
exception,100,199,Service0199Error,oracle,True,True,1,17,Service0199Error
exception,100,284,Service0284Error,user_only,False,False,0,0,
exception,100,284,Service0284Error,naive,True,True,21,357,Service0064Error Service0409Error Service0207Error Service0134Error Service0238Error Service0126Error Service0104Error Service0380Error Service0438Error Service0234Error Service0284Error Service0247Error Service0428Error Service0122Error Service0063Error Service0430Error Service0408Error Service0302Error Service0194Error Service0210Error Service0170Error
exception,100,284,Service0284Error,v1,True,True,6,102,Service0284Error Service0408Error Service0170Error Service0210Error Service0194Error Service0302Error
exception,100,284,Service0284Error,v2,True,True,6,102,Service0284Error Service0408Error Service0126Error Service0170Error Service0210Error Service0194Error
exception,100,284,Service0284Error,oracle,True,True,1,17,Service0284Error
exception,100,122,Service0122Error,user_only,False,False,0,0,
exception,100,122,Service0122Error,naive,True,True,21,357,Service0226Error Service0342Error Service0307Error Service0390Error Service0244Error Service0140Error Service0263Error Service0213Error Service0372Error Service0230Error Service0122Error Service0120Error Service0189Error Service0066Error Service0082Error Service0341Error Service0090Error Service0396Error Service0161Error Service0071Error Service0250Error
exception,100,122,Service0122Error,v1,True,True,6,102,Service0122Error Service0090Error Service0250Error Service0071Error Service0161Error Service0396Error
exception,100,122,Service0122Error,v2,True,True,6,102,Service0122Error Service0090Error Service0140Error Service0250Error Service0071Error Service0161Error
exception,100,122,Service0122Error,oracle,True,True,1,17,Service0122Error
file_path,10,110,src/module_0110.py,user_only,False,False,0,0,
file_path,10,110,src/module_0110.py,naive,True,True,21,399,src/module_0112.py src/module_0253.py src/module_0419.py src/module_0126.py src/module_0262.py src/module_0124.py src/module_0403.py src/module_0091.py src/module_0209.py src/module_0214.py src/module_0110.py src/module_0237.py src/module_0135.py src/module_0356.py src/module_0282.py src/module_0438.py src/module_0425.py src/module_0355.py src/module_0238.py src/module_0377.py src/module_0225.py
file_path,10,110,src/module_0110.py,v1,True,True,6,102,src/module_0425.py FAILED src/module_0124.py src/module_0110.py src/module_0225.py src/module_0377.py
file_path,10,110,src/module_0110.py,v2,True,True,6,114,src/module_0110.py src/module_0425.py src/module_0124.py src/module_0225.py src/module_0377.py src/module_0238.py
file_path,10,110,src/module_0110.py,oracle,True,True,1,19,src/module_0110.py
file_path,10,213,src/module_0213.py,user_only,False,False,0,0,
file_path,10,213,src/module_0213.py,naive,False,True,21,399,src/module_0290.py src/module_0382.py src/module_0151.py src/module_0117.py src/module_0082.py src/module_0250.py src/module_0158.py src/module_0236.py src/module_0181.py src/module_0198.py src/module_0213.py src/module_0163.py src/module_0175.py src/module_0185.py src/module_0063.py src/module_0210.py src/module_0220.py src/module_0065.py src/module_0326.py src/module_0421.py src/module_0121.py
file_path,10,213,src/module_0213.py,v1,True,True,6,102,src/module_0220.py FAILED src/module_0250.py src/module_0213.py src/module_0121.py src/module_0421.py
file_path,10,213,src/module_0213.py,v2,True,True,6,114,src/module_0213.py src/module_0220.py src/module_0250.py src/module_0121.py src/module_0421.py src/module_0326.py
file_path,10,213,src/module_0213.py,oracle,True,True,1,19,src/module_0213.py
file_path,10,307,src/module_0307.py,user_only,False,False,0,0,
file_path,10,307,src/module_0307.py,naive,False,True,21,399,src/module_0253.py src/module_0262.py src/module_0390.py src/module_0374.py src/module_0071.py src/module_0132.py src/module_0154.py src/module_0399.py src/module_0110.py src/module_0334.py src/module_0307.py src/module_0285.py src/module_0131.py src/module_0097.py src/module_0404.py src/module_0252.py src/module_0419.py src/module_0130.py src/module_0326.py src/module_0341.py src/module_0204.py
file_path,10,307,src/module_0307.py,v1,True,True,6,102,src/module_0419.py FAILED src/module_0132.py src/module_0307.py src/module_0204.py src/module_0341.py
file_path,10,307,src/module_0307.py,v2,True,True,6,114,src/module_0307.py src/module_0419.py src/module_0132.py src/module_0204.py src/module_0341.py src/module_0326.py
file_path,10,307,src/module_0307.py,oracle,True,True,1,19,src/module_0307.py
file_path,10,312,src/module_0312.py,user_only,False,False,0,0,
file_path,10,312,src/module_0312.py,naive,False,True,21,399,src/module_0169.py src/module_0340.py src/module_0385.py src/module_0141.py src/module_0232.py src/module_0118.py src/module_0382.py src/module_0287.py src/module_0177.py src/module_0378.py src/module_0312.py src/module_0121.py src/module_0052.py src/module_0247.py src/module_0096.py src/module_0133.py src/module_0332.py src/module_0370.py src/module_0249.py src/module_0356.py src/module_0420.py
file_path,10,312,src/module_0312.py,v1,True,True,6,102,src/module_0332.py FAILED src/module_0118.py src/module_0312.py src/module_0420.py src/module_0356.py
file_path,10,312,src/module_0312.py,v2,True,True,6,114,src/module_0312.py src/module_0332.py src/module_0118.py src/module_0420.py src/module_0356.py src/module_0249.py
file_path,10,312,src/module_0312.py,oracle,True,True,1,19,src/module_0312.py
file_path,10,381,src/module_0381.py,user_only,False,False,0,0,
file_path,10,381,src/module_0381.py,naive,False,True,21,399,src/module_0387.py src/module_0298.py src/module_0283.py src/module_0349.py src/module_0438.py src/module_0413.py src/module_0322.py src/module_0118.py src/module_0421.py src/module_0416.py src/module_0381.py src/module_0094.py src/module_0262.py src/module_0324.py src/module_0253.py src/module_0352.py src/module_0103.py src/module_0156.py src/module_0234.py src/module_0360.py src/module_0293.py
file_path,10,381,src/module_0381.py,v1,True,True,6,102,src/module_0103.py FAILED src/module_0413.py src/module_0381.py src/module_0293.py src/module_0360.py
file_path,10,381,src/module_0381.py,v2,True,True,6,114,src/module_0381.py src/module_0103.py src/module_0413.py src/module_0293.py src/module_0360.py src/module_0234.py
file_path,10,381,src/module_0381.py,oracle,True,True,1,19,src/module_0381.py
file_path,10,102,src/module_0102.py,user_only,False,False,0,0,
file_path,10,102,src/module_0102.py,naive,True,True,21,399,src/module_0235.py src/module_0431.py src/module_0356.py src/module_0382.py src/module_0079.py src/module_0088.py src/module_0279.py src/module_0052.py src/module_0238.py src/module_0285.py src/module_0102.py src/module_0139.py src/module_0050.py src/module_0135.py src/module_0153.py src/module_0326.py src/module_0119.py src/module_0287.py src/module_0100.py src/module_0293.py src/module_0180.py
file_path,10,102,src/module_0102.py,v1,True,True,6,102,src/module_0119.py FAILED src/module_0088.py src/module_0102.py src/module_0180.py src/module_0293.py
file_path,10,102,src/module_0102.py,v2,True,True,6,114,src/module_0102.py src/module_0119.py src/module_0088.py src/module_0180.py src/module_0293.py src/module_0100.py
file_path,10,102,src/module_0102.py,oracle,True,True,1,19,src/module_0102.py
file_path,10,164,src/module_0164.py,user_only,False,False,0,0,
file_path,10,164,src/module_0164.py,naive,False,True,21,399,src/module_0343.py src/module_0067.py src/module_0419.py src/module_0069.py src/module_0124.py src/module_0430.py src/module_0427.py src/module_0357.py src/module_0445.py src/module_0074.py src/module_0164.py src/module_0383.py src/module_0081.py src/module_0268.py src/module_0050.py src/module_0134.py src/module_0258.py src/module_0218.py src/module_0128.py src/module_0436.py src/module_0396.py
file_path,10,164,src/module_0164.py,v1,True,True,6,102,src/module_0258.py FAILED src/module_0430.py src/module_0164.py src/module_0396.py src/module_0436.py
file_path,10,164,src/module_0164.py,v2,True,True,6,114,src/module_0164.py src/module_0258.py src/module_0430.py src/module_0396.py src/module_0436.py src/module_0128.py
file_path,10,164,src/module_0164.py,oracle,True,True,1,19,src/module_0164.py
file_path,10,357,src/module_0357.py,user_only,False,False,0,0,
file_path,10,357,src/module_0357.py,naive,False,True,21,399,src/module_0340.py src/module_0387.py src/module_0427.py src/module_0133.py src/module_0413.py src/module_0176.py src/module_0105.py src/module_0265.py src/module_0255.py src/module_0318.py src/module_0357.py src/module_0200.py src/module_0321.py src/module_0380.py src/module_0386.py src/module_0428.py src/module_0382.py src/module_0391.py src/module_0165.py src/module_0418.py src/module_0141.py
file_path,10,357,src/module_0357.py,v1,True,True,6,102,src/module_0382.py FAILED src/module_0176.py src/module_0357.py src/module_0141.py src/module_0418.py
file_path,10,357,src/module_0357.py,v2,True,True,6,114,src/module_0357.py src/module_0382.py src/module_0176.py src/module_0141.py src/module_0418.py src/module_0165.py
file_path,10,357,src/module_0357.py,oracle,True,True,1,19,src/module_0357.py
file_path,10,368,src/module_0368.py,user_only,False,False,0,0,
file_path,10,368,src/module_0368.py,naive,False,True,21,399,src/module_0156.py src/module_0448.py src/module_0421.py src/module_0117.py src/module_0417.py src/module_0353.py src/module_0201.py src/module_0267.py src/module_0308.py src/module_0219.py src/module_0368.py src/module_0056.py src/module_0295.py src/module_0240.py src/module_0246.py src/module_0351.py src/module_0205.py src/module_0120.py src/module_0127.py src/module_0226.py src/module_0270.py
file_path,10,368,src/module_0368.py,v1,True,True,6,102,src/module_0205.py FAILED src/module_0353.py src/module_0368.py src/module_0270.py src/module_0226.py
file_path,10,368,src/module_0368.py,v2,True,True,6,114,src/module_0368.py src/module_0205.py src/module_0353.py src/module_0270.py src/module_0226.py src/module_0127.py
file_path,10,368,src/module_0368.py,oracle,True,True,1,19,src/module_0368.py
file_path,10,334,src/module_0334.py,user_only,False,False,0,0,
file_path,10,334,src/module_0334.py,naive,False,True,21,399,src/module_0314.py src/module_0135.py src/module_0111.py src/module_0069.py src/module_0279.py src/module_0143.py src/module_0050.py src/module_0322.py src/module_0180.py src/module_0363.py src/module_0334.py src/module_0213.py src/module_0088.py src/module_0224.py src/module_0227.py src/module_0434.py src/module_0169.py src/module_0125.py src/module_0378.py src/module_0250.py src/module_0084.py
file_path,10,334,src/module_0334.py,v1,True,True,6,102,src/module_0169.py FAILED src/module_0143.py src/module_0334.py src/module_0084.py src/module_0250.py
file_path,10,334,src/module_0334.py,v2,True,True,6,114,src/module_0334.py src/module_0169.py src/module_0143.py src/module_0084.py src/module_0250.py src/module_0378.py
file_path,10,334,src/module_0334.py,oracle,True,True,1,19,src/module_0334.py
file_path,10,265,src/module_0265.py,user_only,False,False,0,0,
file_path,10,265,src/module_0265.py,naive,False,True,21,399,src/module_0199.py src/module_0333.py src/module_0327.py src/module_0416.py src/module_0198.py src/module_0436.py src/module_0077.py src/module_0218.py src/module_0228.py src/module_0188.py src/module_0265.py src/module_0360.py src/module_0413.py src/module_0109.py src/module_0381.py src/module_0343.py src/module_0224.py src/module_0146.py src/module_0255.py src/module_0234.py src/module_0450.py
file_path,10,265,src/module_0265.py,v1,True,True,6,102,src/module_0224.py FAILED src/module_0436.py src/module_0265.py src/module_0450.py src/module_0234.py
file_path,10,265,src/module_0265.py,v2,True,True,6,114,src/module_0265.py src/module_0224.py src/module_0436.py src/module_0450.py src/module_0234.py src/module_0255.py
file_path,10,265,src/module_0265.py,oracle,True,True,1,19,src/module_0265.py
file_path,10,343,src/module_0343.py,user_only,False,False,0,0,
file_path,10,343,src/module_0343.py,naive,False,True,21,399,src/module_0294.py src/module_0274.py src/module_0140.py src/module_0360.py src/module_0114.py src/module_0193.py src/module_0449.py src/module_0082.py src/module_0267.py src/module_0339.py src/module_0343.py src/module_0217.py src/module_0137.py src/module_0184.py src/module_0389.py src/module_0344.py src/module_0316.py src/module_0246.py src/module_0305.py src/module_0260.py src/module_0436.py
file_path,10,343,src/module_0343.py,v1,True,True,6,102,src/module_0316.py FAILED src/module_0193.py src/module_0343.py src/module_0436.py src/module_0260.py
file_path,10,343,src/module_0343.py,v2,True,True,6,114,src/module_0343.py src/module_0316.py src/module_0193.py src/module_0436.py src/module_0260.py src/module_0305.py
file_path,10,343,src/module_0343.py,oracle,True,True,1,19,src/module_0343.py
file_path,10,330,src/module_0330.py,user_only,False,False,0,0,
file_path,10,330,src/module_0330.py,naive,False,True,21,399,src/module_0209.py src/module_0096.py src/module_0176.py src/module_0200.py src/module_0416.py src/module_0426.py src/module_0349.py src/module_0282.py src/module_0388.py src/module_0174.py src/module_0330.py src/module_0268.py src/module_0303.py src/module_0119.py src/module_0228.py src/module_0278.py src/module_0323.py src/module_0405.py src/module_0271.py src/module_0155.py src/module_0357.py
file_path,10,330,src/module_0330.py,v1,True,True,6,102,src/module_0323.py FAILED src/module_0426.py src/module_0330.py src/module_0357.py src/module_0155.py
file_path,10,330,src/module_0330.py,v2,True,True,6,114,src/module_0330.py src/module_0323.py src/module_0426.py src/module_0357.py src/module_0155.py src/module_0271.py
file_path,10,330,src/module_0330.py,oracle,True,True,1,19,src/module_0330.py
file_path,10,424,src/module_0424.py,user_only,False,False,0,0,
file_path,10,424,src/module_0424.py,naive,False,True,21,399,src/module_0056.py src/module_0228.py src/module_0409.py src/module_0295.py src/module_0429.py src/module_0313.py src/module_0326.py src/module_0192.py src/module_0098.py src/module_0445.py src/module_0424.py src/module_0103.py src/module_0320.py src/module_0289.py src/module_0348.py src/module_0057.py src/module_0133.py src/module_0189.py src/module_0297.py src/module_0134.py src/module_0407.py
file_path,10,424,src/module_0424.py,v1,True,True,6,102,src/module_0133.py FAILED src/module_0313.py src/module_0424.py src/module_0407.py src/module_0134.py
file_path,10,424,src/module_0424.py,v2,True,True,6,114,src/module_0424.py src/module_0133.py src/module_0313.py src/module_0407.py src/module_0134.py src/module_0297.py
file_path,10,424,src/module_0424.py,oracle,True,True,1,19,src/module_0424.py
file_path,10,447,src/module_0447.py,user_only,False,False,0,0,
file_path,10,447,src/module_0447.py,naive,False,True,21,399,src/module_0157.py src/module_0443.py src/module_0118.py src/module_0245.py src/module_0127.py src/module_0292.py src/module_0310.py src/module_0396.py src/module_0180.py src/module_0368.py src/module_0447.py src/module_0186.py src/module_0329.py src/module_0275.py src/module_0231.py src/module_0089.py src/module_0294.py src/module_0084.py src/module_0120.py src/module_0385.py src/module_0433.py
file_path,10,447,src/module_0447.py,v1,True,True,6,102,src/module_0294.py FAILED src/module_0292.py src/module_0447.py src/module_0433.py src/module_0385.py
file_path,10,447,src/module_0447.py,v2,True,True,6,114,src/module_0447.py src/module_0294.py src/module_0292.py src/module_0433.py src/module_0385.py src/module_0120.py
file_path,10,447,src/module_0447.py,oracle,True,True,1,19,src/module_0447.py
file_path,10,443,src/module_0443.py,user_only,False,False,0,0,
file_path,10,443,src/module_0443.py,naive,False,True,21,399,src/module_0053.py src/module_0184.py src/module_0372.py src/module_0270.py src/module_0171.py src/module_0070.py src/module_0261.py src/module_0318.py src/module_0183.py src/module_0374.py src/module_0443.py src/module_0202.py src/module_0224.py src/module_0432.py src/module_0067.py src/module_0170.py src/module_0326.py src/module_0142.py src/module_0208.py src/module_0327.py src/module_0226.py
file_path,10,443,src/module_0443.py,v1,True,True,6,102,src/module_0326.py FAILED src/module_0070.py src/module_0443.py src/module_0226.py src/module_0327.py
file_path,10,443,src/module_0443.py,v2,True,True,6,114,src/module_0443.py src/module_0326.py src/module_0070.py src/module_0226.py src/module_0327.py src/module_0208.py
file_path,10,443,src/module_0443.py,oracle,True,True,1,19,src/module_0443.py
file_path,10,301,src/module_0301.py,user_only,False,False,0,0,
file_path,10,301,src/module_0301.py,naive,False,True,21,399,src/module_0360.py src/module_0354.py src/module_0373.py src/module_0228.py src/module_0196.py src/module_0232.py src/module_0378.py src/module_0408.py src/module_0286.py src/module_0276.py src/module_0301.py src/module_0428.py src/module_0141.py src/module_0404.py src/module_0056.py src/module_0124.py src/module_0366.py src/module_0127.py src/module_0388.py src/module_0295.py src/module_0135.py
file_path,10,301,src/module_0301.py,v1,True,True,6,102,src/module_0366.py FAILED src/module_0232.py src/module_0301.py src/module_0135.py src/module_0295.py
file_path,10,301,src/module_0301.py,v2,True,True,6,114,src/module_0301.py src/module_0366.py src/module_0232.py src/module_0135.py src/module_0295.py src/module_0388.py
file_path,10,301,src/module_0301.py,oracle,True,True,1,19,src/module_0301.py
file_path,10,434,src/module_0434.py,user_only,False,False,0,0,
file_path,10,434,src/module_0434.py,naive,False,True,21,399,src/module_0216.py src/module_0286.py src/module_0298.py src/module_0221.py src/module_0351.py src/module_0088.py src/module_0341.py src/module_0196.py src/module_0148.py src/module_0327.py src/module_0434.py src/module_0180.py src/module_0051.py src/module_0141.py src/module_0201.py src/module_0357.py src/module_0170.py src/module_0382.py src/module_0106.py src/module_0362.py src/module_0349.py
file_path,10,434,src/module_0434.py,v1,True,True,6,102,src/module_0170.py FAILED src/module_0088.py src/module_0434.py src/module_0349.py src/module_0362.py
file_path,10,434,src/module_0434.py,v2,True,True,6,114,src/module_0434.py src/module_0170.py src/module_0088.py src/module_0349.py src/module_0362.py src/module_0106.py
file_path,10,434,src/module_0434.py,oracle,True,True,1,19,src/module_0434.py
file_path,10,445,src/module_0445.py,user_only,False,False,0,0,
file_path,10,445,src/module_0445.py,naive,False,True,21,399,src/module_0442.py src/module_0159.py src/module_0406.py src/module_0249.py src/module_0200.py src/module_0280.py src/module_0338.py src/module_0386.py src/module_0070.py src/module_0174.py src/module_0445.py src/module_0150.py src/module_0240.py src/module_0105.py src/module_0124.py src/module_0257.py src/module_0268.py src/module_0258.py src/module_0328.py src/module_0407.py src/module_0161.py
file_path,10,445,src/module_0445.py,v1,True,True,6,102,src/module_0268.py FAILED src/module_0280.py src/module_0445.py src/module_0161.py src/module_0407.py
file_path,10,445,src/module_0445.py,v2,True,True,6,114,src/module_0445.py src/module_0268.py src/module_0280.py src/module_0161.py src/module_0407.py src/module_0328.py
file_path,10,445,src/module_0445.py,oracle,True,True,1,19,src/module_0445.py
file_path,10,350,src/module_0350.py,user_only,False,False,0,0,
file_path,10,350,src/module_0350.py,naive,False,True,21,399,src/module_0149.py src/module_0210.py src/module_0279.py src/module_0096.py src/module_0364.py src/module_0165.py src/module_0287.py src/module_0368.py src/module_0234.py src/module_0260.py src/module_0350.py src/module_0340.py src/module_0307.py src/module_0447.py src/module_0100.py src/module_0378.py src/module_0161.py src/module_0196.py src/module_0365.py src/module_0160.py src/module_0132.py
file_path,10,350,src/module_0350.py,v1,True,True,6,102,src/module_0161.py FAILED src/module_0165.py src/module_0350.py src/module_0132.py src/module_0160.py
file_path,10,350,src/module_0350.py,v2,True,True,6,114,src/module_0350.py src/module_0161.py src/module_0165.py src/module_0132.py src/module_0160.py src/module_0365.py
file_path,10,350,src/module_0350.py,oracle,True,True,1,19,src/module_0350.py
file_path,10,275,src/module_0275.py,user_only,False,False,0,0,
file_path,10,275,src/module_0275.py,naive,False,True,21,399,src/module_0292.py src/module_0141.py src/module_0339.py src/module_0080.py src/module_0430.py src/module_0408.py src/module_0384.py src/module_0203.py src/module_0167.py src/module_0073.py src/module_0275.py src/module_0172.py src/module_0142.py src/module_0127.py src/module_0111.py src/module_0206.py src/module_0086.py src/module_0288.py src/module_0419.py src/module_0161.py src/module_0440.py
file_path,10,275,src/module_0275.py,v1,True,True,6,102,src/module_0086.py FAILED src/module_0408.py src/module_0275.py src/module_0440.py src/module_0161.py
file_path,10,275,src/module_0275.py,v2,True,True,6,114,src/module_0275.py src/module_0086.py src/module_0408.py src/module_0440.py src/module_0161.py src/module_0419.py
file_path,10,275,src/module_0275.py,oracle,True,True,1,19,src/module_0275.py
file_path,10,172,src/module_0172.py,user_only,False,False,0,0,
file_path,10,172,src/module_0172.py,naive,True,True,21,399,src/module_0057.py src/module_0104.py src/module_0241.py src/module_0196.py src/module_0249.py src/module_0401.py src/module_0214.py src/module_0071.py src/module_0219.py src/module_0213.py src/module_0172.py src/module_0232.py src/module_0070.py src/module_0134.py src/module_0374.py src/module_0203.py src/module_0345.py src/module_0293.py src/module_0317.py src/module_0440.py src/module_0129.py
file_path,10,172,src/module_0172.py,v1,True,True,6,102,src/module_0345.py FAILED src/module_0401.py src/module_0172.py src/module_0129.py src/module_0440.py
file_path,10,172,src/module_0172.py,v2,True,True,6,114,src/module_0172.py src/module_0345.py src/module_0401.py src/module_0129.py src/module_0440.py src/module_0317.py
file_path,10,172,src/module_0172.py,oracle,True,True,1,19,src/module_0172.py
file_path,10,51,src/module_0051.py,user_only,False,False,0,0,
file_path,10,51,src/module_0051.py,naive,True,True,21,399,src/module_0408.py src/module_0269.py src/module_0402.py src/module_0328.py src/module_0262.py src/module_0132.py src/module_0224.py src/module_0245.py src/module_0353.py src/module_0381.py src/module_0051.py src/module_0236.py src/module_0128.py src/module_0382.py src/module_0281.py src/module_0346.py src/module_0329.py src/module_0055.py src/module_0177.py src/module_0060.py src/module_0343.py
file_path,10,51,src/module_0051.py,v1,True,True,6,102,src/module_0329.py FAILED src/module_0132.py src/module_0051.py src/module_0343.py src/module_0060.py
file_path,10,51,src/module_0051.py,v2,True,True,6,114,src/module_0051.py src/module_0329.py src/module_0132.py src/module_0343.py src/module_0060.py src/module_0177.py
file_path,10,51,src/module_0051.py,oracle,True,True,1,19,src/module_0051.py
file_path,10,364,src/module_0364.py,user_only,False,False,0,0,
file_path,10,364,src/module_0364.py,naive,False,True,21,399,src/module_0081.py src/module_0068.py src/module_0098.py src/module_0185.py src/module_0057.py src/module_0225.py src/module_0105.py src/module_0399.py src/module_0202.py src/module_0194.py src/module_0364.py src/module_0227.py src/module_0394.py src/module_0349.py src/module_0369.py src/module_0091.py src/module_0096.py src/module_0273.py src/module_0389.py src/module_0353.py src/module_0147.py
file_path,10,364,src/module_0364.py,v1,True,True,6,102,src/module_0096.py FAILED src/module_0225.py src/module_0364.py src/module_0147.py src/module_0353.py
file_path,10,364,src/module_0364.py,v2,True,True,6,114,src/module_0364.py src/module_0096.py src/module_0225.py src/module_0147.py src/module_0353.py src/module_0389.py
file_path,10,364,src/module_0364.py,oracle,True,True,1,19,src/module_0364.py
file_path,10,91,src/module_0091.py,user_only,False,False,0,0,
file_path,10,91,src/module_0091.py,naive,True,True,21,399,src/module_0437.py src/module_0346.py src/module_0062.py src/module_0438.py src/module_0342.py src/module_0197.py src/module_0324.py src/module_0427.py src/module_0265.py src/module_0078.py src/module_0091.py src/module_0222.py src/module_0353.py src/module_0160.py src/module_0261.py src/module_0180.py src/module_0378.py src/module_0090.py src/module_0109.py src/module_0401.py src/module_0246.py
file_path,10,91,src/module_0091.py,v1,True,True,6,102,src/module_0378.py FAILED src/module_0197.py src/module_0091.py src/module_0246.py src/module_0401.py
file_path,10,91,src/module_0091.py,v2,True,True,6,114,src/module_0091.py src/module_0378.py src/module_0197.py src/module_0246.py src/module_0401.py src/module_0109.py
file_path,10,91,src/module_0091.py,oracle,True,True,1,19,src/module_0091.py
file_path,10,106,src/module_0106.py,user_only,False,False,0,0,
file_path,10,106,src/module_0106.py,naive,True,True,21,399,src/module_0351.py src/module_0208.py src/module_0196.py src/module_0364.py src/module_0284.py src/module_0277.py src/module_0419.py src/module_0414.py src/module_0215.py src/module_0161.py src/module_0106.py src/module_0063.py src/module_0375.py src/module_0213.py src/module_0183.py src/module_0307.py src/module_0153.py src/module_0109.py src/module_0058.py src/module_0119.py src/module_0382.py
file_path,10,106,src/module_0106.py,v1,True,True,6,102,src/module_0153.py FAILED src/module_0277.py src/module_0106.py src/module_0382.py src/module_0119.py
file_path,10,106,src/module_0106.py,v2,True,True,6,114,src/module_0106.py src/module_0153.py src/module_0277.py src/module_0382.py src/module_0119.py src/module_0058.py
file_path,10,106,src/module_0106.py,oracle,True,True,1,19,src/module_0106.py
file_path,10,197,src/module_0197.py,user_only,False,False,0,0,
file_path,10,197,src/module_0197.py,naive,True,True,21,399,src/module_0159.py src/module_0439.py src/module_0424.py src/module_0113.py src/module_0198.py src/module_0407.py src/module_0050.py src/module_0147.py src/module_0379.py src/module_0124.py src/module_0197.py src/module_0201.py src/module_0211.py src/module_0416.py src/module_0390.py src/module_0409.py src/module_0228.py src/module_0279.py src/module_0140.py src/module_0073.py src/module_0347.py
file_path,10,197,src/module_0197.py,v1,True,True,6,102,src/module_0228.py FAILED src/module_0407.py src/module_0197.py src/module_0347.py src/module_0073.py
file_path,10,197,src/module_0197.py,v2,True,True,6,114,src/module_0197.py src/module_0228.py src/module_0407.py src/module_0347.py src/module_0073.py src/module_0140.py
file_path,10,197,src/module_0197.py,oracle,True,True,1,19,src/module_0197.py
file_path,10,100,src/module_0100.py,user_only,False,False,0,0,
file_path,10,100,src/module_0100.py,naive,True,True,21,399,src/module_0388.py src/module_0303.py src/module_0248.py src/module_0232.py src/module_0258.py src/module_0187.py src/module_0290.py src/module_0259.py src/module_0380.py src/module_0073.py src/module_0100.py src/module_0446.py src/module_0082.py src/module_0204.py src/module_0091.py src/module_0075.py src/module_0161.py src/module_0420.py src/module_0171.py src/module_0148.py src/module_0241.py
file_path,10,100,src/module_0100.py,v1,True,True,6,102,src/module_0161.py FAILED src/module_0187.py src/module_0100.py src/module_0241.py src/module_0148.py
file_path,10,100,src/module_0100.py,v2,True,True,6,114,src/module_0100.py src/module_0161.py src/module_0187.py src/module_0241.py src/module_0148.py src/module_0171.py
file_path,10,100,src/module_0100.py,oracle,True,True,1,19,src/module_0100.py
file_path,10,280,src/module_0280.py,user_only,False,False,0,0,
file_path,10,280,src/module_0280.py,naive,False,True,21,399,src/module_0395.py src/module_0140.py src/module_0086.py src/module_0183.py src/module_0190.py src/module_0303.py src/module_0401.py src/module_0127.py src/module_0088.py src/module_0278.py src/module_0280.py src/module_0387.py src/module_0276.py src/module_0122.py src/module_0061.py src/module_0268.py src/module_0172.py src/module_0050.py src/module_0271.py src/module_0060.py src/module_0139.py
file_path,10,280,src/module_0280.py,v1,True,True,6,102,src/module_0172.py FAILED src/module_0303.py src/module_0280.py src/module_0139.py src/module_0060.py
file_path,10,280,src/module_0280.py,v2,True,True,6,114,src/module_0280.py src/module_0172.py src/module_0303.py src/module_0139.py src/module_0060.py src/module_0271.py
file_path,10,280,src/module_0280.py,oracle,True,True,1,19,src/module_0280.py
file_path,10,55,src/module_0055.py,user_only,False,False,0,0,
file_path,10,55,src/module_0055.py,naive,True,True,21,399,src/module_0424.py src/module_0256.py src/module_0199.py src/module_0240.py src/module_0174.py src/module_0196.py src/module_0060.py src/module_0245.py src/module_0266.py src/module_0052.py src/module_0055.py src/module_0302.py src/module_0253.py src/module_0336.py src/module_0392.py src/module_0169.py src/module_0152.py src/module_0102.py src/module_0408.py src/module_0127.py src/module_0299.py
file_path,10,55,src/module_0055.py,v1,True,True,6,102,src/module_0152.py FAILED src/module_0196.py src/module_0055.py src/module_0299.py src/module_0127.py
file_path,10,55,src/module_0055.py,v2,True,True,6,114,src/module_0055.py src/module_0152.py src/module_0196.py src/module_0299.py src/module_0127.py src/module_0408.py
file_path,10,55,src/module_0055.py,oracle,True,True,1,19,src/module_0055.py
file_path,10,400,src/module_0400.py,user_only,False,False,0,0,
file_path,10,400,src/module_0400.py,naive,False,True,21,399,src/module_0420.py src/module_0189.py src/module_0077.py src/module_0271.py src/module_0194.py src/module_0161.py src/module_0326.py src/module_0314.py src/module_0247.py src/module_0263.py src/module_0400.py src/module_0381.py src/module_0245.py src/module_0337.py src/module_0421.py src/module_0333.py src/module_0355.py src/module_0206.py src/module_0205.py src/module_0288.py src/module_0133.py
file_path,10,400,src/module_0400.py,v1,True,True,6,102,src/module_0355.py FAILED src/module_0161.py src/module_0400.py src/module_0133.py src/module_0288.py
file_path,10,400,src/module_0400.py,v2,True,True,6,114,src/module_0400.py src/module_0355.py src/module_0161.py src/module_0133.py src/module_0288.py src/module_0205.py
file_path,10,400,src/module_0400.py,oracle,True,True,1,19,src/module_0400.py
file_path,10,397,src/module_0397.py,user_only,False,False,0,0,
file_path,10,397,src/module_0397.py,naive,False,True,21,399,src/module_0383.py src/module_0140.py src/module_0060.py src/module_0083.py src/module_0155.py src/module_0401.py src/module_0272.py src/module_0356.py src/module_0335.py src/module_0407.py src/module_0397.py src/module_0385.py src/module_0057.py src/module_0277.py src/module_0170.py src/module_0143.py src/module_0214.py src/module_0202.py src/module_0286.py src/module_0064.py src/module_0097.py
file_path,10,397,src/module_0397.py,v1,True,True,6,102,src/module_0214.py FAILED src/module_0401.py src/module_0397.py src/module_0097.py src/module_0064.py
file_path,10,397,src/module_0397.py,v2,True,True,6,114,src/module_0397.py src/module_0214.py src/module_0401.py src/module_0097.py src/module_0064.py src/module_0286.py
file_path,10,397,src/module_0397.py,oracle,True,True,1,19,src/module_0397.py
file_path,10,210,src/module_0210.py,user_only,False,False,0,0,
file_path,10,210,src/module_0210.py,naive,True,True,21,399,src/module_0135.py src/module_0189.py src/module_0142.py src/module_0378.py src/module_0290.py src/module_0401.py src/module_0316.py src/module_0382.py src/module_0081.py src/module_0257.py src/module_0210.py src/module_0240.py src/module_0441.py src/module_0230.py src/module_0426.py src/module_0283.py src/module_0397.py src/module_0310.py src/module_0199.py src/module_0302.py src/module_0197.py
file_path,10,210,src/module_0210.py,v1,True,True,6,102,src/module_0397.py FAILED src/module_0401.py src/module_0210.py src/module_0197.py src/module_0302.py
file_path,10,210,src/module_0210.py,v2,True,True,6,114,src/module_0210.py src/module_0397.py src/module_0401.py src/module_0197.py src/module_0302.py src/module_0199.py
file_path,10,210,src/module_0210.py,oracle,True,True,1,19,src/module_0210.py
file_path,10,157,src/module_0157.py,user_only,False,False,0,0,
file_path,10,157,src/module_0157.py,naive,True,True,21,399,src/module_0395.py src/module_0196.py src/module_0229.py src/module_0359.py src/module_0115.py src/module_0345.py src/module_0232.py src/module_0255.py src/module_0282.py src/module_0423.py src/module_0157.py src/module_0085.py src/module_0314.py src/module_0385.py src/module_0071.py src/module_0147.py src/module_0220.py src/module_0310.py src/module_0439.py src/module_0197.py src/module_0246.py
file_path,10,157,src/module_0157.py,v1,True,True,6,102,src/module_0220.py FAILED src/module_0345.py src/module_0157.py src/module_0246.py src/module_0197.py
file_path,10,157,src/module_0157.py,v2,True,True,6,114,src/module_0157.py src/module_0220.py src/module_0345.py src/module_0246.py src/module_0197.py src/module_0439.py
file_path,10,157,src/module_0157.py,oracle,True,True,1,19,src/module_0157.py
file_path,10,253,src/module_0253.py,user_only,False,False,0,0,
file_path,10,253,src/module_0253.py,naive,False,True,21,399,src/module_0449.py src/module_0363.py src/module_0132.py src/module_0387.py src/module_0068.py src/module_0255.py src/module_0191.py src/module_0416.py src/module_0298.py src/module_0120.py src/module_0253.py src/module_0173.py src/module_0183.py src/module_0312.py src/module_0089.py src/module_0403.py src/module_0104.py src/module_0245.py src/module_0082.py src/module_0373.py src/module_0377.py
file_path,10,253,src/module_0253.py,v1,True,True,6,102,src/module_0104.py FAILED src/module_0255.py src/module_0253.py src/module_0377.py src/module_0373.py
file_path,10,253,src/module_0253.py,v2,True,True,6,114,src/module_0253.py src/module_0104.py src/module_0255.py src/module_0377.py src/module_0373.py src/module_0082.py
file_path,10,253,src/module_0253.py,oracle,True,True,1,19,src/module_0253.py
file_path,10,178,src/module_0178.py,user_only,False,False,0,0,
file_path,10,178,src/module_0178.py,naive,True,True,21,399,src/module_0374.py src/module_0152.py src/module_0200.py src/module_0204.py src/module_0265.py src/module_0422.py src/module_0113.py src/module_0085.py src/module_0344.py src/module_0319.py src/module_0178.py src/module_0138.py src/module_0132.py src/module_0384.py src/module_0134.py src/module_0280.py src/module_0391.py src/module_0268.py src/module_0427.py src/module_0261.py src/module_0136.py
file_path,10,178,src/module_0178.py,v1,True,True,6,102,src/module_0391.py FAILED src/module_0422.py src/module_0178.py src/module_0136.py src/module_0261.py
file_path,10,178,src/module_0178.py,v2,True,True,6,114,src/module_0178.py src/module_0391.py src/module_0422.py src/module_0136.py src/module_0261.py src/module_0427.py
file_path,10,178,src/module_0178.py,oracle,True,True,1,19,src/module_0178.py
file_path,10,228,src/module_0228.py,user_only,False,False,0,0,
file_path,10,228,src/module_0228.py,naive,True,True,21,399,src/module_0312.py src/module_0103.py src/module_0394.py src/module_0331.py src/module_0235.py src/module_0208.py src/module_0212.py src/module_0323.py src/module_0073.py src/module_0286.py src/module_0228.py src/module_0102.py src/module_0244.py src/module_0351.py src/module_0120.py src/module_0339.py src/module_0232.py src/module_0172.py src/module_0423.py src/module_0382.py src/module_0264.py
file_path,10,228,src/module_0228.py,v1,True,True,6,102,src/module_0232.py FAILED src/module_0208.py src/module_0228.py src/module_0264.py src/module_0382.py
file_path,10,228,src/module_0228.py,v2,True,True,6,114,src/module_0228.py src/module_0232.py src/module_0208.py src/module_0264.py src/module_0382.py src/module_0423.py
file_path,10,228,src/module_0228.py,oracle,True,True,1,19,src/module_0228.py
file_path,10,232,src/module_0232.py,user_only,False,False,0,0,
file_path,10,232,src/module_0232.py,naive,True,True,21,399,src/module_0176.py src/module_0150.py src/module_0279.py src/module_0385.py src/module_0262.py src/module_0314.py src/module_0439.py src/module_0329.py src/module_0322.py src/module_0096.py src/module_0232.py src/module_0063.py src/module_0192.py src/module_0166.py src/module_0307.py src/module_0263.py src/module_0387.py src/module_0371.py src/module_0359.py src/module_0295.py src/module_0328.py
file_path,10,232,src/module_0232.py,v1,True,True,6,102,src/module_0387.py FAILED src/module_0314.py src/module_0232.py src/module_0328.py src/module_0295.py
file_path,10,232,src/module_0232.py,v2,True,True,6,114,src/module_0232.py src/module_0387.py src/module_0314.py src/module_0328.py src/module_0295.py src/module_0359.py
file_path,10,232,src/module_0232.py,oracle,True,True,1,19,src/module_0232.py
file_path,10,242,src/module_0242.py,user_only,False,False,0,0,
file_path,10,242,src/module_0242.py,naive,True,True,21,399,src/module_0196.py src/module_0176.py src/module_0320.py src/module_0252.py src/module_0357.py src/module_0361.py src/module_0399.py src/module_0417.py src/module_0151.py src/module_0265.py src/module_0242.py src/module_0295.py src/module_0210.py src/module_0388.py src/module_0395.py src/module_0152.py src/module_0269.py src/module_0281.py src/module_0096.py src/module_0126.py src/module_0332.py
file_path,10,242,src/module_0242.py,v1,True,True,6,102,src/module_0269.py FAILED src/module_0361.py src/module_0242.py src/module_0332.py src/module_0126.py
file_path,10,242,src/module_0242.py,v2,True,True,6,114,src/module_0242.py src/module_0269.py src/module_0361.py src/module_0332.py src/module_0126.py src/module_0096.py
file_path,10,242,src/module_0242.py,oracle,True,True,1,19,src/module_0242.py
file_path,10,431,src/module_0431.py,user_only,False,False,0,0,
file_path,10,431,src/module_0431.py,naive,False,True,21,399,src/module_0174.py src/module_0188.py src/module_0074.py src/module_0414.py src/module_0366.py src/module_0082.py src/module_0133.py src/module_0226.py src/module_0339.py src/module_0292.py src/module_0431.py src/module_0449.py src/module_0210.py src/module_0335.py src/module_0066.py src/module_0388.py src/module_0334.py src/module_0078.py src/module_0084.py src/module_0405.py src/module_0325.py
file_path,10,431,src/module_0431.py,v1,True,True,6,102,src/module_0334.py FAILED src/module_0082.py src/module_0431.py src/module_0325.py src/module_0405.py
file_path,10,431,src/module_0431.py,v2,True,True,6,114,src/module_0431.py src/module_0334.py src/module_0082.py src/module_0325.py src/module_0405.py src/module_0084.py
file_path,10,431,src/module_0431.py,oracle,True,True,1,19,src/module_0431.py
file_path,10,376,src/module_0376.py,user_only,False,False,0,0,
file_path,10,376,src/module_0376.py,naive,False,True,21,399,src/module_0299.py src/module_0384.py src/module_0057.py src/module_0151.py src/module_0311.py src/module_0256.py src/module_0309.py src/module_0315.py src/module_0330.py src/module_0143.py src/module_0376.py src/module_0095.py src/module_0180.py src/module_0433.py src/module_0346.py src/module_0307.py src/module_0071.py src/module_0195.py src/module_0410.py src/module_0337.py src/module_0101.py
file_path,10,376,src/module_0376.py,v1,True,True,6,102,src/module_0071.py FAILED src/module_0256.py src/module_0376.py src/module_0101.py src/module_0337.py
file_path,10,376,src/module_0376.py,v2,True,True,6,114,src/module_0376.py src/module_0071.py src/module_0256.py src/module_0101.py src/module_0337.py src/module_0410.py
file_path,10,376,src/module_0376.py,oracle,True,True,1,19,src/module_0376.py
file_path,10,89,src/module_0089.py,user_only,False,False,0,0,
file_path,10,89,src/module_0089.py,naive,True,True,21,399,src/module_0063.py src/module_0292.py src/module_0192.py src/module_0418.py src/module_0375.py src/module_0061.py src/module_0344.py src/module_0271.py src/module_0425.py src/module_0294.py src/module_0089.py src/module_0416.py src/module_0060.py src/module_0369.py src/module_0431.py src/module_0254.py src/module_0238.py src/module_0202.py src/module_0331.py src/module_0421.py src/module_0117.py
file_path,10,89,src/module_0089.py,v1,True,True,6,102,src/module_0238.py FAILED src/module_0061.py src/module_0089.py src/module_0117.py src/module_0421.py
file_path,10,89,src/module_0089.py,v2,True,True,6,114,src/module_0089.py src/module_0238.py src/module_0061.py src/module_0117.py src/module_0421.py src/module_0331.py
file_path,10,89,src/module_0089.py,oracle,True,True,1,19,src/module_0089.py
file_path,10,420,src/module_0420.py,user_only,False,False,0,0,
file_path,10,420,src/module_0420.py,naive,False,True,21,399,src/module_0424.py src/module_0053.py src/module_0396.py src/module_0107.py src/module_0337.py src/module_0136.py src/module_0050.py src/module_0129.py src/module_0067.py src/module_0135.py src/module_0420.py src/module_0357.py src/module_0093.py src/module_0290.py src/module_0145.py src/module_0059.py src/module_0226.py src/module_0243.py src/module_0298.py src/module_0307.py src/module_0163.py
file_path,10,420,src/module_0420.py,v1,True,True,6,102,src/module_0226.py FAILED src/module_0136.py src/module_0420.py src/module_0163.py src/module_0307.py
file_path,10,420,src/module_0420.py,v2,True,True,6,114,src/module_0420.py src/module_0226.py src/module_0136.py src/module_0163.py src/module_0307.py src/module_0298.py
file_path,10,420,src/module_0420.py,oracle,True,True,1,19,src/module_0420.py
file_path,10,224,src/module_0224.py,user_only,False,False,0,0,
file_path,10,224,src/module_0224.py,naive,True,True,21,399,src/module_0395.py src/module_0419.py src/module_0137.py src/module_0178.py src/module_0051.py src/module_0232.py src/module_0373.py src/module_0429.py src/module_0304.py src/module_0440.py src/module_0224.py src/module_0219.py src/module_0125.py src/module_0435.py src/module_0276.py src/module_0272.py src/module_0073.py src/module_0396.py src/module_0236.py src/module_0306.py src/module_0247.py
file_path,10,224,src/module_0224.py,v1,True,True,6,102,src/module_0073.py FAILED src/module_0232.py src/module_0224.py src/module_0247.py src/module_0306.py
file_path,10,224,src/module_0224.py,v2,True,True,6,114,src/module_0224.py src/module_0073.py src/module_0232.py src/module_0247.py src/module_0306.py src/module_0236.py
file_path,10,224,src/module_0224.py,oracle,True,True,1,19,src/module_0224.py
file_path,10,95,src/module_0095.py,user_only,False,False,0,0,
file_path,10,95,src/module_0095.py,naive,True,True,21,399,src/module_0263.py src/module_0354.py src/module_0179.py src/module_0438.py src/module_0253.py src/module_0388.py src/module_0399.py src/module_0401.py src/module_0283.py src/module_0222.py src/module_0095.py src/module_0169.py src/module_0175.py src/module_0112.py src/module_0213.py src/module_0294.py src/module_0055.py src/module_0383.py src/module_0159.py src/module_0152.py src/module_0351.py
file_path,10,95,src/module_0095.py,v1,True,True,6,102,src/module_0055.py FAILED src/module_0388.py src/module_0095.py src/module_0351.py src/module_0152.py
file_path,10,95,src/module_0095.py,v2,True,True,6,114,src/module_0095.py src/module_0055.py src/module_0388.py src/module_0351.py src/module_0152.py src/module_0159.py
file_path,10,95,src/module_0095.py,oracle,True,True,1,19,src/module_0095.py
file_path,10,335,src/module_0335.py,user_only,False,False,0,0,
file_path,10,335,src/module_0335.py,naive,False,True,21,399,src/module_0397.py src/module_0140.py src/module_0390.py src/module_0449.py src/module_0400.py src/module_0303.py src/module_0301.py src/module_0072.py src/module_0135.py src/module_0329.py src/module_0335.py src/module_0403.py src/module_0108.py src/module_0191.py src/module_0064.py src/module_0363.py src/module_0324.py src/module_0356.py src/module_0246.py src/module_0311.py src/module_0431.py
file_path,10,335,src/module_0335.py,v1,True,True,6,102,src/module_0324.py FAILED src/module_0303.py src/module_0335.py src/module_0431.py src/module_0311.py
file_path,10,335,src/module_0335.py,v2,True,True,6,114,src/module_0335.py src/module_0324.py src/module_0303.py src/module_0431.py src/module_0311.py src/module_0246.py
file_path,10,335,src/module_0335.py,oracle,True,True,1,19,src/module_0335.py
file_path,10,325,src/module_0325.py,user_only,False,False,0,0,
file_path,10,325,src/module_0325.py,naive,False,True,21,399,src/module_0069.py src/module_0396.py src/module_0149.py src/module_0347.py src/module_0330.py src/module_0293.py src/module_0138.py src/module_0059.py src/module_0180.py src/module_0087.py src/module_0325.py src/module_0073.py src/module_0450.py src/module_0110.py src/module_0354.py src/module_0163.py src/module_0176.py src/module_0250.py src/module_0240.py src/module_0227.py src/module_0442.py
file_path,10,325,src/module_0325.py,v1,True,True,6,102,src/module_0176.py FAILED src/module_0293.py src/module_0325.py src/module_0442.py src/module_0227.py
file_path,10,325,src/module_0325.py,v2,True,True,6,114,src/module_0325.py src/module_0176.py src/module_0293.py src/module_0442.py src/module_0227.py src/module_0240.py
file_path,10,325,src/module_0325.py,oracle,True,True,1,19,src/module_0325.py
file_path,10,199,src/module_0199.py,user_only,False,False,0,0,
file_path,10,199,src/module_0199.py,naive,True,True,21,399,src/module_0388.py src/module_0161.py src/module_0112.py src/module_0332.py src/module_0233.py src/module_0345.py src/module_0360.py src/module_0090.py src/module_0243.py src/module_0236.py src/module_0199.py src/module_0375.py src/module_0322.py src/module_0411.py src/module_0264.py src/module_0100.py src/module_0318.py src/module_0412.py src/module_0085.py src/module_0248.py src/module_0340.py
file_path,10,199,src/module_0199.py,v1,True,True,6,102,src/module_0318.py FAILED src/module_0345.py src/module_0199.py src/module_0340.py src/module_0248.py
file_path,10,199,src/module_0199.py,v2,True,True,6,114,src/module_0199.py src/module_0318.py src/module_0345.py src/module_0340.py src/module_0248.py src/module_0085.py
file_path,10,199,src/module_0199.py,oracle,True,True,1,19,src/module_0199.py
file_path,10,284,src/module_0284.py,user_only,False,False,0,0,
file_path,10,284,src/module_0284.py,naive,False,True,21,399,src/module_0066.py src/module_0347.py src/module_0366.py src/module_0393.py src/module_0203.py src/module_0283.py src/module_0051.py src/module_0247.py src/module_0123.py src/module_0056.py src/module_0284.py src/module_0233.py src/module_0306.py src/module_0364.py src/module_0373.py src/module_0243.py src/module_0173.py src/module_0165.py src/module_0238.py src/module_0353.py src/module_0421.py
file_path,10,284,src/module_0284.py,v1,True,True,6,102,src/module_0173.py FAILED src/module_0283.py src/module_0284.py src/module_0421.py src/module_0353.py
file_path,10,284,src/module_0284.py,v2,True,True,6,114,src/module_0284.py src/module_0173.py src/module_0283.py src/module_0421.py src/module_0353.py src/module_0238.py
file_path,10,284,src/module_0284.py,oracle,True,True,1,19,src/module_0284.py
file_path,10,122,src/module_0122.py,user_only,False,False,0,0,
file_path,10,122,src/module_0122.py,naive,True,True,21,399,src/module_0108.py src/module_0447.py src/module_0240.py src/module_0379.py src/module_0124.py src/module_0256.py src/module_0365.py src/module_0059.py src/module_0416.py src/module_0246.py src/module_0122.py src/module_0234.py src/module_0274.py src/module_0182.py src/module_0156.py src/module_0305.py src/module_0085.py src/module_0188.py src/module_0170.py src/module_0303.py src/module_0360.py
file_path,10,122,src/module_0122.py,v1,True,True,6,102,src/module_0085.py FAILED src/module_0256.py src/module_0122.py src/module_0360.py src/module_0303.py
file_path,10,122,src/module_0122.py,v2,True,True,6,114,src/module_0122.py src/module_0085.py src/module_0256.py src/module_0360.py src/module_0303.py src/module_0170.py
file_path,10,122,src/module_0122.py,oracle,True,True,1,19,src/module_0122.py
file_path,30,110,src/module_0110.py,user_only,False,False,0,0,
file_path,30,110,src/module_0110.py,naive,True,True,21,399,src/module_0074.py src/module_0060.py src/module_0057.py src/module_0363.py src/module_0238.py src/module_0197.py src/module_0098.py src/module_0292.py src/module_0139.py src/module_0279.py src/module_0110.py src/module_0055.py src/module_0143.py src/module_0403.py src/module_0299.py src/module_0285.py src/module_0244.py src/module_0270.py src/module_0371.py src/module_0158.py src/module_0100.py
file_path,30,110,src/module_0110.py,v1,True,True,6,102,src/module_0244.py FAILED src/module_0197.py src/module_0110.py src/module_0100.py src/module_0158.py
file_path,30,110,src/module_0110.py,v2,True,True,6,114,src/module_0110.py src/module_0244.py src/module_0197.py src/module_0100.py src/module_0158.py src/module_0371.py
file_path,30,110,src/module_0110.py,oracle,True,True,1,19,src/module_0110.py
file_path,30,213,src/module_0213.py,user_only,False,False,0,0,
file_path,30,213,src/module_0213.py,naive,True,True,21,399,src/module_0246.py src/module_0379.py src/module_0056.py src/module_0158.py src/module_0388.py src/module_0336.py src/module_0314.py src/module_0275.py src/module_0109.py src/module_0430.py src/module_0213.py src/module_0222.py src/module_0306.py src/module_0052.py src/module_0343.py src/module_0318.py src/module_0359.py src/module_0088.py src/module_0333.py src/module_0094.py src/module_0228.py
file_path,30,213,src/module_0213.py,v1,True,True,6,102,src/module_0359.py FAILED src/module_0336.py src/module_0213.py src/module_0228.py src/module_0094.py
file_path,30,213,src/module_0213.py,v2,True,True,6,114,src/module_0213.py src/module_0359.py src/module_0336.py src/module_0228.py src/module_0094.py src/module_0333.py
file_path,30,213,src/module_0213.py,oracle,True,True,1,19,src/module_0213.py
file_path,30,307,src/module_0307.py,user_only,False,False,0,0,
file_path,30,307,src/module_0307.py,naive,True,True,21,399,src/module_0394.py src/module_0330.py src/module_0348.py src/module_0083.py src/module_0306.py src/module_0084.py src/module_0285.py src/module_0257.py src/module_0147.py src/module_0219.py src/module_0307.py src/module_0218.py src/module_0223.py src/module_0088.py src/module_0185.py src/module_0089.py src/module_0353.py src/module_0120.py src/module_0203.py src/module_0194.py src/module_0269.py
file_path,30,307,src/module_0307.py,v1,True,True,6,102,src/module_0353.py FAILED src/module_0084.py src/module_0307.py src/module_0269.py src/module_0194.py
file_path,30,307,src/module_0307.py,v2,True,True,6,114,src/module_0307.py src/module_0353.py src/module_0084.py src/module_0269.py src/module_0194.py src/module_0203.py
file_path,30,307,src/module_0307.py,oracle,True,True,1,19,src/module_0307.py
file_path,30,312,src/module_0312.py,user_only,False,False,0,0,
file_path,30,312,src/module_0312.py,naive,True,True,21,399,src/module_0196.py src/module_0445.py src/module_0135.py src/module_0248.py src/module_0055.py src/module_0067.py src/module_0204.py src/module_0241.py src/module_0313.py src/module_0440.py src/module_0312.py src/module_0154.py src/module_0280.py src/module_0240.py src/module_0164.py src/module_0412.py src/module_0113.py src/module_0169.py src/module_0386.py src/module_0174.py src/module_0420.py
file_path,30,312,src/module_0312.py,v1,True,True,6,102,src/module_0113.py FAILED src/module_0067.py src/module_0312.py src/module_0420.py src/module_0174.py
file_path,30,312,src/module_0312.py,v2,True,True,6,114,src/module_0312.py src/module_0113.py src/module_0067.py src/module_0420.py src/module_0174.py src/module_0386.py
file_path,30,312,src/module_0312.py,oracle,True,True,1,19,src/module_0312.py
file_path,30,381,src/module_0381.py,user_only,False,False,0,0,
file_path,30,381,src/module_0381.py,naive,True,True,21,399,src/module_0161.py src/module_0318.py src/module_0425.py src/module_0191.py src/module_0201.py src/module_0087.py src/module_0338.py src/module_0200.py src/module_0329.py src/module_0179.py src/module_0381.py src/module_0095.py src/module_0220.py src/module_0369.py src/module_0321.py src/module_0334.py src/module_0311.py src/module_0126.py src/module_0244.py src/module_0285.py src/module_0243.py
file_path,30,381,src/module_0381.py,v1,True,True,6,102,src/module_0311.py FAILED src/module_0087.py src/module_0381.py src/module_0243.py src/module_0285.py
file_path,30,381,src/module_0381.py,v2,True,True,6,114,src/module_0381.py src/module_0311.py src/module_0087.py src/module_0243.py src/module_0285.py src/module_0244.py
file_path,30,381,src/module_0381.py,oracle,True,True,1,19,src/module_0381.py
file_path,30,102,src/module_0102.py,user_only,False,False,0,0,
file_path,30,102,src/module_0102.py,naive,True,True,21,399,src/module_0335.py src/module_0061.py src/module_0083.py src/module_0111.py src/module_0127.py src/module_0160.py src/module_0142.py src/module_0284.py src/module_0377.py src/module_0343.py src/module_0102.py src/module_0192.py src/module_0234.py src/module_0260.py src/module_0322.py src/module_0262.py src/module_0219.py src/module_0435.py src/module_0321.py src/module_0165.py src/module_0393.py
file_path,30,102,src/module_0102.py,v1,True,True,6,102,src/module_0219.py FAILED src/module_0160.py src/module_0102.py src/module_0393.py src/module_0165.py
file_path,30,102,src/module_0102.py,v2,True,True,6,114,src/module_0102.py src/module_0219.py src/module_0160.py src/module_0393.py src/module_0165.py src/module_0321.py
file_path,30,102,src/module_0102.py,oracle,True,True,1,19,src/module_0102.py
file_path,30,164,src/module_0164.py,user_only,False,False,0,0,
file_path,30,164,src/module_0164.py,naive,True,True,21,399,src/module_0415.py src/module_0248.py src/module_0103.py src/module_0134.py src/module_0229.py src/module_0290.py src/module_0446.py src/module_0436.py src/module_0177.py src/module_0320.py src/module_0164.py src/module_0450.py src/module_0388.py src/module_0233.py src/module_0157.py src/module_0402.py src/module_0434.py src/module_0256.py src/module_0113.py src/module_0246.py src/module_0364.py
file_path,30,164,src/module_0164.py,v1,True,True,6,102,src/module_0434.py FAILED src/module_0290.py src/module_0164.py src/module_0364.py src/module_0246.py
file_path,30,164,src/module_0164.py,v2,True,True,6,114,src/module_0164.py src/module_0434.py src/module_0290.py src/module_0364.py src/module_0246.py src/module_0113.py
file_path,30,164,src/module_0164.py,oracle,True,True,1,19,src/module_0164.py
file_path,30,357,src/module_0357.py,user_only,False,False,0,0,
file_path,30,357,src/module_0357.py,naive,True,True,21,399,src/module_0316.py src/module_0396.py src/module_0193.py src/module_0298.py src/module_0210.py src/module_0301.py src/module_0390.py src/module_0104.py src/module_0199.py src/module_0290.py src/module_0357.py src/module_0391.py src/module_0178.py src/module_0375.py src/module_0397.py src/module_0393.py src/module_0203.py src/module_0446.py src/module_0086.py src/module_0093.py src/module_0115.py
file_path,30,357,src/module_0357.py,v1,True,True,6,102,src/module_0203.py FAILED src/module_0301.py src/module_0357.py src/module_0115.py src/module_0093.py
file_path,30,357,src/module_0357.py,v2,True,True,6,114,src/module_0357.py src/module_0203.py src/module_0301.py src/module_0115.py src/module_0093.py src/module_0086.py
file_path,30,357,src/module_0357.py,oracle,True,True,1,19,src/module_0357.py
file_path,30,368,src/module_0368.py,user_only,False,False,0,0,
file_path,30,368,src/module_0368.py,naive,True,True,21,399,src/module_0438.py src/module_0296.py src/module_0235.py src/module_0407.py src/module_0212.py src/module_0290.py src/module_0366.py src/module_0406.py src/module_0066.py src/module_0226.py src/module_0368.py src/module_0414.py src/module_0340.py src/module_0386.py src/module_0377.py src/module_0089.py src/module_0288.py src/module_0172.py src/module_0134.py src/module_0263.py src/module_0442.py
file_path,30,368,src/module_0368.py,v1,True,True,6,102,src/module_0288.py FAILED src/module_0290.py src/module_0368.py src/module_0442.py src/module_0263.py
file_path,30,368,src/module_0368.py,v2,True,True,6,114,src/module_0368.py src/module_0288.py src/module_0290.py src/module_0442.py src/module_0263.py src/module_0134.py
file_path,30,368,src/module_0368.py,oracle,True,True,1,19,src/module_0368.py
file_path,30,334,src/module_0334.py,user_only,False,False,0,0,
file_path,30,334,src/module_0334.py,naive,True,True,21,399,src/module_0073.py src/module_0102.py src/module_0098.py src/module_0093.py src/module_0422.py src/module_0225.py src/module_0133.py src/module_0367.py src/module_0150.py src/module_0155.py src/module_0334.py src/module_0321.py src/module_0363.py src/module_0070.py src/module_0362.py src/module_0224.py src/module_0306.py src/module_0375.py src/module_0207.py src/module_0069.py src/module_0071.py
file_path,30,334,src/module_0334.py,v1,True,True,6,102,src/module_0306.py FAILED src/module_0225.py src/module_0334.py src/module_0071.py src/module_0069.py
file_path,30,334,src/module_0334.py,v2,True,True,6,114,src/module_0334.py src/module_0306.py src/module_0225.py src/module_0071.py src/module_0069.py src/module_0207.py
file_path,30,334,src/module_0334.py,oracle,True,True,1,19,src/module_0334.py
file_path,30,265,src/module_0265.py,user_only,False,False,0,0,
file_path,30,265,src/module_0265.py,naive,True,True,21,399,src/module_0255.py src/module_0364.py src/module_0382.py src/module_0341.py src/module_0202.py src/module_0385.py src/module_0247.py src/module_0283.py src/module_0180.py src/module_0303.py src/module_0265.py src/module_0232.py src/module_0409.py src/module_0361.py src/module_0197.py src/module_0430.py src/module_0260.py src/module_0117.py src/module_0276.py src/module_0426.py src/module_0418.py
file_path,30,265,src/module_0265.py,v1,True,True,6,102,src/module_0260.py FAILED src/module_0385.py src/module_0265.py src/module_0418.py src/module_0426.py
file_path,30,265,src/module_0265.py,v2,True,True,6,114,src/module_0265.py src/module_0260.py src/module_0385.py src/module_0418.py src/module_0426.py src/module_0276.py
file_path,30,265,src/module_0265.py,oracle,True,True,1,19,src/module_0265.py
file_path,30,343,src/module_0343.py,user_only,False,False,0,0,
file_path,30,343,src/module_0343.py,naive,True,True,21,399,src/module_0154.py src/module_0314.py src/module_0434.py src/module_0238.py src/module_0364.py src/module_0118.py src/module_0281.py src/module_0224.py src/module_0089.py src/module_0398.py src/module_0343.py src/module_0247.py src/module_0383.py src/module_0168.py src/module_0274.py src/module_0188.py src/module_0216.py src/module_0381.py src/module_0107.py src/module_0442.py src/module_0447.py
file_path,30,343,src/module_0343.py,v1,True,True,6,102,src/module_0216.py FAILED src/module_0118.py src/module_0343.py src/module_0447.py src/module_0442.py
file_path,30,343,src/module_0343.py,v2,True,True,6,114,src/module_0343.py src/module_0216.py src/module_0118.py src/module_0447.py src/module_0442.py src/module_0107.py
file_path,30,343,src/module_0343.py,oracle,True,True,1,19,src/module_0343.py
file_path,30,330,src/module_0330.py,user_only,False,False,0,0,
file_path,30,330,src/module_0330.py,naive,True,True,21,399,src/module_0105.py src/module_0106.py src/module_0078.py src/module_0354.py src/module_0401.py src/module_0356.py src/module_0413.py src/module_0115.py src/module_0207.py src/module_0147.py src/module_0330.py src/module_0193.py src/module_0441.py src/module_0128.py src/module_0409.py src/module_0266.py src/module_0133.py src/module_0187.py src/module_0242.py src/module_0417.py src/module_0272.py
file_path,30,330,src/module_0330.py,v1,True,True,6,102,src/module_0133.py FAILED src/module_0356.py src/module_0330.py src/module_0272.py src/module_0417.py
file_path,30,330,src/module_0330.py,v2,True,True,6,114,src/module_0330.py src/module_0133.py src/module_0356.py src/module_0272.py src/module_0417.py src/module_0242.py
file_path,30,330,src/module_0330.py,oracle,True,True,1,19,src/module_0330.py
file_path,30,424,src/module_0424.py,user_only,False,False,0,0,
file_path,30,424,src/module_0424.py,naive,True,True,21,399,src/module_0177.py src/module_0350.py src/module_0155.py src/module_0123.py src/module_0054.py src/module_0293.py src/module_0294.py src/module_0154.py src/module_0234.py src/module_0407.py src/module_0424.py src/module_0182.py src/module_0438.py src/module_0434.py src/module_0059.py src/module_0219.py src/module_0103.py src/module_0391.py src/module_0320.py src/module_0265.py src/module_0080.py
file_path,30,424,src/module_0424.py,v1,True,True,6,102,src/module_0103.py FAILED src/module_0293.py src/module_0424.py src/module_0080.py src/module_0265.py
file_path,30,424,src/module_0424.py,v2,True,True,6,114,src/module_0424.py src/module_0103.py src/module_0293.py src/module_0080.py src/module_0265.py src/module_0320.py
file_path,30,424,src/module_0424.py,oracle,True,True,1,19,src/module_0424.py
file_path,30,447,src/module_0447.py,user_only,False,False,0,0,
file_path,30,447,src/module_0447.py,naive,True,True,21,399,src/module_0121.py src/module_0358.py src/module_0311.py src/module_0412.py src/module_0380.py src/module_0109.py src/module_0239.py src/module_0094.py src/module_0443.py src/module_0255.py src/module_0447.py src/module_0071.py src/module_0221.py src/module_0050.py src/module_0214.py src/module_0122.py src/module_0201.py src/module_0159.py src/module_0203.py src/module_0165.py src/module_0070.py
file_path,30,447,src/module_0447.py,v1,True,True,6,102,src/module_0201.py FAILED src/module_0109.py src/module_0447.py src/module_0070.py src/module_0165.py
file_path,30,447,src/module_0447.py,v2,True,True,6,114,src/module_0447.py src/module_0201.py src/module_0109.py src/module_0070.py src/module_0165.py src/module_0203.py
file_path,30,447,src/module_0447.py,oracle,True,True,1,19,src/module_0447.py
file_path,30,443,src/module_0443.py,user_only,False,False,0,0,
file_path,30,443,src/module_0443.py,naive,True,True,21,399,src/module_0140.py src/module_0333.py src/module_0242.py src/module_0199.py src/module_0321.py src/module_0086.py src/module_0215.py src/module_0428.py src/module_0370.py src/module_0250.py src/module_0443.py src/module_0105.py src/module_0365.py src/module_0171.py src/module_0120.py src/module_0237.py src/module_0097.py src/module_0361.py src/module_0407.py src/module_0338.py src/module_0102.py
file_path,30,443,src/module_0443.py,v1,True,True,6,102,src/module_0097.py FAILED src/module_0086.py src/module_0443.py src/module_0102.py src/module_0338.py
file_path,30,443,src/module_0443.py,v2,True,True,6,114,src/module_0443.py src/module_0097.py src/module_0086.py src/module_0102.py src/module_0338.py src/module_0407.py
file_path,30,443,src/module_0443.py,oracle,True,True,1,19,src/module_0443.py
file_path,30,301,src/module_0301.py,user_only,False,False,0,0,
file_path,30,301,src/module_0301.py,naive,True,True,21,399,src/module_0180.py src/module_0070.py src/module_0192.py src/module_0164.py src/module_0061.py src/module_0353.py src/module_0270.py src/module_0377.py src/module_0107.py src/module_0327.py src/module_0301.py src/module_0405.py src/module_0173.py src/module_0448.py src/module_0402.py src/module_0347.py src/module_0328.py src/module_0300.py src/module_0364.py src/module_0355.py src/module_0302.py
file_path,30,301,src/module_0301.py,v1,True,True,6,102,src/module_0328.py FAILED src/module_0353.py src/module_0301.py src/module_0302.py src/module_0355.py
file_path,30,301,src/module_0301.py,v2,True,True,6,114,src/module_0301.py src/module_0328.py src/module_0353.py src/module_0302.py src/module_0355.py src/module_0364.py
file_path,30,301,src/module_0301.py,oracle,True,True,1,19,src/module_0301.py
file_path,30,434,src/module_0434.py,user_only,False,False,0,0,
file_path,30,434,src/module_0434.py,naive,True,True,21,399,src/module_0287.py src/module_0306.py src/module_0272.py src/module_0273.py src/module_0066.py src/module_0115.py src/module_0417.py src/module_0255.py src/module_0404.py src/module_0260.py src/module_0434.py src/module_0415.py src/module_0121.py src/module_0157.py src/module_0337.py src/module_0274.py src/module_0425.py src/module_0214.py src/module_0102.py src/module_0137.py src/module_0427.py
file_path,30,434,src/module_0434.py,v1,True,True,6,102,src/module_0425.py FAILED src/module_0115.py src/module_0434.py src/module_0427.py src/module_0137.py
file_path,30,434,src/module_0434.py,v2,True,True,6,114,src/module_0434.py src/module_0425.py src/module_0115.py src/module_0427.py src/module_0137.py src/module_0102.py
file_path,30,434,src/module_0434.py,oracle,True,True,1,19,src/module_0434.py
file_path,30,445,src/module_0445.py,user_only,False,False,0,0,
file_path,30,445,src/module_0445.py,naive,True,True,21,399,src/module_0426.py src/module_0380.py src/module_0160.py src/module_0088.py src/module_0430.py src/module_0082.py src/module_0397.py src/module_0300.py src/module_0189.py src/module_0139.py src/module_0445.py src/module_0256.py src/module_0079.py src/module_0187.py src/module_0072.py src/module_0291.py src/module_0283.py src/module_0227.py src/module_0148.py src/module_0154.py src/module_0281.py
file_path,30,445,src/module_0445.py,v1,True,True,6,102,src/module_0283.py FAILED src/module_0082.py src/module_0445.py src/module_0281.py src/module_0154.py
file_path,30,445,src/module_0445.py,v2,True,True,6,114,src/module_0445.py src/module_0283.py src/module_0082.py src/module_0281.py src/module_0154.py src/module_0148.py
file_path,30,445,src/module_0445.py,oracle,True,True,1,19,src/module_0445.py
file_path,30,350,src/module_0350.py,user_only,False,False,0,0,
file_path,30,350,src/module_0350.py,naive,True,True,21,399,src/module_0115.py src/module_0080.py src/module_0292.py src/module_0262.py src/module_0185.py src/module_0050.py src/module_0123.py src/module_0445.py src/module_0231.py src/module_0244.py src/module_0350.py src/module_0207.py src/module_0108.py src/module_0391.py src/module_0204.py src/module_0448.py src/module_0155.py src/module_0348.py src/module_0126.py src/module_0259.py src/module_0275.py
file_path,30,350,src/module_0350.py,v1,True,True,6,102,src/module_0155.py FAILED src/module_0050.py src/module_0350.py src/module_0275.py src/module_0259.py
file_path,30,350,src/module_0350.py,v2,True,True,6,114,src/module_0350.py src/module_0155.py src/module_0050.py src/module_0275.py src/module_0259.py src/module_0126.py
file_path,30,350,src/module_0350.py,oracle,True,True,1,19,src/module_0350.py
file_path,30,275,src/module_0275.py,user_only,False,False,0,0,
file_path,30,275,src/module_0275.py,naive,True,True,21,399,src/module_0200.py src/module_0278.py src/module_0181.py src/module_0151.py src/module_0407.py src/module_0383.py src/module_0352.py src/module_0113.py src/module_0264.py src/module_0430.py src/module_0275.py src/module_0235.py src/module_0398.py src/module_0343.py src/module_0331.py src/module_0369.py src/module_0142.py src/module_0350.py src/module_0079.py src/module_0099.py src/module_0201.py
file_path,30,275,src/module_0275.py,v1,True,True,6,102,src/module_0142.py FAILED src/module_0383.py src/module_0275.py src/module_0201.py src/module_0099.py
file_path,30,275,src/module_0275.py,v2,True,True,6,114,src/module_0275.py src/module_0142.py src/module_0383.py src/module_0201.py src/module_0099.py src/module_0079.py
file_path,30,275,src/module_0275.py,oracle,True,True,1,19,src/module_0275.py
file_path,30,172,src/module_0172.py,user_only,False,False,0,0,
file_path,30,172,src/module_0172.py,naive,True,True,21,399,src/module_0442.py src/module_0273.py src/module_0116.py src/module_0295.py src/module_0406.py src/module_0276.py src/module_0334.py src/module_0447.py src/module_0255.py src/module_0366.py src/module_0172.py src/module_0250.py src/module_0248.py src/module_0111.py src/module_0268.py src/module_0338.py src/module_0258.py src/module_0414.py src/module_0181.py src/module_0194.py src/module_0229.py
file_path,30,172,src/module_0172.py,v1,True,True,6,102,src/module_0258.py FAILED src/module_0276.py src/module_0172.py src/module_0229.py src/module_0194.py
file_path,30,172,src/module_0172.py,v2,True,True,6,114,src/module_0172.py src/module_0258.py src/module_0276.py src/module_0229.py src/module_0194.py src/module_0181.py
file_path,30,172,src/module_0172.py,oracle,True,True,1,19,src/module_0172.py
file_path,30,51,src/module_0051.py,user_only,False,False,0,0,
file_path,30,51,src/module_0051.py,naive,True,True,21,399,src/module_0255.py src/module_0384.py src/module_0341.py src/module_0375.py src/module_0083.py src/module_0134.py src/module_0293.py src/module_0342.py src/module_0449.py src/module_0259.py src/module_0051.py src/module_0098.py src/module_0110.py src/module_0311.py src/module_0173.py src/module_0329.py src/module_0145.py src/module_0424.py src/module_0290.py src/module_0298.py src/module_0141.py
file_path,30,51,src/module_0051.py,v1,True,True,6,102,src/module_0145.py FAILED src/module_0134.py src/module_0051.py src/module_0141.py src/module_0298.py
file_path,30,51,src/module_0051.py,v2,True,True,6,114,src/module_0051.py src/module_0145.py src/module_0134.py src/module_0141.py src/module_0298.py src/module_0290.py
file_path,30,51,src/module_0051.py,oracle,True,True,1,19,src/module_0051.py
file_path,30,364,src/module_0364.py,user_only,False,False,0,0,
file_path,30,364,src/module_0364.py,naive,True,True,21,399,src/module_0076.py src/module_0372.py src/module_0193.py src/module_0392.py src/module_0416.py src/module_0346.py src/module_0075.py src/module_0237.py src/module_0301.py src/module_0105.py src/module_0364.py src/module_0147.py src/module_0428.py src/module_0328.py src/module_0244.py src/module_0057.py src/module_0239.py src/module_0091.py src/module_0183.py src/module_0278.py src/module_0176.py
file_path,30,364,src/module_0364.py,v1,True,True,6,102,src/module_0239.py FAILED src/module_0346.py src/module_0364.py src/module_0176.py src/module_0278.py
file_path,30,364,src/module_0364.py,v2,True,True,6,114,src/module_0364.py src/module_0239.py src/module_0346.py src/module_0176.py src/module_0278.py src/module_0183.py
file_path,30,364,src/module_0364.py,oracle,True,True,1,19,src/module_0364.py
file_path,30,91,src/module_0091.py,user_only,False,False,0,0,
file_path,30,91,src/module_0091.py,naive,True,True,21,399,src/module_0421.py src/module_0084.py src/module_0335.py src/module_0150.py src/module_0438.py src/module_0250.py src/module_0253.py src/module_0234.py src/module_0310.py src/module_0292.py src/module_0091.py src/module_0330.py src/module_0442.py src/module_0124.py src/module_0054.py src/module_0214.py src/module_0069.py src/module_0291.py src/module_0263.py src/module_0073.py src/module_0226.py
file_path,30,91,src/module_0091.py,v1,True,True,6,102,src/module_0069.py FAILED src/module_0250.py src/module_0091.py src/module_0226.py src/module_0073.py
file_path,30,91,src/module_0091.py,v2,True,True,6,114,src/module_0091.py src/module_0069.py src/module_0250.py src/module_0226.py src/module_0073.py src/module_0263.py
file_path,30,91,src/module_0091.py,oracle,True,True,1,19,src/module_0091.py
file_path,30,106,src/module_0106.py,user_only,False,False,0,0,
file_path,30,106,src/module_0106.py,naive,True,True,21,399,src/module_0359.py src/module_0270.py src/module_0282.py src/module_0123.py src/module_0278.py src/module_0290.py src/module_0124.py src/module_0296.py src/module_0300.py src/module_0245.py src/module_0106.py src/module_0236.py src/module_0396.py src/module_0297.py src/module_0069.py src/module_0261.py src/module_0198.py src/module_0423.py src/module_0281.py src/module_0301.py src/module_0360.py
file_path,30,106,src/module_0106.py,v1,True,True,6,102,src/module_0198.py FAILED src/module_0290.py src/module_0106.py src/module_0360.py src/module_0301.py
file_path,30,106,src/module_0106.py,v2,True,True,6,114,src/module_0106.py src/module_0198.py src/module_0290.py src/module_0360.py src/module_0301.py src/module_0281.py
file_path,30,106,src/module_0106.py,oracle,True,True,1,19,src/module_0106.py
file_path,30,197,src/module_0197.py,user_only,False,False,0,0,
file_path,30,197,src/module_0197.py,naive,True,True,21,399,src/module_0284.py src/module_0203.py src/module_0071.py src/module_0170.py src/module_0123.py src/module_0316.py src/module_0295.py src/module_0254.py src/module_0420.py src/module_0287.py src/module_0197.py src/module_0142.py src/module_0055.py src/module_0097.py src/module_0351.py src/module_0235.py src/module_0321.py src/module_0339.py src/module_0214.py src/module_0374.py src/module_0263.py
file_path,30,197,src/module_0197.py,v1,True,True,6,102,src/module_0321.py FAILED src/module_0316.py src/module_0197.py src/module_0263.py src/module_0374.py
file_path,30,197,src/module_0197.py,v2,True,True,6,114,src/module_0197.py src/module_0321.py src/module_0316.py src/module_0263.py src/module_0374.py src/module_0214.py
file_path,30,197,src/module_0197.py,oracle,True,True,1,19,src/module_0197.py
file_path,30,100,src/module_0100.py,user_only,False,False,0,0,
file_path,30,100,src/module_0100.py,naive,True,True,21,399,src/module_0398.py src/module_0443.py src/module_0235.py src/module_0360.py src/module_0124.py src/module_0122.py src/module_0181.py src/module_0349.py src/module_0401.py src/module_0234.py src/module_0100.py src/module_0277.py src/module_0445.py src/module_0259.py src/module_0282.py src/module_0358.py src/module_0192.py src/module_0170.py src/module_0449.py src/module_0319.py src/module_0163.py
file_path,30,100,src/module_0100.py,v1,True,True,6,102,src/module_0192.py FAILED src/module_0122.py src/module_0100.py src/module_0163.py src/module_0319.py
file_path,30,100,src/module_0100.py,v2,True,True,6,114,src/module_0100.py src/module_0192.py src/module_0122.py src/module_0163.py src/module_0319.py src/module_0449.py
file_path,30,100,src/module_0100.py,oracle,True,True,1,19,src/module_0100.py
file_path,30,280,src/module_0280.py,user_only,False,False,0,0,
file_path,30,280,src/module_0280.py,naive,True,True,21,399,src/module_0154.py src/module_0113.py src/module_0162.py src/module_0091.py src/module_0209.py src/module_0195.py src/module_0211.py src/module_0074.py src/module_0324.py src/module_0379.py src/module_0280.py src/module_0134.py src/module_0267.py src/module_0060.py src/module_0178.py src/module_0441.py src/module_0075.py src/module_0426.py src/module_0357.py src/module_0318.py src/module_0139.py
file_path,30,280,src/module_0280.py,v1,True,True,6,102,src/module_0075.py FAILED src/module_0195.py src/module_0280.py src/module_0139.py src/module_0318.py
file_path,30,280,src/module_0280.py,v2,True,True,6,114,src/module_0280.py src/module_0075.py src/module_0195.py src/module_0139.py src/module_0318.py src/module_0357.py
file_path,30,280,src/module_0280.py,oracle,True,True,1,19,src/module_0280.py
file_path,30,55,src/module_0055.py,user_only,False,False,0,0,
file_path,30,55,src/module_0055.py,naive,True,True,21,399,src/module_0114.py src/module_0099.py src/module_0171.py src/module_0409.py src/module_0364.py src/module_0098.py src/module_0381.py src/module_0088.py src/module_0143.py src/module_0331.py src/module_0055.py src/module_0277.py src/module_0271.py src/module_0430.py src/module_0414.py src/module_0278.py src/module_0163.py src/module_0241.py src/module_0152.py src/module_0243.py src/module_0251.py
file_path,30,55,src/module_0055.py,v1,True,True,6,102,src/module_0163.py FAILED src/module_0098.py src/module_0055.py src/module_0251.py src/module_0243.py
file_path,30,55,src/module_0055.py,v2,True,True,6,114,src/module_0055.py src/module_0163.py src/module_0098.py src/module_0251.py src/module_0243.py src/module_0152.py
file_path,30,55,src/module_0055.py,oracle,True,True,1,19,src/module_0055.py
file_path,30,400,src/module_0400.py,user_only,False,False,0,0,
file_path,30,400,src/module_0400.py,naive,True,True,21,399,src/module_0127.py src/module_0177.py src/module_0390.py src/module_0433.py src/module_0114.py src/module_0116.py src/module_0304.py src/module_0189.py src/module_0072.py src/module_0125.py src/module_0400.py src/module_0076.py src/module_0432.py src/module_0292.py src/module_0173.py src/module_0158.py src/module_0132.py src/module_0331.py src/module_0391.py src/module_0366.py src/module_0395.py
file_path,30,400,src/module_0400.py,v1,True,True,6,102,src/module_0132.py FAILED src/module_0116.py src/module_0400.py src/module_0395.py src/module_0366.py
file_path,30,400,src/module_0400.py,v2,True,True,6,114,src/module_0400.py src/module_0132.py src/module_0116.py src/module_0395.py src/module_0366.py src/module_0391.py
file_path,30,400,src/module_0400.py,oracle,True,True,1,19,src/module_0400.py
file_path,30,397,src/module_0397.py,user_only,False,False,0,0,
file_path,30,397,src/module_0397.py,naive,True,True,21,399,src/module_0234.py src/module_0410.py src/module_0250.py src/module_0417.py src/module_0185.py src/module_0212.py src/module_0408.py src/module_0088.py src/module_0072.py src/module_0268.py src/module_0397.py src/module_0204.py src/module_0274.py src/module_0379.py src/module_0426.py src/module_0418.py src/module_0247.py src/module_0068.py src/module_0091.py src/module_0144.py src/module_0177.py
file_path,30,397,src/module_0397.py,v1,True,True,6,102,src/module_0247.py FAILED src/module_0212.py src/module_0397.py src/module_0177.py src/module_0144.py
file_path,30,397,src/module_0397.py,v2,True,True,6,114,src/module_0397.py src/module_0247.py src/module_0212.py src/module_0177.py src/module_0144.py src/module_0091.py
file_path,30,397,src/module_0397.py,oracle,True,True,1,19,src/module_0397.py
file_path,30,210,src/module_0210.py,user_only,False,False,0,0,
file_path,30,210,src/module_0210.py,naive,True,True,21,399,src/module_0153.py src/module_0440.py src/module_0382.py src/module_0137.py src/module_0368.py src/module_0164.py src/module_0108.py src/module_0424.py src/module_0083.py src/module_0402.py src/module_0210.py src/module_0284.py src/module_0416.py src/module_0377.py src/module_0378.py src/module_0442.py src/module_0156.py src/module_0372.py src/module_0355.py src/module_0266.py src/module_0304.py
file_path,30,210,src/module_0210.py,v1,True,True,6,102,src/module_0156.py FAILED src/module_0164.py src/module_0210.py src/module_0304.py src/module_0266.py
file_path,30,210,src/module_0210.py,v2,True,True,6,114,src/module_0210.py src/module_0156.py src/module_0164.py src/module_0304.py src/module_0266.py src/module_0355.py
file_path,30,210,src/module_0210.py,oracle,True,True,1,19,src/module_0210.py
file_path,30,157,src/module_0157.py,user_only,False,False,0,0,
file_path,30,157,src/module_0157.py,naive,True,True,21,399,src/module_0097.py src/module_0393.py src/module_0147.py src/module_0339.py src/module_0236.py src/module_0274.py src/module_0320.py src/module_0195.py src/module_0417.py src/module_0441.py src/module_0157.py src/module_0407.py src/module_0326.py src/module_0231.py src/module_0156.py src/module_0146.py src/module_0173.py src/module_0186.py src/module_0426.py src/module_0122.py src/module_0373.py
file_path,30,157,src/module_0157.py,v1,True,True,6,102,src/module_0173.py FAILED src/module_0274.py src/module_0157.py src/module_0373.py src/module_0122.py
file_path,30,157,src/module_0157.py,v2,True,True,6,114,src/module_0157.py src/module_0173.py src/module_0274.py src/module_0373.py src/module_0122.py src/module_0426.py
file_path,30,157,src/module_0157.py,oracle,True,True,1,19,src/module_0157.py
file_path,30,253,src/module_0253.py,user_only,False,False,0,0,
file_path,30,253,src/module_0253.py,naive,True,True,21,399,src/module_0079.py src/module_0196.py src/module_0141.py src/module_0364.py src/module_0104.py src/module_0291.py src/module_0061.py src/module_0119.py src/module_0252.py src/module_0197.py src/module_0253.py src/module_0225.py src/module_0390.py src/module_0144.py src/module_0307.py src/module_0372.py src/module_0151.py src/module_0267.py src/module_0171.py src/module_0163.py src/module_0150.py
file_path,30,253,src/module_0253.py,v1,True,True,6,102,src/module_0151.py FAILED src/module_0291.py src/module_0253.py src/module_0150.py src/module_0163.py
file_path,30,253,src/module_0253.py,v2,True,True,6,114,src/module_0253.py src/module_0151.py src/module_0291.py src/module_0150.py src/module_0163.py src/module_0171.py
file_path,30,253,src/module_0253.py,oracle,True,True,1,19,src/module_0253.py
file_path,30,178,src/module_0178.py,user_only,False,False,0,0,
file_path,30,178,src/module_0178.py,naive,True,True,21,399,src/module_0277.py src/module_0402.py src/module_0056.py src/module_0268.py src/module_0372.py src/module_0447.py src/module_0213.py src/module_0243.py src/module_0094.py src/module_0313.py src/module_0178.py src/module_0259.py src/module_0111.py src/module_0149.py src/module_0354.py src/module_0327.py src/module_0077.py src/module_0137.py src/module_0273.py src/module_0262.py src/module_0256.py
file_path,30,178,src/module_0178.py,v1,True,True,6,102,src/module_0077.py FAILED src/module_0447.py src/module_0178.py src/module_0256.py src/module_0262.py
file_path,30,178,src/module_0178.py,v2,True,True,6,114,src/module_0178.py src/module_0077.py src/module_0447.py src/module_0256.py src/module_0262.py src/module_0273.py
file_path,30,178,src/module_0178.py,oracle,True,True,1,19,src/module_0178.py
file_path,30,228,src/module_0228.py,user_only,False,False,0,0,
file_path,30,228,src/module_0228.py,naive,True,True,21,399,src/module_0191.py src/module_0328.py src/module_0185.py src/module_0256.py src/module_0174.py src/module_0234.py src/module_0193.py src/module_0159.py src/module_0387.py src/module_0129.py src/module_0228.py src/module_0170.py src/module_0104.py src/module_0282.py src/module_0195.py src/module_0190.py src/module_0366.py src/module_0110.py src/module_0125.py src/module_0386.py src/module_0364.py
file_path,30,228,src/module_0228.py,v1,True,True,6,102,src/module_0366.py FAILED src/module_0234.py src/module_0228.py src/module_0364.py src/module_0386.py
file_path,30,228,src/module_0228.py,v2,True,True,6,114,src/module_0228.py src/module_0366.py src/module_0234.py src/module_0364.py src/module_0386.py src/module_0125.py
file_path,30,228,src/module_0228.py,oracle,True,True,1,19,src/module_0228.py
file_path,30,232,src/module_0232.py,user_only,False,False,0,0,
file_path,30,232,src/module_0232.py,naive,True,True,21,399,src/module_0400.py src/module_0233.py src/module_0239.py src/module_0255.py src/module_0082.py src/module_0422.py src/module_0332.py src/module_0068.py src/module_0172.py src/module_0297.py src/module_0232.py src/module_0364.py src/module_0199.py src/module_0164.py src/module_0181.py src/module_0061.py src/module_0351.py src/module_0096.py src/module_0369.py src/module_0278.py src/module_0249.py
file_path,30,232,src/module_0232.py,v1,True,True,6,102,src/module_0351.py FAILED src/module_0422.py src/module_0232.py src/module_0249.py src/module_0278.py
file_path,30,232,src/module_0232.py,v2,True,True,6,114,src/module_0232.py src/module_0351.py src/module_0422.py src/module_0249.py src/module_0278.py src/module_0369.py
file_path,30,232,src/module_0232.py,oracle,True,True,1,19,src/module_0232.py
file_path,30,242,src/module_0242.py,user_only,False,False,0,0,
file_path,30,242,src/module_0242.py,naive,True,True,21,399,src/module_0203.py src/module_0257.py src/module_0222.py src/module_0180.py src/module_0210.py src/module_0159.py src/module_0331.py src/module_0077.py src/module_0413.py src/module_0148.py src/module_0242.py src/module_0070.py src/module_0288.py src/module_0191.py src/module_0261.py src/module_0425.py src/module_0249.py src/module_0322.py src/module_0074.py src/module_0226.py src/module_0371.py
file_path,30,242,src/module_0242.py,v1,True,True,6,102,src/module_0249.py FAILED src/module_0159.py src/module_0242.py src/module_0371.py src/module_0226.py
file_path,30,242,src/module_0242.py,v2,True,True,6,114,src/module_0242.py src/module_0249.py src/module_0159.py src/module_0371.py src/module_0226.py src/module_0074.py
file_path,30,242,src/module_0242.py,oracle,True,True,1,19,src/module_0242.py
file_path,30,431,src/module_0431.py,user_only,False,False,0,0,
file_path,30,431,src/module_0431.py,naive,True,True,21,399,src/module_0177.py src/module_0438.py src/module_0332.py src/module_0235.py src/module_0437.py src/module_0392.py src/module_0150.py src/module_0306.py src/module_0391.py src/module_0301.py src/module_0431.py src/module_0286.py src/module_0389.py src/module_0159.py src/module_0327.py src/module_0187.py src/module_0385.py src/module_0401.py src/module_0433.py src/module_0212.py src/module_0443.py
file_path,30,431,src/module_0431.py,v1,True,True,6,102,src/module_0385.py FAILED src/module_0392.py src/module_0431.py src/module_0443.py src/module_0212.py
file_path,30,431,src/module_0431.py,v2,True,True,6,114,src/module_0431.py src/module_0385.py src/module_0392.py src/module_0443.py src/module_0212.py src/module_0433.py
file_path,30,431,src/module_0431.py,oracle,True,True,1,19,src/module_0431.py
file_path,30,376,src/module_0376.py,user_only,False,False,0,0,
file_path,30,376,src/module_0376.py,naive,True,True,21,399,src/module_0302.py src/module_0164.py src/module_0250.py src/module_0074.py src/module_0201.py src/module_0189.py src/module_0224.py src/module_0170.py src/module_0352.py src/module_0142.py src/module_0376.py src/module_0182.py src/module_0395.py src/module_0305.py src/module_0217.py src/module_0404.py src/module_0278.py src/module_0176.py src/module_0399.py src/module_0112.py src/module_0400.py
file_path,30,376,src/module_0376.py,v1,True,True,6,102,src/module_0278.py FAILED src/module_0189.py src/module_0376.py src/module_0400.py src/module_0112.py
file_path,30,376,src/module_0376.py,v2,True,True,6,114,src/module_0376.py src/module_0278.py src/module_0189.py src/module_0400.py src/module_0112.py src/module_0399.py
file_path,30,376,src/module_0376.py,oracle,True,True,1,19,src/module_0376.py
file_path,30,89,src/module_0089.py,user_only,False,False,0,0,
file_path,30,89,src/module_0089.py,naive,True,True,21,399,src/module_0105.py src/module_0265.py src/module_0123.py src/module_0091.py src/module_0325.py src/module_0372.py src/module_0414.py src/module_0307.py src/module_0302.py src/module_0168.py src/module_0089.py src/module_0360.py src/module_0093.py src/module_0367.py src/module_0215.py src/module_0382.py src/module_0319.py src/module_0240.py src/module_0157.py src/module_0337.py src/module_0138.py
file_path,30,89,src/module_0089.py,v1,True,True,6,102,src/module_0319.py FAILED src/module_0372.py src/module_0089.py src/module_0138.py src/module_0337.py
file_path,30,89,src/module_0089.py,v2,True,True,6,114,src/module_0089.py src/module_0319.py src/module_0372.py src/module_0138.py src/module_0337.py src/module_0157.py
file_path,30,89,src/module_0089.py,oracle,True,True,1,19,src/module_0089.py
file_path,30,420,src/module_0420.py,user_only,False,False,0,0,
file_path,30,420,src/module_0420.py,naive,True,True,21,399,src/module_0109.py src/module_0442.py src/module_0293.py src/module_0206.py src/module_0170.py src/module_0235.py src/module_0160.py src/module_0276.py src/module_0402.py src/module_0190.py src/module_0420.py src/module_0239.py src/module_0427.py src/module_0417.py src/module_0095.py src/module_0224.py src/module_0225.py src/module_0408.py src/module_0110.py src/module_0059.py src/module_0117.py
file_path,30,420,src/module_0420.py,v1,True,True,6,102,src/module_0225.py FAILED src/module_0235.py src/module_0420.py src/module_0117.py src/module_0059.py
file_path,30,420,src/module_0420.py,v2,True,True,6,114,src/module_0420.py src/module_0225.py src/module_0235.py src/module_0117.py src/module_0059.py src/module_0110.py
file_path,30,420,src/module_0420.py,oracle,True,True,1,19,src/module_0420.py
file_path,30,224,src/module_0224.py,user_only,False,False,0,0,
file_path,30,224,src/module_0224.py,naive,True,True,21,399,src/module_0393.py src/module_0376.py src/module_0397.py src/module_0116.py src/module_0254.py src/module_0087.py src/module_0353.py src/module_0218.py src/module_0061.py src/module_0347.py src/module_0224.py src/module_0370.py src/module_0430.py src/module_0268.py src/module_0230.py src/module_0214.py src/module_0064.py src/module_0449.py src/module_0135.py src/module_0110.py src/module_0362.py
file_path,30,224,src/module_0224.py,v1,True,True,6,102,src/module_0064.py FAILED src/module_0087.py src/module_0224.py src/module_0362.py src/module_0110.py
file_path,30,224,src/module_0224.py,v2,True,True,6,114,src/module_0224.py src/module_0064.py src/module_0087.py src/module_0362.py src/module_0110.py src/module_0135.py
file_path,30,224,src/module_0224.py,oracle,True,True,1,19,src/module_0224.py
file_path,30,95,src/module_0095.py,user_only,False,False,0,0,
file_path,30,95,src/module_0095.py,naive,True,True,21,399,src/module_0288.py src/module_0410.py src/module_0069.py src/module_0139.py src/module_0434.py src/module_0082.py src/module_0191.py src/module_0187.py src/module_0118.py src/module_0173.py src/module_0095.py src/module_0231.py src/module_0409.py src/module_0268.py src/module_0169.py src/module_0380.py src/module_0443.py src/module_0429.py src/module_0448.py src/module_0171.py src/module_0075.py
file_path,30,95,src/module_0095.py,v1,True,True,6,102,src/module_0443.py FAILED src/module_0082.py src/module_0095.py src/module_0075.py src/module_0171.py
file_path,30,95,src/module_0095.py,v2,True,True,6,114,src/module_0095.py src/module_0443.py src/module_0082.py src/module_0075.py src/module_0171.py src/module_0448.py
file_path,30,95,src/module_0095.py,oracle,True,True,1,19,src/module_0095.py
file_path,30,335,src/module_0335.py,user_only,False,False,0,0,
file_path,30,335,src/module_0335.py,naive,True,True,21,399,src/module_0249.py src/module_0303.py src/module_0337.py src/module_0424.py src/module_0314.py src/module_0208.py src/module_0272.py src/module_0434.py src/module_0273.py src/module_0212.py src/module_0335.py src/module_0234.py src/module_0195.py src/module_0276.py src/module_0342.py src/module_0140.py src/module_0182.py src/module_0321.py src/module_0239.py src/module_0377.py src/module_0285.py
file_path,30,335,src/module_0335.py,v1,True,True,6,102,src/module_0182.py FAILED src/module_0208.py src/module_0335.py src/module_0285.py src/module_0377.py
file_path,30,335,src/module_0335.py,v2,True,True,6,114,src/module_0335.py src/module_0182.py src/module_0208.py src/module_0285.py src/module_0377.py src/module_0239.py
file_path,30,335,src/module_0335.py,oracle,True,True,1,19,src/module_0335.py
file_path,30,325,src/module_0325.py,user_only,False,False,0,0,
file_path,30,325,src/module_0325.py,naive,True,True,21,399,src/module_0435.py src/module_0318.py src/module_0231.py src/module_0163.py src/module_0276.py src/module_0102.py src/module_0374.py src/module_0245.py src/module_0207.py src/module_0071.py src/module_0325.py src/module_0189.py src/module_0324.py src/module_0128.py src/module_0263.py src/module_0381.py src/module_0073.py src/module_0270.py src/module_0083.py src/module_0358.py src/module_0063.py
file_path,30,325,src/module_0325.py,v1,True,True,6,102,src/module_0073.py FAILED src/module_0102.py src/module_0325.py src/module_0063.py src/module_0358.py
file_path,30,325,src/module_0325.py,v2,True,True,6,114,src/module_0325.py src/module_0073.py src/module_0102.py src/module_0063.py src/module_0358.py src/module_0083.py
file_path,30,325,src/module_0325.py,oracle,True,True,1,19,src/module_0325.py
file_path,30,199,src/module_0199.py,user_only,False,False,0,0,
file_path,30,199,src/module_0199.py,naive,True,True,21,399,src/module_0248.py src/module_0279.py src/module_0313.py src/module_0055.py src/module_0357.py src/module_0369.py src/module_0363.py src/module_0154.py src/module_0384.py src/module_0163.py src/module_0199.py src/module_0132.py src/module_0395.py src/module_0182.py src/module_0292.py src/module_0283.py src/module_0054.py src/module_0330.py src/module_0245.py src/module_0274.py src/module_0214.py
file_path,30,199,src/module_0199.py,v1,True,True,6,102,src/module_0054.py FAILED src/module_0369.py src/module_0199.py src/module_0214.py src/module_0274.py
file_path,30,199,src/module_0199.py,v2,True,True,6,114,src/module_0199.py src/module_0054.py src/module_0369.py src/module_0214.py src/module_0274.py src/module_0245.py
file_path,30,199,src/module_0199.py,oracle,True,True,1,19,src/module_0199.py
file_path,30,284,src/module_0284.py,user_only,False,False,0,0,
file_path,30,284,src/module_0284.py,naive,True,True,21,399,src/module_0114.py src/module_0369.py src/module_0265.py src/module_0399.py src/module_0077.py src/module_0090.py src/module_0434.py src/module_0087.py src/module_0395.py src/module_0086.py src/module_0284.py src/module_0364.py src/module_0179.py src/module_0108.py src/module_0340.py src/module_0166.py src/module_0075.py src/module_0197.py src/module_0137.py src/module_0317.py src/module_0293.py
file_path,30,284,src/module_0284.py,v1,True,True,6,102,src/module_0075.py FAILED src/module_0090.py src/module_0284.py src/module_0293.py src/module_0317.py
file_path,30,284,src/module_0284.py,v2,True,True,6,114,src/module_0284.py src/module_0075.py src/module_0090.py src/module_0293.py src/module_0317.py src/module_0137.py
file_path,30,284,src/module_0284.py,oracle,True,True,1,19,src/module_0284.py
file_path,30,122,src/module_0122.py,user_only,False,False,0,0,
file_path,30,122,src/module_0122.py,naive,True,True,21,399,src/module_0078.py src/module_0069.py src/module_0389.py src/module_0395.py src/module_0227.py src/module_0176.py src/module_0288.py src/module_0216.py src/module_0365.py src/module_0429.py src/module_0122.py src/module_0101.py src/module_0182.py src/module_0450.py src/module_0282.py src/module_0287.py src/module_0424.py src/module_0404.py src/module_0068.py src/module_0080.py src/module_0107.py
file_path,30,122,src/module_0122.py,v1,True,True,6,102,src/module_0424.py FAILED src/module_0176.py src/module_0122.py src/module_0107.py src/module_0080.py
file_path,30,122,src/module_0122.py,v2,True,True,6,114,src/module_0122.py src/module_0424.py src/module_0176.py src/module_0107.py src/module_0080.py src/module_0068.py
file_path,30,122,src/module_0122.py,oracle,True,True,1,19,src/module_0122.py
file_path,100,110,src/module_0110.py,user_only,False,False,0,0,
file_path,100,110,src/module_0110.py,naive,True,True,21,399,src/module_0235.py src/module_0419.py src/module_0446.py src/module_0146.py src/module_0119.py src/module_0165.py src/module_0298.py src/module_0079.py src/module_0300.py src/module_0175.py src/module_0110.py src/module_0103.py src/module_0264.py src/module_0243.py src/module_0097.py src/module_0251.py src/module_0449.py src/module_0401.py src/module_0213.py src/module_0372.py src/module_0336.py
file_path,100,110,src/module_0110.py,v1,True,True,6,102,src/module_0449.py FAILED src/module_0165.py src/module_0110.py src/module_0336.py src/module_0372.py
file_path,100,110,src/module_0110.py,v2,True,True,6,114,src/module_0110.py src/module_0449.py src/module_0165.py src/module_0336.py src/module_0372.py src/module_0213.py
file_path,100,110,src/module_0110.py,oracle,True,True,1,19,src/module_0110.py
file_path,100,213,src/module_0213.py,user_only,False,False,0,0,
file_path,100,213,src/module_0213.py,naive,True,True,21,399,src/module_0250.py src/module_0249.py src/module_0186.py src/module_0157.py src/module_0287.py src/module_0098.py src/module_0227.py src/module_0382.py src/module_0238.py src/module_0207.py src/module_0213.py src/module_0284.py src/module_0294.py src/module_0101.py src/module_0142.py src/module_0131.py src/module_0431.py src/module_0448.py src/module_0305.py src/module_0080.py src/module_0262.py
file_path,100,213,src/module_0213.py,v1,True,True,6,102,src/module_0431.py FAILED src/module_0098.py src/module_0213.py src/module_0262.py src/module_0080.py
file_path,100,213,src/module_0213.py,v2,True,True,6,114,src/module_0213.py src/module_0431.py src/module_0098.py src/module_0262.py src/module_0080.py src/module_0305.py
file_path,100,213,src/module_0213.py,oracle,True,True,1,19,src/module_0213.py
file_path,100,307,src/module_0307.py,user_only,False,False,0,0,
file_path,100,307,src/module_0307.py,naive,True,True,21,399,src/module_0082.py src/module_0130.py src/module_0216.py src/module_0260.py src/module_0421.py src/module_0414.py src/module_0239.py src/module_0395.py src/module_0448.py src/module_0161.py src/module_0307.py src/module_0103.py src/module_0397.py src/module_0311.py src/module_0227.py src/module_0145.py src/module_0233.py src/module_0285.py src/module_0173.py src/module_0264.py src/module_0369.py
file_path,100,307,src/module_0307.py,v1,True,True,6,102,src/module_0233.py FAILED src/module_0414.py src/module_0307.py src/module_0369.py src/module_0264.py
file_path,100,307,src/module_0307.py,v2,True,True,6,114,src/module_0307.py src/module_0233.py src/module_0414.py src/module_0369.py src/module_0264.py src/module_0173.py
file_path,100,307,src/module_0307.py,oracle,True,True,1,19,src/module_0307.py
file_path,100,312,src/module_0312.py,user_only,False,False,0,0,
file_path,100,312,src/module_0312.py,naive,True,True,21,399,src/module_0351.py src/module_0377.py src/module_0300.py src/module_0306.py src/module_0100.py src/module_0102.py src/module_0420.py src/module_0194.py src/module_0079.py src/module_0442.py src/module_0312.py src/module_0342.py src/module_0335.py src/module_0117.py src/module_0286.py src/module_0083.py src/module_0080.py src/module_0409.py src/module_0379.py src/module_0061.py src/module_0150.py
file_path,100,312,src/module_0312.py,v1,True,True,6,102,src/module_0080.py FAILED src/module_0102.py src/module_0312.py src/module_0150.py src/module_0061.py
file_path,100,312,src/module_0312.py,v2,True,True,6,114,src/module_0312.py src/module_0080.py src/module_0102.py src/module_0150.py src/module_0061.py src/module_0379.py
file_path,100,312,src/module_0312.py,oracle,True,True,1,19,src/module_0312.py
file_path,100,381,src/module_0381.py,user_only,False,False,0,0,
file_path,100,381,src/module_0381.py,naive,True,True,21,399,src/module_0202.py src/module_0318.py src/module_0108.py src/module_0402.py src/module_0409.py src/module_0327.py src/module_0314.py src/module_0065.py src/module_0235.py src/module_0376.py src/module_0381.py src/module_0356.py src/module_0285.py src/module_0112.py src/module_0315.py src/module_0425.py src/module_0379.py src/module_0223.py src/module_0170.py src/module_0372.py src/module_0267.py
file_path,100,381,src/module_0381.py,v1,True,True,6,102,src/module_0379.py FAILED src/module_0327.py src/module_0381.py src/module_0267.py src/module_0372.py
file_path,100,381,src/module_0381.py,v2,True,True,6,114,src/module_0381.py src/module_0379.py src/module_0327.py src/module_0267.py src/module_0372.py src/module_0170.py
file_path,100,381,src/module_0381.py,oracle,True,True,1,19,src/module_0381.py
file_path,100,102,src/module_0102.py,user_only,False,False,0,0,
file_path,100,102,src/module_0102.py,naive,True,True,21,399,src/module_0301.py src/module_0179.py src/module_0146.py src/module_0305.py src/module_0134.py src/module_0128.py src/module_0144.py src/module_0168.py src/module_0203.py src/module_0207.py src/module_0102.py src/module_0063.py src/module_0284.py src/module_0361.py src/module_0253.py src/module_0386.py src/module_0405.py src/module_0338.py src/module_0377.py src/module_0150.py src/module_0202.py
file_path,100,102,src/module_0102.py,v1,True,True,6,102,src/module_0405.py FAILED src/module_0128.py src/module_0102.py src/module_0202.py src/module_0150.py
file_path,100,102,src/module_0102.py,v2,True,True,6,114,src/module_0102.py src/module_0405.py src/module_0128.py src/module_0202.py src/module_0150.py src/module_0377.py
file_path,100,102,src/module_0102.py,oracle,True,True,1,19,src/module_0102.py
file_path,100,164,src/module_0164.py,user_only,False,False,0,0,
file_path,100,164,src/module_0164.py,naive,True,True,21,399,src/module_0108.py src/module_0392.py src/module_0162.py src/module_0187.py src/module_0118.py src/module_0357.py src/module_0278.py src/module_0282.py src/module_0399.py src/module_0356.py src/module_0164.py src/module_0157.py src/module_0082.py src/module_0058.py src/module_0190.py src/module_0305.py src/module_0144.py src/module_0375.py src/module_0327.py src/module_0183.py src/module_0095.py
file_path,100,164,src/module_0164.py,v1,True,True,6,102,src/module_0144.py FAILED src/module_0357.py src/module_0164.py src/module_0095.py src/module_0183.py
file_path,100,164,src/module_0164.py,v2,True,True,6,114,src/module_0164.py src/module_0144.py src/module_0357.py src/module_0095.py src/module_0183.py src/module_0327.py
file_path,100,164,src/module_0164.py,oracle,True,True,1,19,src/module_0164.py
file_path,100,357,src/module_0357.py,user_only,False,False,0,0,
file_path,100,357,src/module_0357.py,naive,True,True,21,399,src/module_0053.py src/module_0444.py src/module_0373.py src/module_0288.py src/module_0300.py src/module_0406.py src/module_0362.py src/module_0375.py src/module_0193.py src/module_0200.py src/module_0357.py src/module_0301.py src/module_0419.py src/module_0242.py src/module_0131.py src/module_0130.py src/module_0262.py src/module_0256.py src/module_0393.py src/module_0195.py src/module_0136.py
file_path,100,357,src/module_0357.py,v1,True,True,6,102,src/module_0262.py FAILED src/module_0406.py src/module_0357.py src/module_0136.py src/module_0195.py
file_path,100,357,src/module_0357.py,v2,True,True,6,114,src/module_0357.py src/module_0262.py src/module_0406.py src/module_0136.py src/module_0195.py src/module_0393.py
file_path,100,357,src/module_0357.py,oracle,True,True,1,19,src/module_0357.py
file_path,100,368,src/module_0368.py,user_only,False,False,0,0,
file_path,100,368,src/module_0368.py,naive,True,True,21,399,src/module_0083.py src/module_0297.py src/module_0257.py src/module_0323.py src/module_0068.py src/module_0450.py src/module_0307.py src/module_0239.py src/module_0374.py src/module_0448.py src/module_0368.py src/module_0420.py src/module_0324.py src/module_0219.py src/module_0184.py src/module_0340.py src/module_0402.py src/module_0194.py src/module_0102.py src/module_0404.py src/module_0423.py
file_path,100,368,src/module_0368.py,v1,True,True,6,102,src/module_0402.py FAILED src/module_0450.py src/module_0368.py src/module_0423.py src/module_0404.py
file_path,100,368,src/module_0368.py,v2,True,True,6,114,src/module_0368.py src/module_0402.py src/module_0450.py src/module_0423.py src/module_0404.py src/module_0102.py
file_path,100,368,src/module_0368.py,oracle,True,True,1,19,src/module_0368.py
file_path,100,334,src/module_0334.py,user_only,False,False,0,0,
file_path,100,334,src/module_0334.py,naive,True,True,21,399,src/module_0268.py src/module_0362.py src/module_0104.py src/module_0446.py src/module_0121.py src/module_0327.py src/module_0426.py src/module_0167.py src/module_0275.py src/module_0136.py src/module_0334.py src/module_0357.py src/module_0080.py src/module_0201.py src/module_0255.py src/module_0395.py src/module_0364.py src/module_0317.py src/module_0360.py src/module_0315.py src/module_0419.py
file_path,100,334,src/module_0334.py,v1,True,True,6,102,src/module_0364.py FAILED src/module_0327.py src/module_0334.py src/module_0419.py src/module_0315.py
file_path,100,334,src/module_0334.py,v2,True,True,6,114,src/module_0334.py src/module_0364.py src/module_0327.py src/module_0419.py src/module_0315.py src/module_0360.py
file_path,100,334,src/module_0334.py,oracle,True,True,1,19,src/module_0334.py
file_path,100,265,src/module_0265.py,user_only,False,False,0,0,
file_path,100,265,src/module_0265.py,naive,True,True,21,399,src/module_0268.py src/module_0172.py src/module_0262.py src/module_0258.py src/module_0367.py src/module_0354.py src/module_0078.py src/module_0140.py src/module_0201.py src/module_0376.py src/module_0265.py src/module_0362.py src/module_0397.py src/module_0369.py src/module_0197.py src/module_0185.py src/module_0394.py src/module_0400.py src/module_0413.py src/module_0178.py src/module_0385.py
file_path,100,265,src/module_0265.py,v1,True,True,6,102,src/module_0394.py FAILED src/module_0354.py src/module_0265.py src/module_0385.py src/module_0178.py
file_path,100,265,src/module_0265.py,v2,True,True,6,114,src/module_0265.py src/module_0394.py src/module_0354.py src/module_0385.py src/module_0178.py src/module_0413.py
file_path,100,265,src/module_0265.py,oracle,True,True,1,19,src/module_0265.py
file_path,100,343,src/module_0343.py,user_only,False,False,0,0,
file_path,100,343,src/module_0343.py,naive,True,True,21,399,src/module_0059.py src/module_0406.py src/module_0196.py src/module_0369.py src/module_0148.py src/module_0093.py src/module_0174.py src/module_0218.py src/module_0115.py src/module_0287.py src/module_0343.py src/module_0252.py src/module_0195.py src/module_0217.py src/module_0053.py src/module_0194.py src/module_0154.py src/module_0135.py src/module_0324.py src/module_0441.py src/module_0444.py
file_path,100,343,src/module_0343.py,v1,True,True,6,102,src/module_0154.py FAILED src/module_0093.py src/module_0343.py src/module_0444.py src/module_0441.py
file_path,100,343,src/module_0343.py,v2,True,True,6,114,src/module_0343.py src/module_0154.py src/module_0093.py src/module_0444.py src/module_0441.py src/module_0324.py
file_path,100,343,src/module_0343.py,oracle,True,True,1,19,src/module_0343.py
file_path,100,330,src/module_0330.py,user_only,False,False,0,0,
file_path,100,330,src/module_0330.py,naive,True,True,21,399,src/module_0246.py src/module_0255.py src/module_0089.py src/module_0313.py src/module_0209.py src/module_0328.py src/module_0421.py src/module_0310.py src/module_0323.py src/module_0307.py src/module_0330.py src/module_0227.py src/module_0111.py src/module_0172.py src/module_0320.py src/module_0098.py src/module_0088.py src/module_0056.py src/module_0327.py src/module_0264.py src/module_0358.py
file_path,100,330,src/module_0330.py,v1,True,True,6,102,src/module_0088.py FAILED src/module_0328.py src/module_0330.py src/module_0358.py src/module_0264.py
file_path,100,330,src/module_0330.py,v2,True,True,6,114,src/module_0330.py src/module_0088.py src/module_0328.py src/module_0358.py src/module_0264.py src/module_0327.py
file_path,100,330,src/module_0330.py,oracle,True,True,1,19,src/module_0330.py
file_path,100,424,src/module_0424.py,user_only,False,False,0,0,
file_path,100,424,src/module_0424.py,naive,True,True,21,399,src/module_0406.py src/module_0132.py src/module_0155.py src/module_0230.py src/module_0366.py src/module_0340.py src/module_0380.py src/module_0122.py src/module_0385.py src/module_0334.py src/module_0424.py src/module_0350.py src/module_0135.py src/module_0113.py src/module_0103.py src/module_0326.py src/module_0152.py src/module_0278.py src/module_0283.py src/module_0225.py src/module_0234.py
file_path,100,424,src/module_0424.py,v1,True,True,6,102,src/module_0152.py FAILED src/module_0340.py src/module_0424.py src/module_0234.py src/module_0225.py
file_path,100,424,src/module_0424.py,v2,True,True,6,114,src/module_0424.py src/module_0152.py src/module_0340.py src/module_0234.py src/module_0225.py src/module_0283.py
file_path,100,424,src/module_0424.py,oracle,True,True,1,19,src/module_0424.py
file_path,100,447,src/module_0447.py,user_only,False,False,0,0,
file_path,100,447,src/module_0447.py,naive,True,True,21,399,src/module_0127.py src/module_0310.py src/module_0358.py src/module_0128.py src/module_0400.py src/module_0407.py src/module_0236.py src/module_0376.py src/module_0084.py src/module_0204.py src/module_0447.py src/module_0299.py src/module_0175.py src/module_0130.py src/module_0383.py src/module_0288.py src/module_0162.py src/module_0129.py src/module_0050.py src/module_0361.py src/module_0273.py
file_path,100,447,src/module_0447.py,v1,True,True,6,102,src/module_0162.py FAILED src/module_0407.py src/module_0447.py src/module_0273.py src/module_0361.py
file_path,100,447,src/module_0447.py,v2,True,True,6,114,src/module_0447.py src/module_0162.py src/module_0407.py src/module_0273.py src/module_0361.py src/module_0050.py
file_path,100,447,src/module_0447.py,oracle,True,True,1,19,src/module_0447.py
file_path,100,443,src/module_0443.py,user_only,False,False,0,0,
file_path,100,443,src/module_0443.py,naive,True,True,21,399,src/module_0230.py src/module_0212.py src/module_0431.py src/module_0067.py src/module_0445.py src/module_0400.py src/module_0411.py src/module_0171.py src/module_0292.py src/module_0321.py src/module_0443.py src/module_0108.py src/module_0241.py src/module_0270.py src/module_0145.py src/module_0264.py src/module_0336.py src/module_0446.py src/module_0377.py src/module_0348.py src/module_0447.py
file_path,100,443,src/module_0443.py,v1,True,True,6,102,src/module_0336.py FAILED src/module_0400.py src/module_0443.py src/module_0447.py src/module_0348.py
file_path,100,443,src/module_0443.py,v2,True,True,6,114,src/module_0443.py src/module_0336.py src/module_0400.py src/module_0447.py src/module_0348.py src/module_0377.py
file_path,100,443,src/module_0443.py,oracle,True,True,1,19,src/module_0443.py
file_path,100,301,src/module_0301.py,user_only,False,False,0,0,
file_path,100,301,src/module_0301.py,naive,True,True,21,399,src/module_0362.py src/module_0104.py src/module_0387.py src/module_0234.py src/module_0449.py src/module_0402.py src/module_0283.py src/module_0398.py src/module_0274.py src/module_0163.py src/module_0301.py src/module_0313.py src/module_0278.py src/module_0135.py src/module_0075.py src/module_0394.py src/module_0295.py src/module_0269.py src/module_0111.py src/module_0358.py src/module_0367.py
file_path,100,301,src/module_0301.py,v1,True,True,6,102,src/module_0295.py FAILED src/module_0402.py src/module_0301.py src/module_0367.py src/module_0358.py
file_path,100,301,src/module_0301.py,v2,True,True,6,114,src/module_0301.py src/module_0295.py src/module_0402.py src/module_0367.py src/module_0358.py src/module_0111.py
file_path,100,301,src/module_0301.py,oracle,True,True,1,19,src/module_0301.py
file_path,100,434,src/module_0434.py,user_only,False,False,0,0,
file_path,100,434,src/module_0434.py,naive,True,True,21,399,src/module_0180.py src/module_0249.py src/module_0278.py src/module_0194.py src/module_0162.py src/module_0258.py src/module_0340.py src/module_0172.py src/module_0072.py src/module_0178.py src/module_0434.py src/module_0428.py src/module_0446.py src/module_0322.py src/module_0208.py src/module_0124.py src/module_0137.py src/module_0155.py src/module_0126.py src/module_0075.py src/module_0226.py
file_path,100,434,src/module_0434.py,v1,True,True,6,102,src/module_0137.py FAILED src/module_0258.py src/module_0434.py src/module_0226.py src/module_0075.py
file_path,100,434,src/module_0434.py,v2,True,True,6,114,src/module_0434.py src/module_0137.py src/module_0258.py src/module_0226.py src/module_0075.py src/module_0126.py
file_path,100,434,src/module_0434.py,oracle,True,True,1,19,src/module_0434.py
file_path,100,445,src/module_0445.py,user_only,False,False,0,0,
file_path,100,445,src/module_0445.py,naive,True,True,21,399,src/module_0365.py src/module_0435.py src/module_0133.py src/module_0093.py src/module_0301.py src/module_0218.py src/module_0326.py src/module_0155.py src/module_0432.py src/module_0198.py src/module_0445.py src/module_0170.py src/module_0066.py src/module_0106.py src/module_0158.py src/module_0178.py src/module_0285.py src/module_0303.py src/module_0227.py src/module_0149.py src/module_0080.py
file_path,100,445,src/module_0445.py,v1,True,True,6,102,src/module_0285.py FAILED src/module_0218.py src/module_0445.py src/module_0080.py src/module_0149.py
file_path,100,445,src/module_0445.py,v2,True,True,6,114,src/module_0445.py src/module_0285.py src/module_0218.py src/module_0080.py src/module_0149.py src/module_0227.py
file_path,100,445,src/module_0445.py,oracle,True,True,1,19,src/module_0445.py
file_path,100,350,src/module_0350.py,user_only,False,False,0,0,
file_path,100,350,src/module_0350.py,naive,True,True,21,399,src/module_0067.py src/module_0404.py src/module_0120.py src/module_0369.py src/module_0206.py src/module_0246.py src/module_0306.py src/module_0383.py src/module_0410.py src/module_0220.py src/module_0350.py src/module_0068.py src/module_0418.py src/module_0278.py src/module_0411.py src/module_0079.py src/module_0141.py src/module_0297.py src/module_0076.py src/module_0095.py src/module_0344.py
file_path,100,350,src/module_0350.py,v1,True,True,6,102,src/module_0141.py FAILED src/module_0246.py src/module_0350.py src/module_0344.py src/module_0095.py
file_path,100,350,src/module_0350.py,v2,True,True,6,114,src/module_0350.py src/module_0141.py src/module_0246.py src/module_0344.py src/module_0095.py src/module_0076.py
file_path,100,350,src/module_0350.py,oracle,True,True,1,19,src/module_0350.py
file_path,100,275,src/module_0275.py,user_only,False,False,0,0,
file_path,100,275,src/module_0275.py,naive,True,True,21,399,src/module_0304.py src/module_0159.py src/module_0149.py src/module_0300.py src/module_0448.py src/module_0268.py src/module_0363.py src/module_0127.py src/module_0391.py src/module_0379.py src/module_0275.py src/module_0359.py src/module_0220.py src/module_0193.py src/module_0081.py src/module_0062.py src/module_0293.py src/module_0286.py src/module_0138.py src/module_0088.py src/module_0084.py
file_path,100,275,src/module_0275.py,v1,True,True,6,102,src/module_0293.py FAILED src/module_0268.py src/module_0275.py src/module_0084.py src/module_0088.py
file_path,100,275,src/module_0275.py,v2,True,True,6,114,src/module_0275.py src/module_0293.py src/module_0268.py src/module_0084.py src/module_0088.py src/module_0138.py
file_path,100,275,src/module_0275.py,oracle,True,True,1,19,src/module_0275.py
file_path,100,172,src/module_0172.py,user_only,False,False,0,0,
file_path,100,172,src/module_0172.py,naive,True,True,21,399,src/module_0341.py src/module_0096.py src/module_0415.py src/module_0400.py src/module_0322.py src/module_0348.py src/module_0344.py src/module_0236.py src/module_0377.py src/module_0157.py src/module_0172.py src/module_0164.py src/module_0212.py src/module_0195.py src/module_0385.py src/module_0140.py src/module_0423.py src/module_0110.py src/module_0413.py src/module_0434.py src/module_0414.py
file_path,100,172,src/module_0172.py,v1,True,True,6,102,src/module_0423.py FAILED src/module_0348.py src/module_0172.py src/module_0414.py src/module_0434.py
file_path,100,172,src/module_0172.py,v2,True,True,6,114,src/module_0172.py src/module_0423.py src/module_0348.py src/module_0414.py src/module_0434.py src/module_0413.py
file_path,100,172,src/module_0172.py,oracle,True,True,1,19,src/module_0172.py
file_path,100,51,src/module_0051.py,user_only,True,False,0,0,
file_path,100,51,src/module_0051.py,naive,True,True,21,399,src/module_0177.py src/module_0357.py src/module_0408.py src/module_0286.py src/module_0440.py src/module_0319.py src/module_0188.py src/module_0149.py src/module_0223.py src/module_0368.py src/module_0051.py src/module_0189.py src/module_0194.py src/module_0197.py src/module_0217.py src/module_0131.py src/module_0279.py src/module_0288.py src/module_0403.py src/module_0061.py src/module_0290.py
file_path,100,51,src/module_0051.py,v1,True,True,6,102,src/module_0279.py FAILED src/module_0319.py src/module_0051.py src/module_0290.py src/module_0061.py
file_path,100,51,src/module_0051.py,v2,True,True,6,114,src/module_0051.py src/module_0279.py src/module_0319.py src/module_0290.py src/module_0061.py src/module_0403.py
file_path,100,51,src/module_0051.py,oracle,True,True,1,19,src/module_0051.py
file_path,100,364,src/module_0364.py,user_only,False,False,0,0,
file_path,100,364,src/module_0364.py,naive,True,True,21,399,src/module_0080.py src/module_0362.py src/module_0182.py src/module_0066.py src/module_0308.py src/module_0396.py src/module_0397.py src/module_0376.py src/module_0159.py src/module_0361.py src/module_0364.py src/module_0148.py src/module_0446.py src/module_0102.py src/module_0415.py src/module_0323.py src/module_0448.py src/module_0443.py src/module_0289.py src/module_0324.py src/module_0165.py
file_path,100,364,src/module_0364.py,v1,True,True,6,102,src/module_0448.py FAILED src/module_0396.py src/module_0364.py src/module_0165.py src/module_0324.py
file_path,100,364,src/module_0364.py,v2,True,True,6,114,src/module_0364.py src/module_0448.py src/module_0396.py src/module_0165.py src/module_0324.py src/module_0289.py
file_path,100,364,src/module_0364.py,oracle,True,True,1,19,src/module_0364.py
file_path,100,91,src/module_0091.py,user_only,True,False,0,0,
file_path,100,91,src/module_0091.py,naive,True,True,21,399,src/module_0226.py src/module_0167.py src/module_0448.py src/module_0356.py src/module_0185.py src/module_0050.py src/module_0223.py src/module_0237.py src/module_0108.py src/module_0449.py src/module_0091.py src/module_0374.py src/module_0131.py src/module_0377.py src/module_0137.py src/module_0181.py src/module_0166.py src/module_0307.py src/module_0450.py src/module_0436.py src/module_0362.py
file_path,100,91,src/module_0091.py,v1,True,True,6,102,src/module_0166.py FAILED src/module_0050.py src/module_0091.py src/module_0362.py src/module_0436.py
file_path,100,91,src/module_0091.py,v2,True,True,6,114,src/module_0091.py src/module_0166.py src/module_0050.py src/module_0362.py src/module_0436.py src/module_0450.py
file_path,100,91,src/module_0091.py,oracle,True,True,1,19,src/module_0091.py
file_path,100,106,src/module_0106.py,user_only,False,False,0,0,
file_path,100,106,src/module_0106.py,naive,True,True,21,399,src/module_0188.py src/module_0434.py src/module_0398.py src/module_0212.py src/module_0305.py src/module_0368.py src/module_0112.py src/module_0222.py src/module_0334.py src/module_0279.py src/module_0106.py src/module_0115.py src/module_0332.py src/module_0262.py src/module_0406.py src/module_0207.py src/module_0063.py src/module_0205.py src/module_0374.py src/module_0317.py src/module_0250.py
file_path,100,106,src/module_0106.py,v1,True,True,6,102,src/module_0063.py FAILED src/module_0368.py src/module_0106.py src/module_0250.py src/module_0317.py
file_path,100,106,src/module_0106.py,v2,True,True,6,114,src/module_0106.py src/module_0063.py src/module_0368.py src/module_0250.py src/module_0317.py src/module_0374.py
file_path,100,106,src/module_0106.py,oracle,True,True,1,19,src/module_0106.py
file_path,100,197,src/module_0197.py,user_only,False,False,0,0,
file_path,100,197,src/module_0197.py,naive,True,True,21,399,src/module_0411.py src/module_0223.py src/module_0203.py src/module_0398.py src/module_0373.py src/module_0277.py src/module_0117.py src/module_0055.py src/module_0326.py src/module_0428.py src/module_0197.py src/module_0291.py src/module_0268.py src/module_0261.py src/module_0337.py src/module_0254.py src/module_0214.py src/module_0071.py src/module_0323.py src/module_0269.py src/module_0394.py
file_path,100,197,src/module_0197.py,v1,True,True,6,102,src/module_0214.py FAILED src/module_0277.py src/module_0197.py src/module_0394.py src/module_0269.py
file_path,100,197,src/module_0197.py,v2,True,True,6,114,src/module_0197.py src/module_0214.py src/module_0277.py src/module_0394.py src/module_0269.py src/module_0323.py
file_path,100,197,src/module_0197.py,oracle,True,True,1,19,src/module_0197.py
file_path,100,100,src/module_0100.py,user_only,False,False,0,0,
file_path,100,100,src/module_0100.py,naive,True,True,21,399,src/module_0070.py src/module_0068.py src/module_0271.py src/module_0334.py src/module_0257.py src/module_0157.py src/module_0067.py src/module_0111.py src/module_0152.py src/module_0201.py src/module_0100.py src/module_0162.py src/module_0449.py src/module_0232.py src/module_0390.py src/module_0204.py src/module_0440.py src/module_0224.py src/module_0269.py src/module_0381.py src/module_0300.py
file_path,100,100,src/module_0100.py,v1,True,True,6,102,src/module_0440.py FAILED src/module_0157.py src/module_0100.py src/module_0300.py src/module_0381.py
file_path,100,100,src/module_0100.py,v2,True,True,6,114,src/module_0100.py src/module_0440.py src/module_0157.py src/module_0300.py src/module_0381.py src/module_0269.py
file_path,100,100,src/module_0100.py,oracle,True,True,1,19,src/module_0100.py
file_path,100,280,src/module_0280.py,user_only,False,False,0,0,
file_path,100,280,src/module_0280.py,naive,True,True,21,399,src/module_0134.py src/module_0441.py src/module_0259.py src/module_0417.py src/module_0444.py src/module_0337.py src/module_0375.py src/module_0332.py src/module_0381.py src/module_0431.py src/module_0280.py src/module_0090.py src/module_0305.py src/module_0079.py src/module_0171.py src/module_0271.py src/module_0267.py src/module_0433.py src/module_0094.py src/module_0144.py src/module_0448.py
file_path,100,280,src/module_0280.py,v1,True,True,6,102,src/module_0267.py FAILED src/module_0337.py src/module_0280.py src/module_0448.py src/module_0144.py
file_path,100,280,src/module_0280.py,v2,True,True,6,114,src/module_0280.py src/module_0267.py src/module_0337.py src/module_0448.py src/module_0144.py src/module_0094.py
file_path,100,280,src/module_0280.py,oracle,True,True,1,19,src/module_0280.py
file_path,100,55,src/module_0055.py,user_only,True,False,0,0,
file_path,100,55,src/module_0055.py,naive,True,True,21,399,src/module_0167.py src/module_0333.py src/module_0396.py src/module_0153.py src/module_0350.py src/module_0390.py src/module_0110.py src/module_0052.py src/module_0249.py src/module_0179.py src/module_0055.py src/module_0170.py src/module_0097.py src/module_0166.py src/module_0444.py src/module_0141.py src/module_0357.py src/module_0147.py src/module_0330.py src/module_0436.py src/module_0303.py
file_path,100,55,src/module_0055.py,v1,True,True,6,102,src/module_0357.py FAILED src/module_0390.py src/module_0055.py src/module_0303.py src/module_0436.py
file_path,100,55,src/module_0055.py,v2,True,True,6,114,src/module_0055.py src/module_0357.py src/module_0390.py src/module_0303.py src/module_0436.py src/module_0330.py
file_path,100,55,src/module_0055.py,oracle,True,True,1,19,src/module_0055.py
file_path,100,400,src/module_0400.py,user_only,False,False,0,0,
file_path,100,400,src/module_0400.py,naive,True,True,21,399,src/module_0065.py src/module_0178.py src/module_0447.py src/module_0387.py src/module_0335.py src/module_0146.py src/module_0362.py src/module_0302.py src/module_0059.py src/module_0346.py src/module_0400.py src/module_0154.py src/module_0290.py src/module_0184.py src/module_0355.py src/module_0268.py src/module_0107.py src/module_0348.py src/module_0341.py src/module_0230.py src/module_0366.py
file_path,100,400,src/module_0400.py,v1,True,True,6,102,src/module_0107.py FAILED src/module_0146.py src/module_0400.py src/module_0366.py src/module_0230.py
file_path,100,400,src/module_0400.py,v2,True,True,6,114,src/module_0400.py src/module_0107.py src/module_0146.py src/module_0366.py src/module_0230.py src/module_0341.py
file_path,100,400,src/module_0400.py,oracle,True,True,1,19,src/module_0400.py
file_path,100,397,src/module_0397.py,user_only,False,False,0,0,
file_path,100,397,src/module_0397.py,naive,True,True,21,399,src/module_0168.py src/module_0091.py src/module_0415.py src/module_0058.py src/module_0268.py src/module_0201.py src/module_0204.py src/module_0141.py src/module_0234.py src/module_0075.py src/module_0397.py src/module_0273.py src/module_0115.py src/module_0275.py src/module_0230.py src/module_0322.py src/module_0131.py src/module_0092.py src/module_0357.py src/module_0090.py src/module_0064.py
file_path,100,397,src/module_0397.py,v1,True,True,6,102,src/module_0131.py FAILED src/module_0201.py src/module_0397.py src/module_0064.py src/module_0090.py
file_path,100,397,src/module_0397.py,v2,True,True,6,114,src/module_0397.py src/module_0131.py src/module_0201.py src/module_0064.py src/module_0090.py src/module_0357.py
file_path,100,397,src/module_0397.py,oracle,True,True,1,19,src/module_0397.py
file_path,100,210,src/module_0210.py,user_only,False,False,0,0,
file_path,100,210,src/module_0210.py,naive,True,True,21,399,src/module_0078.py src/module_0179.py src/module_0447.py src/module_0407.py src/module_0255.py src/module_0275.py src/module_0327.py src/module_0288.py src/module_0094.py src/module_0073.py src/module_0210.py src/module_0341.py src/module_0167.py src/module_0199.py src/module_0279.py src/module_0250.py src/module_0325.py src/module_0088.py src/module_0058.py src/module_0113.py src/module_0294.py
file_path,100,210,src/module_0210.py,v1,True,True,6,102,src/module_0325.py FAILED src/module_0275.py src/module_0210.py src/module_0294.py src/module_0113.py
file_path,100,210,src/module_0210.py,v2,True,True,6,114,src/module_0210.py src/module_0325.py src/module_0275.py src/module_0294.py src/module_0113.py src/module_0058.py
file_path,100,210,src/module_0210.py,oracle,True,True,1,19,src/module_0210.py
file_path,100,157,src/module_0157.py,user_only,False,False,0,0,
file_path,100,157,src/module_0157.py,naive,True,True,21,399,src/module_0395.py src/module_0058.py src/module_0056.py src/module_0085.py src/module_0448.py src/module_0381.py src/module_0412.py src/module_0178.py src/module_0170.py src/module_0149.py src/module_0157.py src/module_0086.py src/module_0216.py src/module_0273.py src/module_0156.py src/module_0148.py src/module_0320.py src/module_0128.py src/module_0242.py src/module_0054.py src/module_0070.py
file_path,100,157,src/module_0157.py,v1,True,True,6,102,src/module_0320.py FAILED src/module_0381.py src/module_0157.py src/module_0070.py src/module_0054.py
file_path,100,157,src/module_0157.py,v2,True,True,6,114,src/module_0157.py src/module_0320.py src/module_0381.py src/module_0070.py src/module_0054.py src/module_0242.py
file_path,100,157,src/module_0157.py,oracle,True,True,1,19,src/module_0157.py
file_path,100,253,src/module_0253.py,user_only,False,False,0,0,
file_path,100,253,src/module_0253.py,naive,True,True,21,399,src/module_0082.py src/module_0055.py src/module_0052.py src/module_0312.py src/module_0123.py src/module_0418.py src/module_0097.py src/module_0332.py src/module_0174.py src/module_0395.py src/module_0253.py src/module_0194.py src/module_0323.py src/module_0447.py src/module_0064.py src/module_0191.py src/module_0223.py src/module_0176.py src/module_0192.py src/module_0371.py src/module_0098.py
file_path,100,253,src/module_0253.py,v1,True,True,6,102,src/module_0223.py FAILED src/module_0418.py src/module_0253.py src/module_0098.py src/module_0371.py
file_path,100,253,src/module_0253.py,v2,True,True,6,114,src/module_0253.py src/module_0223.py src/module_0418.py src/module_0098.py src/module_0371.py src/module_0192.py
file_path,100,253,src/module_0253.py,oracle,True,True,1,19,src/module_0253.py
file_path,100,178,src/module_0178.py,user_only,False,False,0,0,
file_path,100,178,src/module_0178.py,naive,True,True,21,399,src/module_0409.py src/module_0331.py src/module_0177.py src/module_0070.py src/module_0184.py src/module_0075.py src/module_0098.py src/module_0268.py src/module_0193.py src/module_0145.py src/module_0178.py src/module_0344.py src/module_0357.py src/module_0154.py src/module_0410.py src/module_0324.py src/module_0258.py src/module_0191.py src/module_0089.py src/module_0175.py src/module_0282.py
file_path,100,178,src/module_0178.py,v1,True,True,6,102,src/module_0258.py FAILED src/module_0075.py src/module_0178.py src/module_0282.py src/module_0175.py
file_path,100,178,src/module_0178.py,v2,True,True,6,114,src/module_0178.py src/module_0258.py src/module_0075.py src/module_0282.py src/module_0175.py src/module_0089.py
file_path,100,178,src/module_0178.py,oracle,True,True,1,19,src/module_0178.py
file_path,100,228,src/module_0228.py,user_only,False,False,0,0,
file_path,100,228,src/module_0228.py,naive,True,True,21,399,src/module_0304.py src/module_0254.py src/module_0448.py src/module_0296.py src/module_0312.py src/module_0243.py src/module_0204.py src/module_0094.py src/module_0134.py src/module_0409.py src/module_0228.py src/module_0300.py src/module_0412.py src/module_0346.py src/module_0359.py src/module_0421.py src/module_0396.py src/module_0433.py src/module_0331.py src/module_0058.py src/module_0117.py
file_path,100,228,src/module_0228.py,v1,True,True,6,102,src/module_0396.py FAILED src/module_0243.py src/module_0228.py src/module_0117.py src/module_0058.py
file_path,100,228,src/module_0228.py,v2,True,True,6,114,src/module_0228.py src/module_0396.py src/module_0243.py src/module_0117.py src/module_0058.py src/module_0331.py
file_path,100,228,src/module_0228.py,oracle,True,True,1,19,src/module_0228.py
file_path,100,232,src/module_0232.py,user_only,False,False,0,0,
file_path,100,232,src/module_0232.py,naive,True,True,21,399,src/module_0341.py src/module_0273.py src/module_0124.py src/module_0293.py src/module_0251.py src/module_0084.py src/module_0096.py src/module_0379.py src/module_0065.py src/module_0205.py src/module_0232.py src/module_0156.py src/module_0231.py src/module_0414.py src/module_0337.py src/module_0367.py src/module_0054.py src/module_0411.py src/module_0296.py src/module_0052.py src/module_0409.py
file_path,100,232,src/module_0232.py,v1,True,True,6,102,src/module_0054.py FAILED src/module_0084.py src/module_0232.py src/module_0409.py src/module_0052.py
file_path,100,232,src/module_0232.py,v2,True,True,6,114,src/module_0232.py src/module_0054.py src/module_0084.py src/module_0409.py src/module_0052.py src/module_0296.py
file_path,100,232,src/module_0232.py,oracle,True,True,1,19,src/module_0232.py
file_path,100,242,src/module_0242.py,user_only,False,False,0,0,
file_path,100,242,src/module_0242.py,naive,True,True,21,399,src/module_0207.py src/module_0257.py src/module_0147.py src/module_0141.py src/module_0104.py src/module_0351.py src/module_0077.py src/module_0183.py src/module_0240.py src/module_0426.py src/module_0242.py src/module_0182.py src/module_0119.py src/module_0190.py src/module_0423.py src/module_0407.py src/module_0085.py src/module_0318.py src/module_0165.py src/module_0437.py src/module_0270.py
file_path,100,242,src/module_0242.py,v1,True,True,6,102,src/module_0085.py FAILED src/module_0351.py src/module_0242.py src/module_0270.py src/module_0437.py
file_path,100,242,src/module_0242.py,v2,True,True,6,114,src/module_0242.py src/module_0085.py src/module_0351.py src/module_0270.py src/module_0437.py src/module_0165.py
file_path,100,242,src/module_0242.py,oracle,True,True,1,19,src/module_0242.py
file_path,100,431,src/module_0431.py,user_only,False,False,0,0,
file_path,100,431,src/module_0431.py,naive,True,True,21,399,src/module_0203.py src/module_0106.py src/module_0180.py src/module_0050.py src/module_0112.py src/module_0225.py src/module_0289.py src/module_0205.py src/module_0333.py src/module_0193.py src/module_0431.py src/module_0448.py src/module_0366.py src/module_0327.py src/module_0416.py src/module_0053.py src/module_0261.py src/module_0394.py src/module_0178.py src/module_0263.py src/module_0311.py
file_path,100,431,src/module_0431.py,v1,True,True,6,102,src/module_0261.py FAILED src/module_0225.py src/module_0431.py src/module_0311.py src/module_0263.py
file_path,100,431,src/module_0431.py,v2,True,True,6,114,src/module_0431.py src/module_0261.py src/module_0225.py src/module_0311.py src/module_0263.py src/module_0178.py
file_path,100,431,src/module_0431.py,oracle,True,True,1,19,src/module_0431.py
file_path,100,376,src/module_0376.py,user_only,False,False,0,0,
file_path,100,376,src/module_0376.py,naive,True,True,21,399,src/module_0250.py src/module_0406.py src/module_0106.py src/module_0222.py src/module_0393.py src/module_0134.py src/module_0396.py src/module_0195.py src/module_0091.py src/module_0336.py src/module_0376.py src/module_0301.py src/module_0203.py src/module_0262.py src/module_0204.py src/module_0364.py src/module_0148.py src/module_0361.py src/module_0090.py src/module_0386.py src/module_0232.py
file_path,100,376,src/module_0376.py,v1,True,True,6,102,src/module_0148.py FAILED src/module_0134.py src/module_0376.py src/module_0232.py src/module_0386.py
file_path,100,376,src/module_0376.py,v2,True,True,6,114,src/module_0376.py src/module_0148.py src/module_0134.py src/module_0232.py src/module_0386.py src/module_0090.py
file_path,100,376,src/module_0376.py,oracle,True,True,1,19,src/module_0376.py
file_path,100,89,src/module_0089.py,user_only,True,False,0,0,
file_path,100,89,src/module_0089.py,naive,True,True,21,399,src/module_0365.py src/module_0059.py src/module_0387.py src/module_0363.py src/module_0442.py src/module_0436.py src/module_0350.py src/module_0223.py src/module_0416.py src/module_0411.py src/module_0089.py src/module_0298.py src/module_0339.py src/module_0180.py src/module_0256.py src/module_0304.py src/module_0165.py src/module_0192.py src/module_0421.py src/module_0129.py src/module_0432.py
file_path,100,89,src/module_0089.py,v1,True,True,6,102,src/module_0165.py FAILED src/module_0436.py src/module_0089.py src/module_0432.py src/module_0129.py
file_path,100,89,src/module_0089.py,v2,True,True,6,114,src/module_0089.py src/module_0165.py src/module_0436.py src/module_0432.py src/module_0129.py src/module_0421.py
file_path,100,89,src/module_0089.py,oracle,True,True,1,19,src/module_0089.py
file_path,100,420,src/module_0420.py,user_only,False,False,0,0,
file_path,100,420,src/module_0420.py,naive,True,True,21,399,src/module_0450.py src/module_0154.py src/module_0342.py src/module_0304.py src/module_0309.py src/module_0139.py src/module_0218.py src/module_0094.py src/module_0408.py src/module_0296.py src/module_0420.py src/module_0112.py src/module_0123.py src/module_0286.py src/module_0177.py src/module_0081.py src/module_0330.py src/module_0080.py src/module_0253.py src/module_0258.py src/module_0355.py
file_path,100,420,src/module_0420.py,v1,True,True,6,102,src/module_0330.py FAILED src/module_0139.py src/module_0420.py src/module_0355.py src/module_0258.py
file_path,100,420,src/module_0420.py,v2,True,True,6,114,src/module_0420.py src/module_0330.py src/module_0139.py src/module_0355.py src/module_0258.py src/module_0253.py
file_path,100,420,src/module_0420.py,oracle,True,True,1,19,src/module_0420.py
file_path,100,224,src/module_0224.py,user_only,False,False,0,0,
file_path,100,224,src/module_0224.py,naive,True,True,21,399,src/module_0125.py src/module_0296.py src/module_0397.py src/module_0308.py src/module_0368.py src/module_0077.py src/module_0073.py src/module_0108.py src/module_0392.py src/module_0183.py src/module_0224.py src/module_0375.py src/module_0197.py src/module_0198.py src/module_0332.py src/module_0314.py src/module_0401.py src/module_0101.py src/module_0139.py src/module_0331.py src/module_0094.py
file_path,100,224,src/module_0224.py,v1,True,True,6,102,src/module_0401.py FAILED src/module_0077.py src/module_0224.py src/module_0094.py src/module_0331.py
file_path,100,224,src/module_0224.py,v2,True,True,6,114,src/module_0224.py src/module_0401.py src/module_0077.py src/module_0094.py src/module_0331.py src/module_0139.py
file_path,100,224,src/module_0224.py,oracle,True,True,1,19,src/module_0224.py
file_path,100,95,src/module_0095.py,user_only,True,False,0,0,
file_path,100,95,src/module_0095.py,naive,True,True,21,399,src/module_0163.py src/module_0244.py src/module_0422.py src/module_0071.py src/module_0296.py src/module_0410.py src/module_0388.py src/module_0371.py src/module_0182.py src/module_0298.py src/module_0095.py src/module_0069.py src/module_0223.py src/module_0123.py src/module_0316.py src/module_0117.py src/module_0079.py src/module_0301.py src/module_0206.py src/module_0383.py src/module_0433.py
file_path,100,95,src/module_0095.py,v1,True,True,6,102,src/module_0079.py FAILED src/module_0410.py src/module_0095.py src/module_0433.py src/module_0383.py
file_path,100,95,src/module_0095.py,v2,True,True,6,114,src/module_0095.py src/module_0079.py src/module_0410.py src/module_0433.py src/module_0383.py src/module_0206.py
file_path,100,95,src/module_0095.py,oracle,True,True,1,19,src/module_0095.py
file_path,100,335,src/module_0335.py,user_only,False,False,0,0,
file_path,100,335,src/module_0335.py,naive,True,True,21,399,src/module_0190.py src/module_0124.py src/module_0127.py src/module_0120.py src/module_0182.py src/module_0362.py src/module_0067.py src/module_0138.py src/module_0083.py src/module_0324.py src/module_0335.py src/module_0380.py src/module_0384.py src/module_0144.py src/module_0355.py src/module_0316.py src/module_0200.py src/module_0259.py src/module_0103.py src/module_0289.py src/module_0352.py
file_path,100,335,src/module_0335.py,v1,True,True,6,102,src/module_0200.py FAILED src/module_0362.py src/module_0335.py src/module_0352.py src/module_0289.py
file_path,100,335,src/module_0335.py,v2,True,True,6,114,src/module_0335.py src/module_0200.py src/module_0362.py src/module_0352.py src/module_0289.py src/module_0103.py
file_path,100,335,src/module_0335.py,oracle,True,True,1,19,src/module_0335.py
file_path,100,325,src/module_0325.py,user_only,False,False,0,0,
file_path,100,325,src/module_0325.py,naive,True,True,21,399,src/module_0376.py src/module_0179.py src/module_0232.py src/module_0103.py src/module_0257.py src/module_0359.py src/module_0305.py src/module_0218.py src/module_0321.py src/module_0446.py src/module_0325.py src/module_0340.py src/module_0419.py src/module_0174.py src/module_0301.py src/module_0382.py src/module_0082.py src/module_0157.py src/module_0254.py src/module_0085.py src/module_0333.py
file_path,100,325,src/module_0325.py,v1,True,True,6,102,src/module_0082.py FAILED src/module_0359.py src/module_0325.py src/module_0333.py src/module_0085.py
file_path,100,325,src/module_0325.py,v2,True,True,6,114,src/module_0325.py src/module_0082.py src/module_0359.py src/module_0333.py src/module_0085.py src/module_0254.py
file_path,100,325,src/module_0325.py,oracle,True,True,1,19,src/module_0325.py
file_path,100,199,src/module_0199.py,user_only,False,False,0,0,
file_path,100,199,src/module_0199.py,naive,True,True,21,399,src/module_0198.py src/module_0118.py src/module_0142.py src/module_0172.py src/module_0126.py src/module_0156.py src/module_0376.py src/module_0438.py src/module_0357.py src/module_0221.py src/module_0199.py src/module_0212.py src/module_0085.py src/module_0087.py src/module_0257.py src/module_0174.py src/module_0312.py src/module_0349.py src/module_0151.py src/module_0282.py src/module_0157.py
file_path,100,199,src/module_0199.py,v1,True,True,6,102,src/module_0312.py FAILED src/module_0156.py src/module_0199.py src/module_0157.py src/module_0282.py
file_path,100,199,src/module_0199.py,v2,True,True,6,114,src/module_0199.py src/module_0312.py src/module_0156.py src/module_0157.py src/module_0282.py src/module_0151.py
file_path,100,199,src/module_0199.py,oracle,True,True,1,19,src/module_0199.py
file_path,100,284,src/module_0284.py,user_only,False,False,0,0,
file_path,100,284,src/module_0284.py,naive,True,True,21,399,src/module_0380.py src/module_0377.py src/module_0092.py src/module_0260.py src/module_0310.py src/module_0430.py src/module_0156.py src/module_0115.py src/module_0264.py src/module_0408.py src/module_0284.py src/module_0416.py src/module_0360.py src/module_0077.py src/module_0415.py src/module_0423.py src/module_0113.py src/module_0300.py src/module_0125.py src/module_0152.py src/module_0215.py
file_path,100,284,src/module_0284.py,v1,True,True,6,102,src/module_0113.py FAILED src/module_0430.py src/module_0284.py src/module_0215.py src/module_0152.py
file_path,100,284,src/module_0284.py,v2,True,True,6,114,src/module_0284.py src/module_0113.py src/module_0430.py src/module_0215.py src/module_0152.py src/module_0125.py
file_path,100,284,src/module_0284.py,oracle,True,True,1,19,src/module_0284.py
file_path,100,122,src/module_0122.py,user_only,False,False,0,0,
file_path,100,122,src/module_0122.py,naive,True,True,21,399,src/module_0229.py src/module_0111.py src/module_0183.py src/module_0175.py src/module_0307.py src/module_0254.py src/module_0247.py src/module_0314.py src/module_0164.py src/module_0422.py src/module_0122.py src/module_0140.py src/module_0248.py src/module_0174.py src/module_0170.py src/module_0397.py src/module_0281.py src/module_0180.py src/module_0286.py src/module_0102.py src/module_0332.py
file_path,100,122,src/module_0122.py,v1,True,True,6,102,src/module_0281.py FAILED src/module_0254.py src/module_0122.py src/module_0332.py src/module_0102.py
file_path,100,122,src/module_0122.py,v2,True,True,6,114,src/module_0122.py src/module_0281.py src/module_0254.py src/module_0332.py src/module_0102.py src/module_0286.py
file_path,100,122,src/module_0122.py,oracle,True,True,1,19,src/module_0122.py
config_key,10,110,CONFIG_KEY_0110,user_only,False,False,0,0,
config_key,10,110,CONFIG_KEY_0110,naive,True,True,21,336,CONFIG_KEY_0432 CONFIG_KEY_0139 CONFIG_KEY_0203 CONFIG_KEY_0234 CONFIG_KEY_0131 CONFIG_KEY_0072 CONFIG_KEY_0306 CONFIG_KEY_0289 CONFIG_KEY_0278 CONFIG_KEY_0256 CONFIG_KEY_0110 CONFIG_KEY_0150 CONFIG_KEY_0373 CONFIG_KEY_0309 CONFIG_KEY_0344 CONFIG_KEY_0155 CONFIG_KEY_0251 CONFIG_KEY_0152 CONFIG_KEY_0231 CONFIG_KEY_0287 CONFIG_KEY_0408
config_key,10,110,CONFIG_KEY_0110,v1,True,True,6,87,CONFIG_KEY_0251 CONFIG_KEY_0072 FAILED CONFIG_KEY_0110 CONFIG_KEY_0408 CONFIG_KEY_0287
config_key,10,110,CONFIG_KEY_0110,v2,True,True,6,96,CONFIG_KEY_0110 CONFIG_KEY_0251 CONFIG_KEY_0072 CONFIG_KEY_0408 CONFIG_KEY_0287 CONFIG_KEY_0231
config_key,10,110,CONFIG_KEY_0110,oracle,True,True,1,16,CONFIG_KEY_0110
config_key,10,213,CONFIG_KEY_0213,user_only,False,False,0,0,
config_key,10,213,CONFIG_KEY_0213,naive,False,True,21,336,CONFIG_KEY_0065 CONFIG_KEY_0386 CONFIG_KEY_0211 CONFIG_KEY_0362 CONFIG_KEY_0302 CONFIG_KEY_0149 CONFIG_KEY_0335 CONFIG_KEY_0187 CONFIG_KEY_0107 CONFIG_KEY_0375 CONFIG_KEY_0213 CONFIG_KEY_0169 CONFIG_KEY_0162 CONFIG_KEY_0322 CONFIG_KEY_0223 CONFIG_KEY_0200 CONFIG_KEY_0068 CONFIG_KEY_0115 CONFIG_KEY_0373 CONFIG_KEY_0245 CONFIG_KEY_0333
config_key,10,213,CONFIG_KEY_0213,v1,True,True,6,87,CONFIG_KEY_0068 CONFIG_KEY_0149 FAILED CONFIG_KEY_0213 CONFIG_KEY_0333 CONFIG_KEY_0245
config_key,10,213,CONFIG_KEY_0213,v2,True,True,6,96,CONFIG_KEY_0213 CONFIG_KEY_0068 CONFIG_KEY_0149 CONFIG_KEY_0333 CONFIG_KEY_0245 CONFIG_KEY_0373
config_key,10,213,CONFIG_KEY_0213,oracle,True,True,1,16,CONFIG_KEY_0213
config_key,10,307,CONFIG_KEY_0307,user_only,False,False,0,0,
config_key,10,307,CONFIG_KEY_0307,naive,False,True,21,336,CONFIG_KEY_0219 CONFIG_KEY_0340 CONFIG_KEY_0063 CONFIG_KEY_0419 CONFIG_KEY_0227 CONFIG_KEY_0140 CONFIG_KEY_0413 CONFIG_KEY_0290 CONFIG_KEY_0249 CONFIG_KEY_0142 CONFIG_KEY_0307 CONFIG_KEY_0442 CONFIG_KEY_0263 CONFIG_KEY_0087 CONFIG_KEY_0285 CONFIG_KEY_0176 CONFIG_KEY_0203 CONFIG_KEY_0213 CONFIG_KEY_0323 CONFIG_KEY_0331 CONFIG_KEY_0068
config_key,10,307,CONFIG_KEY_0307,v1,True,True,6,87,CONFIG_KEY_0203 CONFIG_KEY_0140 FAILED CONFIG_KEY_0307 CONFIG_KEY_0068 CONFIG_KEY_0331
config_key,10,307,CONFIG_KEY_0307,v2,True,True,6,96,CONFIG_KEY_0307 CONFIG_KEY_0203 CONFIG_KEY_0140 CONFIG_KEY_0068 CONFIG_KEY_0331 CONFIG_KEY_0323
config_key,10,307,CONFIG_KEY_0307,oracle,True,True,1,16,CONFIG_KEY_0307
config_key,10,312,CONFIG_KEY_0312,user_only,False,False,0,0,
config_key,10,312,CONFIG_KEY_0312,naive,False,True,21,336,CONFIG_KEY_0420 CONFIG_KEY_0222 CONFIG_KEY_0428 CONFIG_KEY_0087 CONFIG_KEY_0239 CONFIG_KEY_0208 CONFIG_KEY_0198 CONFIG_KEY_0397 CONFIG_KEY_0340 CONFIG_KEY_0205 CONFIG_KEY_0312 CONFIG_KEY_0053 CONFIG_KEY_0138 CONFIG_KEY_0062 CONFIG_KEY_0091 CONFIG_KEY_0123 CONFIG_KEY_0254 CONFIG_KEY_0445 CONFIG_KEY_0318 CONFIG_KEY_0097 CONFIG_KEY_0088
config_key,10,312,CONFIG_KEY_0312,v1,True,True,6,87,CONFIG_KEY_0254 CONFIG_KEY_0208 FAILED CONFIG_KEY_0312 CONFIG_KEY_0088 CONFIG_KEY_0097
config_key,10,312,CONFIG_KEY_0312,v2,True,True,6,96,CONFIG_KEY_0312 CONFIG_KEY_0254 CONFIG_KEY_0208 CONFIG_KEY_0088 CONFIG_KEY_0097 CONFIG_KEY_0318
config_key,10,312,CONFIG_KEY_0312,oracle,True,True,1,16,CONFIG_KEY_0312
config_key,10,381,CONFIG_KEY_0381,user_only,False,False,0,0,
config_key,10,381,CONFIG_KEY_0381,naive,False,True,21,336,CONFIG_KEY_0313 CONFIG_KEY_0218 CONFIG_KEY_0154 CONFIG_KEY_0223 CONFIG_KEY_0404 CONFIG_KEY_0382 CONFIG_KEY_0413 CONFIG_KEY_0443 CONFIG_KEY_0402 CONFIG_KEY_0327 CONFIG_KEY_0381 CONFIG_KEY_0137 CONFIG_KEY_0226 CONFIG_KEY_0369 CONFIG_KEY_0415 CONFIG_KEY_0420 CONFIG_KEY_0124 CONFIG_KEY_0135 CONFIG_KEY_0350 CONFIG_KEY_0294 CONFIG_KEY_0219
config_key,10,381,CONFIG_KEY_0381,v1,True,True,6,87,CONFIG_KEY_0124 CONFIG_KEY_0382 FAILED CONFIG_KEY_0381 CONFIG_KEY_0219 CONFIG_KEY_0294
config_key,10,381,CONFIG_KEY_0381,v2,True,True,6,96,CONFIG_KEY_0381 CONFIG_KEY_0124 CONFIG_KEY_0382 CONFIG_KEY_0219 CONFIG_KEY_0294 CONFIG_KEY_0350
config_key,10,381,CONFIG_KEY_0381,oracle,True,True,1,16,CONFIG_KEY_0381
config_key,10,102,CONFIG_KEY_0102,user_only,False,False,0,0,
config_key,10,102,CONFIG_KEY_0102,naive,True,True,21,336,CONFIG_KEY_0070 CONFIG_KEY_0405 CONFIG_KEY_0337 CONFIG_KEY_0068 CONFIG_KEY_0143 CONFIG_KEY_0154 CONFIG_KEY_0262 CONFIG_KEY_0082 CONFIG_KEY_0092 CONFIG_KEY_0177 CONFIG_KEY_0102 CONFIG_KEY_0240 CONFIG_KEY_0430 CONFIG_KEY_0127 CONFIG_KEY_0174 CONFIG_KEY_0284 CONFIG_KEY_0221 CONFIG_KEY_0418 CONFIG_KEY_0151 CONFIG_KEY_0270 CONFIG_KEY_0125
config_key,10,102,CONFIG_KEY_0102,v1,True,True,6,87,CONFIG_KEY_0221 CONFIG_KEY_0154 FAILED CONFIG_KEY_0102 CONFIG_KEY_0125 CONFIG_KEY_0270
config_key,10,102,CONFIG_KEY_0102,v2,True,True,6,96,CONFIG_KEY_0102 CONFIG_KEY_0221 CONFIG_KEY_0154 CONFIG_KEY_0125 CONFIG_KEY_0270 CONFIG_KEY_0151
config_key,10,102,CONFIG_KEY_0102,oracle,True,True,1,16,CONFIG_KEY_0102
config_key,10,164,CONFIG_KEY_0164,user_only,False,False,0,0,
config_key,10,164,CONFIG_KEY_0164,naive,True,True,21,336,CONFIG_KEY_0151 CONFIG_KEY_0174 CONFIG_KEY_0376 CONFIG_KEY_0437 CONFIG_KEY_0295 CONFIG_KEY_0193 CONFIG_KEY_0128 CONFIG_KEY_0212 CONFIG_KEY_0144 CONFIG_KEY_0444 CONFIG_KEY_0164 CONFIG_KEY_0308 CONFIG_KEY_0441 CONFIG_KEY_0067 CONFIG_KEY_0130 CONFIG_KEY_0369 CONFIG_KEY_0102 CONFIG_KEY_0173 CONFIG_KEY_0250 CONFIG_KEY_0325 CONFIG_KEY_0078
config_key,10,164,CONFIG_KEY_0164,v1,True,True,6,87,CONFIG_KEY_0102 CONFIG_KEY_0193 FAILED CONFIG_KEY_0164 CONFIG_KEY_0078 CONFIG_KEY_0325
config_key,10,164,CONFIG_KEY_0164,v2,True,True,6,96,CONFIG_KEY_0164 CONFIG_KEY_0102 CONFIG_KEY_0193 CONFIG_KEY_0078 CONFIG_KEY_0325 CONFIG_KEY_0250
config_key,10,164,CONFIG_KEY_0164,oracle,True,True,1,16,CONFIG_KEY_0164
config_key,10,357,CONFIG_KEY_0357,user_only,False,False,0,0,
config_key,10,357,CONFIG_KEY_0357,naive,False,True,21,336,CONFIG_KEY_0434 CONFIG_KEY_0288 CONFIG_KEY_0205 CONFIG_KEY_0070 CONFIG_KEY_0136 CONFIG_KEY_0395 CONFIG_KEY_0170 CONFIG_KEY_0344 CONFIG_KEY_0392 CONFIG_KEY_0182 CONFIG_KEY_0357 CONFIG_KEY_0065 CONFIG_KEY_0088 CONFIG_KEY_0285 CONFIG_KEY_0294 CONFIG_KEY_0074 CONFIG_KEY_0251 CONFIG_KEY_0257 CONFIG_KEY_0446 CONFIG_KEY_0068 CONFIG_KEY_0431
config_key,10,357,CONFIG_KEY_0357,v1,True,True,6,87,CONFIG_KEY_0251 CONFIG_KEY_0395 FAILED CONFIG_KEY_0357 CONFIG_KEY_0431 CONFIG_KEY_0068
config_key,10,357,CONFIG_KEY_0357,v2,True,True,6,96,CONFIG_KEY_0357 CONFIG_KEY_0251 CONFIG_KEY_0395 CONFIG_KEY_0431 CONFIG_KEY_0068 CONFIG_KEY_0446
config_key,10,357,CONFIG_KEY_0357,oracle,True,True,1,16,CONFIG_KEY_0357
config_key,10,368,CONFIG_KEY_0368,user_only,False,False,0,0,
config_key,10,368,CONFIG_KEY_0368,naive,False,True,21,336,CONFIG_KEY_0340 CONFIG_KEY_0218 CONFIG_KEY_0106 CONFIG_KEY_0122 CONFIG_KEY_0219 CONFIG_KEY_0140 CONFIG_KEY_0428 CONFIG_KEY_0240 CONFIG_KEY_0254 CONFIG_KEY_0144 CONFIG_KEY_0368 CONFIG_KEY_0272 CONFIG_KEY_0134 CONFIG_KEY_0395 CONFIG_KEY_0327 CONFIG_KEY_0154 CONFIG_KEY_0391 CONFIG_KEY_0179 CONFIG_KEY_0165 CONFIG_KEY_0153 CONFIG_KEY_0074
config_key,10,368,CONFIG_KEY_0368,v1,True,True,6,87,CONFIG_KEY_0391 CONFIG_KEY_0140 FAILED CONFIG_KEY_0368 CONFIG_KEY_0074 CONFIG_KEY_0153
config_key,10,368,CONFIG_KEY_0368,v2,True,True,6,96,CONFIG_KEY_0368 CONFIG_KEY_0391 CONFIG_KEY_0140 CONFIG_KEY_0074 CONFIG_KEY_0153 CONFIG_KEY_0165
config_key,10,368,CONFIG_KEY_0368,oracle,True,True,1,16,CONFIG_KEY_0368
config_key,10,334,CONFIG_KEY_0334,user_only,False,False,0,0,
config_key,10,334,CONFIG_KEY_0334,naive,False,True,21,336,CONFIG_KEY_0407 CONFIG_KEY_0410 CONFIG_KEY_0298 CONFIG_KEY_0376 CONFIG_KEY_0351 CONFIG_KEY_0303 CONFIG_KEY_0174 CONFIG_KEY_0267 CONFIG_KEY_0384 CONFIG_KEY_0125 CONFIG_KEY_0334 CONFIG_KEY_0232 CONFIG_KEY_0055 CONFIG_KEY_0352 CONFIG_KEY_0105 CONFIG_KEY_0179 CONFIG_KEY_0131 CONFIG_KEY_0260 CONFIG_KEY_0430 CONFIG_KEY_0226 CONFIG_KEY_0288
config_key,10,334,CONFIG_KEY_0334,v1,True,True,6,87,CONFIG_KEY_0131 CONFIG_KEY_0303 FAILED CONFIG_KEY_0334 CONFIG_KEY_0288 CONFIG_KEY_0226
config_key,10,334,CONFIG_KEY_0334,v2,True,True,6,96,CONFIG_KEY_0334 CONFIG_KEY_0131 CONFIG_KEY_0303 CONFIG_KEY_0288 CONFIG_KEY_0226 CONFIG_KEY_0430
config_key,10,334,CONFIG_KEY_0334,oracle,True,True,1,16,CONFIG_KEY_0334
config_key,10,265,CONFIG_KEY_0265,user_only,False,False,0,0,
config_key,10,265,CONFIG_KEY_0265,naive,False,True,21,336,CONFIG_KEY_0263 CONFIG_KEY_0428 CONFIG_KEY_0445 CONFIG_KEY_0424 CONFIG_KEY_0154 CONFIG_KEY_0310 CONFIG_KEY_0248 CONFIG_KEY_0348 CONFIG_KEY_0276 CONFIG_KEY_0156 CONFIG_KEY_0265 CONFIG_KEY_0374 CONFIG_KEY_0434 CONFIG_KEY_0384 CONFIG_KEY_0329 CONFIG_KEY_0336 CONFIG_KEY_0442 CONFIG_KEY_0177 CONFIG_KEY_0086 CONFIG_KEY_0186 CONFIG_KEY_0161
config_key,10,265,CONFIG_KEY_0265,v1,True,True,6,87,CONFIG_KEY_0442 CONFIG_KEY_0310 FAILED CONFIG_KEY_0265 CONFIG_KEY_0161 CONFIG_KEY_0186
config_key,10,265,CONFIG_KEY_0265,v2,True,True,6,96,CONFIG_KEY_0265 CONFIG_KEY_0442 CONFIG_KEY_0310 CONFIG_KEY_0161 CONFIG_KEY_0186 CONFIG_KEY_0086
config_key,10,265,CONFIG_KEY_0265,oracle,True,True,1,16,CONFIG_KEY_0265
config_key,10,343,CONFIG_KEY_0343,user_only,False,False,0,0,
config_key,10,343,CONFIG_KEY_0343,naive,False,True,21,336,CONFIG_KEY_0325 CONFIG_KEY_0126 CONFIG_KEY_0152 CONFIG_KEY_0440 CONFIG_KEY_0053 CONFIG_KEY_0167 CONFIG_KEY_0305 CONFIG_KEY_0395 CONFIG_KEY_0259 CONFIG_KEY_0222 CONFIG_KEY_0343 CONFIG_KEY_0132 CONFIG_KEY_0202 CONFIG_KEY_0266 CONFIG_KEY_0144 CONFIG_KEY_0435 CONFIG_KEY_0103 CONFIG_KEY_0197 CONFIG_KEY_0241 CONFIG_KEY_0056 CONFIG_KEY_0093
config_key,10,343,CONFIG_KEY_0343,v1,True,True,6,87,CONFIG_KEY_0103 CONFIG_KEY_0167 FAILED CONFIG_KEY_0343 CONFIG_KEY_0093 CONFIG_KEY_0056
config_key,10,343,CONFIG_KEY_0343,v2,True,True,6,96,CONFIG_KEY_0343 CONFIG_KEY_0103 CONFIG_KEY_0167 CONFIG_KEY_0093 CONFIG_KEY_0056 CONFIG_KEY_0241
config_key,10,343,CONFIG_KEY_0343,oracle,True,True,1,16,CONFIG_KEY_0343
config_key,10,330,CONFIG_KEY_0330,user_only,False,False,0,0,
config_key,10,330,CONFIG_KEY_0330,naive,False,True,21,336,CONFIG_KEY_0433 CONFIG_KEY_0235 CONFIG_KEY_0416 CONFIG_KEY_0383 CONFIG_KEY_0411 CONFIG_KEY_0147 CONFIG_KEY_0050 CONFIG_KEY_0139 CONFIG_KEY_0435 CONFIG_KEY_0243 CONFIG_KEY_0330 CONFIG_KEY_0064 CONFIG_KEY_0268 CONFIG_KEY_0263 CONFIG_KEY_0093 CONFIG_KEY_0130 CONFIG_KEY_0080 CONFIG_KEY_0423 CONFIG_KEY_0248 CONFIG_KEY_0333 CONFIG_KEY_0412
config_key,10,330,CONFIG_KEY_0330,v1,True,True,6,87,CONFIG_KEY_0080 CONFIG_KEY_0147 FAILED CONFIG_KEY_0330 CONFIG_KEY_0412 CONFIG_KEY_0333
config_key,10,330,CONFIG_KEY_0330,v2,True,True,6,96,CONFIG_KEY_0330 CONFIG_KEY_0080 CONFIG_KEY_0147 CONFIG_KEY_0412 CONFIG_KEY_0333 CONFIG_KEY_0248
config_key,10,330,CONFIG_KEY_0330,oracle,True,True,1,16,CONFIG_KEY_0330
config_key,10,424,CONFIG_KEY_0424,user_only,False,False,0,0,
config_key,10,424,CONFIG_KEY_0424,naive,False,True,21,336,CONFIG_KEY_0156 CONFIG_KEY_0251 CONFIG_KEY_0402 CONFIG_KEY_0243 CONFIG_KEY_0332 CONFIG_KEY_0371 CONFIG_KEY_0062 CONFIG_KEY_0416 CONFIG_KEY_0429 CONFIG_KEY_0426 CONFIG_KEY_0424 CONFIG_KEY_0079 CONFIG_KEY_0228 CONFIG_KEY_0227 CONFIG_KEY_0221 CONFIG_KEY_0077 CONFIG_KEY_0158 CONFIG_KEY_0126 CONFIG_KEY_0053 CONFIG_KEY_0390 CONFIG_KEY_0151
config_key,10,424,CONFIG_KEY_0424,v1,True,True,6,87,CONFIG_KEY_0158 CONFIG_KEY_0371 FAILED CONFIG_KEY_0424 CONFIG_KEY_0151 CONFIG_KEY_0390
config_key,10,424,CONFIG_KEY_0424,v2,True,True,6,96,CONFIG_KEY_0424 CONFIG_KEY_0158 CONFIG_KEY_0371 CONFIG_KEY_0151 CONFIG_KEY_0390 CONFIG_KEY_0053
config_key,10,424,CONFIG_KEY_0424,oracle,True,True,1,16,CONFIG_KEY_0424
config_key,10,447,CONFIG_KEY_0447,user_only,False,False,0,0,
config_key,10,447,CONFIG_KEY_0447,naive,False,True,21,336,CONFIG_KEY_0403 CONFIG_KEY_0212 CONFIG_KEY_0086 CONFIG_KEY_0420 CONFIG_KEY_0449 CONFIG_KEY_0207 CONFIG_KEY_0133 CONFIG_KEY_0105 CONFIG_KEY_0443 CONFIG_KEY_0353 CONFIG_KEY_0447 CONFIG_KEY_0263 CONFIG_KEY_0241 CONFIG_KEY_0298 CONFIG_KEY_0058 CONFIG_KEY_0195 CONFIG_KEY_0239 CONFIG_KEY_0295 CONFIG_KEY_0415 CONFIG_KEY_0174 CONFIG_KEY_0401
config_key,10,447,CONFIG_KEY_0447,v1,True,True,6,87,CONFIG_KEY_0239 CONFIG_KEY_0207 FAILED CONFIG_KEY_0447 CONFIG_KEY_0401 CONFIG_KEY_0174
config_key,10,447,CONFIG_KEY_0447,v2,True,True,6,96,CONFIG_KEY_0447 CONFIG_KEY_0239 CONFIG_KEY_0207 CONFIG_KEY_0401 CONFIG_KEY_0174 CONFIG_KEY_0415
config_key,10,447,CONFIG_KEY_0447,oracle,True,True,1,16,CONFIG_KEY_0447
config_key,10,443,CONFIG_KEY_0443,user_only,False,False,0,0,
config_key,10,443,CONFIG_KEY_0443,naive,False,True,21,336,CONFIG_KEY_0358 CONFIG_KEY_0434 CONFIG_KEY_0244 CONFIG_KEY_0095 CONFIG_KEY_0189 CONFIG_KEY_0172 CONFIG_KEY_0316 CONFIG_KEY_0301 CONFIG_KEY_0327 CONFIG_KEY_0259 CONFIG_KEY_0443 CONFIG_KEY_0236 CONFIG_KEY_0103 CONFIG_KEY_0238 CONFIG_KEY_0222 CONFIG_KEY_0420 CONFIG_KEY_0105 CONFIG_KEY_0112 CONFIG_KEY_0053 CONFIG_KEY_0229 CONFIG_KEY_0204
config_key,10,443,CONFIG_KEY_0443,v1,True,True,6,87,CONFIG_KEY_0105 CONFIG_KEY_0172 FAILED CONFIG_KEY_0443 CONFIG_KEY_0204 CONFIG_KEY_0229
config_key,10,443,CONFIG_KEY_0443,v2,True,True,6,96,CONFIG_KEY_0443 CONFIG_KEY_0105 CONFIG_KEY_0172 CONFIG_KEY_0204 CONFIG_KEY_0229 CONFIG_KEY_0053
config_key,10,443,CONFIG_KEY_0443,oracle,True,True,1,16,CONFIG_KEY_0443
config_key,10,301,CONFIG_KEY_0301,user_only,False,False,0,0,
config_key,10,301,CONFIG_KEY_0301,naive,False,True,21,336,CONFIG_KEY_0127 CONFIG_KEY_0360 CONFIG_KEY_0089 CONFIG_KEY_0288 CONFIG_KEY_0200 CONFIG_KEY_0381 CONFIG_KEY_0436 CONFIG_KEY_0167 CONFIG_KEY_0220 CONFIG_KEY_0085 CONFIG_KEY_0301 CONFIG_KEY_0183 CONFIG_KEY_0072 CONFIG_KEY_0426 CONFIG_KEY_0428 CONFIG_KEY_0255 CONFIG_KEY_0340 CONFIG_KEY_0441 CONFIG_KEY_0224 CONFIG_KEY_0236 CONFIG_KEY_0164
config_key,10,301,CONFIG_KEY_0301,v1,True,True,6,87,CONFIG_KEY_0340 CONFIG_KEY_0381 FAILED CONFIG_KEY_0301 CONFIG_KEY_0164 CONFIG_KEY_0236
config_key,10,301,CONFIG_KEY_0301,v2,True,True,6,96,CONFIG_KEY_0301 CONFIG_KEY_0340 CONFIG_KEY_0381 CONFIG_KEY_0164 CONFIG_KEY_0236 CONFIG_KEY_0224
config_key,10,301,CONFIG_KEY_0301,oracle,True,True,1,16,CONFIG_KEY_0301
config_key,10,434,CONFIG_KEY_0434,user_only,False,False,0,0,
config_key,10,434,CONFIG_KEY_0434,naive,False,True,21,336,CONFIG_KEY_0280 CONFIG_KEY_0077 CONFIG_KEY_0279 CONFIG_KEY_0208 CONFIG_KEY_0165 CONFIG_KEY_0106 CONFIG_KEY_0381 CONFIG_KEY_0288 CONFIG_KEY_0386 CONFIG_KEY_0065 CONFIG_KEY_0434 CONFIG_KEY_0144 CONFIG_KEY_0193 CONFIG_KEY_0259 CONFIG_KEY_0054 CONFIG_KEY_0398 CONFIG_KEY_0408 CONFIG_KEY_0397 CONFIG_KEY_0080 CONFIG_KEY_0140 CONFIG_KEY_0351
config_key,10,434,CONFIG_KEY_0434,v1,True,True,6,87,CONFIG_KEY_0408 CONFIG_KEY_0106 FAILED CONFIG_KEY_0434 CONFIG_KEY_0351 CONFIG_KEY_0140
config_key,10,434,CONFIG_KEY_0434,v2,True,True,6,96,CONFIG_KEY_0434 CONFIG_KEY_0408 CONFIG_KEY_0106 CONFIG_KEY_0351 CONFIG_KEY_0140 CONFIG_KEY_0080
config_key,10,434,CONFIG_KEY_0434,oracle,True,True,1,16,CONFIG_KEY_0434
config_key,10,445,CONFIG_KEY_0445,user_only,False,False,0,0,
config_key,10,445,CONFIG_KEY_0445,naive,False,True,21,336,CONFIG_KEY_0440 CONFIG_KEY_0252 CONFIG_KEY_0069 CONFIG_KEY_0087 CONFIG_KEY_0208 CONFIG_KEY_0059 CONFIG_KEY_0099 CONFIG_KEY_0347 CONFIG_KEY_0407 CONFIG_KEY_0081 CONFIG_KEY_0445 CONFIG_KEY_0151 CONFIG_KEY_0071 CONFIG_KEY_0137 CONFIG_KEY_0385 CONFIG_KEY_0061 CONFIG_KEY_0228 CONFIG_KEY_0089 CONFIG_KEY_0217 CONFIG_KEY_0363 CONFIG_KEY_0387
config_key,10,445,CONFIG_KEY_0445,v1,True,True,6,87,CONFIG_KEY_0228 CONFIG_KEY_0059 FAILED CONFIG_KEY_0445 CONFIG_KEY_0387 CONFIG_KEY_0363
config_key,10,445,CONFIG_KEY_0445,v2,True,True,6,96,CONFIG_KEY_0445 CONFIG_KEY_0228 CONFIG_KEY_0059 CONFIG_KEY_0387 CONFIG_KEY_0363 CONFIG_KEY_0217
config_key,10,445,CONFIG_KEY_0445,oracle,True,True,1,16,CONFIG_KEY_0445
config_key,10,350,CONFIG_KEY_0350,user_only,False,False,0,0,
config_key,10,350,CONFIG_KEY_0350,naive,False,True,21,336,CONFIG_KEY_0320 CONFIG_KEY_0235 CONFIG_KEY_0433 CONFIG_KEY_0398 CONFIG_KEY_0424 CONFIG_KEY_0146 CONFIG_KEY_0195 CONFIG_KEY_0165 CONFIG_KEY_0159 CONFIG_KEY_0417 CONFIG_KEY_0350 CONFIG_KEY_0091 CONFIG_KEY_0269 CONFIG_KEY_0102 CONFIG_KEY_0367 CONFIG_KEY_0266 CONFIG_KEY_0364 CONFIG_KEY_0172 CONFIG_KEY_0178 CONFIG_KEY_0089 CONFIG_KEY_0188
config_key,10,350,CONFIG_KEY_0350,v1,True,True,6,87,CONFIG_KEY_0364 CONFIG_KEY_0146 FAILED CONFIG_KEY_0350 CONFIG_KEY_0188 CONFIG_KEY_0089
config_key,10,350,CONFIG_KEY_0350,v2,True,True,6,96,CONFIG_KEY_0350 CONFIG_KEY_0364 CONFIG_KEY_0146 CONFIG_KEY_0188 CONFIG_KEY_0089 CONFIG_KEY_0178
config_key,10,350,CONFIG_KEY_0350,oracle,True,True,1,16,CONFIG_KEY_0350
config_key,10,275,CONFIG_KEY_0275,user_only,False,False,0,0,
config_key,10,275,CONFIG_KEY_0275,naive,False,True,21,336,CONFIG_KEY_0350 CONFIG_KEY_0440 CONFIG_KEY_0249 CONFIG_KEY_0085 CONFIG_KEY_0108 CONFIG_KEY_0175 CONFIG_KEY_0374 CONFIG_KEY_0057 CONFIG_KEY_0318 CONFIG_KEY_0205 CONFIG_KEY_0275 CONFIG_KEY_0333 CONFIG_KEY_0379 CONFIG_KEY_0415 CONFIG_KEY_0119 CONFIG_KEY_0339 CONFIG_KEY_0092 CONFIG_KEY_0192 CONFIG_KEY_0184 CONFIG_KEY_0133 CONFIG_KEY_0159
config_key,10,275,CONFIG_KEY_0275,v1,True,True,6,87,CONFIG_KEY_0092 CONFIG_KEY_0175 FAILED CONFIG_KEY_0275 CONFIG_KEY_0159 CONFIG_KEY_0133
config_key,10,275,CONFIG_KEY_0275,v2,True,True,6,96,CONFIG_KEY_0275 CONFIG_KEY_0092 CONFIG_KEY_0175 CONFIG_KEY_0159 CONFIG_KEY_0133 CONFIG_KEY_0184
config_key,10,275,CONFIG_KEY_0275,oracle,True,True,1,16,CONFIG_KEY_0275
config_key,10,172,CONFIG_KEY_0172,user_only,False,False,0,0,
config_key,10,172,CONFIG_KEY_0172,naive,False,True,21,336,CONFIG_KEY_0267 CONFIG_KEY_0062 CONFIG_KEY_0061 CONFIG_KEY_0155 CONFIG_KEY_0103 CONFIG_KEY_0131 CONFIG_KEY_0110 CONFIG_KEY_0363 CONFIG_KEY_0238 CONFIG_KEY_0443 CONFIG_KEY_0172 CONFIG_KEY_0268 CONFIG_KEY_0419 CONFIG_KEY_0181 CONFIG_KEY_0148 CONFIG_KEY_0125 CONFIG_KEY_0351 CONFIG_KEY_0406 CONFIG_KEY_0383 CONFIG_KEY_0429 CONFIG_KEY_0137
config_key,10,172,CONFIG_KEY_0172,v1,True,True,6,87,CONFIG_KEY_0351 CONFIG_KEY_0131 FAILED CONFIG_KEY_0172 CONFIG_KEY_0137 CONFIG_KEY_0429
config_key,10,172,CONFIG_KEY_0172,v2,True,True,6,96,CONFIG_KEY_0172 CONFIG_KEY_0351 CONFIG_KEY_0131 CONFIG_KEY_0137 CONFIG_KEY_0429 CONFIG_KEY_0383
config_key,10,172,CONFIG_KEY_0172,oracle,True,True,1,16,CONFIG_KEY_0172
config_key,10,51,CONFIG_KEY_0051,user_only,False,False,0,0,
config_key,10,51,CONFIG_KEY_0051,naive,True,True,21,336,CONFIG_KEY_0065 CONFIG_KEY_0163 CONFIG_KEY_0185 CONFIG_KEY_0130 CONFIG_KEY_0170 CONFIG_KEY_0336 CONFIG_KEY_0223 CONFIG_KEY_0327 CONFIG_KEY_0409 CONFIG_KEY_0437 CONFIG_KEY_0051 CONFIG_KEY_0359 CONFIG_KEY_0443 CONFIG_KEY_0290 CONFIG_KEY_0297 CONFIG_KEY_0216 CONFIG_KEY_0272 CONFIG_KEY_0345 CONFIG_KEY_0286 CONFIG_KEY_0064 CONFIG_KEY_0441
config_key,10,51,CONFIG_KEY_0051,v1,True,True,6,87,CONFIG_KEY_0272 CONFIG_KEY_0336 FAILED CONFIG_KEY_0051 CONFIG_KEY_0441 CONFIG_KEY_0064
config_key,10,51,CONFIG_KEY_0051,v2,True,True,6,96,CONFIG_KEY_0051 CONFIG_KEY_0272 CONFIG_KEY_0336 CONFIG_KEY_0441 CONFIG_KEY_0064 CONFIG_KEY_0286
config_key,10,51,CONFIG_KEY_0051,oracle,True,True,1,16,CONFIG_KEY_0051
config_key,10,364,CONFIG_KEY_0364,user_only,False,False,0,0,
config_key,10,364,CONFIG_KEY_0364,naive,False,True,21,336,CONFIG_KEY_0182 CONFIG_KEY_0294 CONFIG_KEY_0420 CONFIG_KEY_0068 CONFIG_KEY_0107 CONFIG_KEY_0255 CONFIG_KEY_0244 CONFIG_KEY_0202 CONFIG_KEY_0327 CONFIG_KEY_0309 CONFIG_KEY_0364 CONFIG_KEY_0093 CONFIG_KEY_0341 CONFIG_KEY_0175 CONFIG_KEY_0386 CONFIG_KEY_0368 CONFIG_KEY_0292 CONFIG_KEY_0241 CONFIG_KEY_0263 CONFIG_KEY_0277 CONFIG_KEY_0220
config_key,10,364,CONFIG_KEY_0364,v1,True,True,6,87,CONFIG_KEY_0292 CONFIG_KEY_0255 FAILED CONFIG_KEY_0364 CONFIG_KEY_0220 CONFIG_KEY_0277
config_key,10,364,CONFIG_KEY_0364,v2,True,True,6,96,CONFIG_KEY_0364 CONFIG_KEY_0292 CONFIG_KEY_0255 CONFIG_KEY_0220 CONFIG_KEY_0277 CONFIG_KEY_0263
config_key,10,364,CONFIG_KEY_0364,oracle,True,True,1,16,CONFIG_KEY_0364
config_key,10,91,CONFIG_KEY_0091,user_only,False,False,0,0,
config_key,10,91,CONFIG_KEY_0091,naive,True,True,21,336,CONFIG_KEY_0282 CONFIG_KEY_0092 CONFIG_KEY_0258 CONFIG_KEY_0094 CONFIG_KEY_0131 CONFIG_KEY_0073 CONFIG_KEY_0154 CONFIG_KEY_0369 CONFIG_KEY_0281 CONFIG_KEY_0072 CONFIG_KEY_0091 CONFIG_KEY_0285 CONFIG_KEY_0268 CONFIG_KEY_0368 CONFIG_KEY_0191 CONFIG_KEY_0150 CONFIG_KEY_0055 CONFIG_KEY_0230 CONFIG_KEY_0101 CONFIG_KEY_0435 CONFIG_KEY_0228
config_key,10,91,CONFIG_KEY_0091,v1,True,True,6,87,CONFIG_KEY_0055 CONFIG_KEY_0073 FAILED CONFIG_KEY_0091 CONFIG_KEY_0228 CONFIG_KEY_0435
config_key,10,91,CONFIG_KEY_0091,v2,True,True,6,96,CONFIG_KEY_0091 CONFIG_KEY_0055 CONFIG_KEY_0073 CONFIG_KEY_0228 CONFIG_KEY_0435 CONFIG_KEY_0101
config_key,10,91,CONFIG_KEY_0091,oracle,True,True,1,16,CONFIG_KEY_0091
config_key,10,106,CONFIG_KEY_0106,user_only,False,False,0,0,
config_key,10,106,CONFIG_KEY_0106,naive,True,True,21,336,CONFIG_KEY_0188 CONFIG_KEY_0132 CONFIG_KEY_0087 CONFIG_KEY_0151 CONFIG_KEY_0129 CONFIG_KEY_0272 CONFIG_KEY_0365 CONFIG_KEY_0393 CONFIG_KEY_0107 CONFIG_KEY_0111 CONFIG_KEY_0106 CONFIG_KEY_0298 CONFIG_KEY_0230 CONFIG_KEY_0334 CONFIG_KEY_0090 CONFIG_KEY_0123 CONFIG_KEY_0096 CONFIG_KEY_0171 CONFIG_KEY_0376 CONFIG_KEY_0277 CONFIG_KEY_0238
config_key,10,106,CONFIG_KEY_0106,v1,True,True,6,87,CONFIG_KEY_0096 CONFIG_KEY_0272 FAILED CONFIG_KEY_0106 CONFIG_KEY_0238 CONFIG_KEY_0277
config_key,10,106,CONFIG_KEY_0106,v2,True,True,6,96,CONFIG_KEY_0106 CONFIG_KEY_0096 CONFIG_KEY_0272 CONFIG_KEY_0238 CONFIG_KEY_0277 CONFIG_KEY_0376
config_key,10,106,CONFIG_KEY_0106,oracle,True,True,1,16,CONFIG_KEY_0106
config_key,10,197,CONFIG_KEY_0197,user_only,False,False,0,0,
config_key,10,197,CONFIG_KEY_0197,naive,True,True,21,336,CONFIG_KEY_0323 CONFIG_KEY_0391 CONFIG_KEY_0161 CONFIG_KEY_0125 CONFIG_KEY_0417 CONFIG_KEY_0186 CONFIG_KEY_0206 CONFIG_KEY_0410 CONFIG_KEY_0400 CONFIG_KEY_0287 CONFIG_KEY_0197 CONFIG_KEY_0200 CONFIG_KEY_0311 CONFIG_KEY_0213 CONFIG_KEY_0221 CONFIG_KEY_0136 CONFIG_KEY_0251 CONFIG_KEY_0068 CONFIG_KEY_0319 CONFIG_KEY_0389 CONFIG_KEY_0285
config_key,10,197,CONFIG_KEY_0197,v1,True,True,6,87,CONFIG_KEY_0251 CONFIG_KEY_0186 FAILED CONFIG_KEY_0197 CONFIG_KEY_0285 CONFIG_KEY_0389
config_key,10,197,CONFIG_KEY_0197,v2,True,True,6,96,CONFIG_KEY_0197 CONFIG_KEY_0251 CONFIG_KEY_0186 CONFIG_KEY_0285 CONFIG_KEY_0389 CONFIG_KEY_0319
config_key,10,197,CONFIG_KEY_0197,oracle,True,True,1,16,CONFIG_KEY_0197
config_key,10,100,CONFIG_KEY_0100,user_only,False,False,0,0,
config_key,10,100,CONFIG_KEY_0100,naive,True,True,21,336,CONFIG_KEY_0105 CONFIG_KEY_0341 CONFIG_KEY_0223 CONFIG_KEY_0097 CONFIG_KEY_0215 CONFIG_KEY_0392 CONFIG_KEY_0169 CONFIG_KEY_0336 CONFIG_KEY_0403 CONFIG_KEY_0140 CONFIG_KEY_0100 CONFIG_KEY_0284 CONFIG_KEY_0269 CONFIG_KEY_0116 CONFIG_KEY_0069 CONFIG_KEY_0210 CONFIG_KEY_0287 CONFIG_KEY_0238 CONFIG_KEY_0166 CONFIG_KEY_0377 CONFIG_KEY_0145
config_key,10,100,CONFIG_KEY_0100,v1,True,True,6,87,CONFIG_KEY_0287 CONFIG_KEY_0392 FAILED CONFIG_KEY_0100 CONFIG_KEY_0145 CONFIG_KEY_0377
config_key,10,100,CONFIG_KEY_0100,v2,True,True,6,96,CONFIG_KEY_0100 CONFIG_KEY_0287 CONFIG_KEY_0392 CONFIG_KEY_0145 CONFIG_KEY_0377 CONFIG_KEY_0166
config_key,10,100,CONFIG_KEY_0100,oracle,True,True,1,16,CONFIG_KEY_0100
config_key,10,280,CONFIG_KEY_0280,user_only,False,False,0,0,
config_key,10,280,CONFIG_KEY_0280,naive,False,True,21,336,CONFIG_KEY_0076 CONFIG_KEY_0221 CONFIG_KEY_0396 CONFIG_KEY_0121 CONFIG_KEY_0165 CONFIG_KEY_0328 CONFIG_KEY_0290 CONFIG_KEY_0098 CONFIG_KEY_0253 CONFIG_KEY_0056 CONFIG_KEY_0280 CONFIG_KEY_0071 CONFIG_KEY_0178 CONFIG_KEY_0380 CONFIG_KEY_0273 CONFIG_KEY_0445 CONFIG_KEY_0131 CONFIG_KEY_0326 CONFIG_KEY_0397 CONFIG_KEY_0055 CONFIG_KEY_0341
config_key,10,280,CONFIG_KEY_0280,v1,True,True,6,87,CONFIG_KEY_0131 CONFIG_KEY_0328 FAILED CONFIG_KEY_0280 CONFIG_KEY_0341 CONFIG_KEY_0055
config_key,10,280,CONFIG_KEY_0280,v2,True,True,6,96,CONFIG_KEY_0280 CONFIG_KEY_0131 CONFIG_KEY_0328 CONFIG_KEY_0341 CONFIG_KEY_0055 CONFIG_KEY_0397
config_key,10,280,CONFIG_KEY_0280,oracle,True,True,1,16,CONFIG_KEY_0280
config_key,10,55,CONFIG_KEY_0055,user_only,False,False,0,0,
config_key,10,55,CONFIG_KEY_0055,naive,True,True,21,336,CONFIG_KEY_0313 CONFIG_KEY_0050 CONFIG_KEY_0065 CONFIG_KEY_0406 CONFIG_KEY_0439 CONFIG_KEY_0159 CONFIG_KEY_0091 CONFIG_KEY_0280 CONFIG_KEY_0377 CONFIG_KEY_0304 CONFIG_KEY_0055 CONFIG_KEY_0370 CONFIG_KEY_0318 CONFIG_KEY_0258 CONFIG_KEY_0428 CONFIG_KEY_0122 CONFIG_KEY_0176 CONFIG_KEY_0111 CONFIG_KEY_0096 CONFIG_KEY_0219 CONFIG_KEY_0105
config_key,10,55,CONFIG_KEY_0055,v1,True,True,6,87,CONFIG_KEY_0176 CONFIG_KEY_0159 FAILED CONFIG_KEY_0055 CONFIG_KEY_0105 CONFIG_KEY_0219
config_key,10,55,CONFIG_KEY_0055,v2,True,True,6,96,CONFIG_KEY_0055 CONFIG_KEY_0176 CONFIG_KEY_0159 CONFIG_KEY_0105 CONFIG_KEY_0219 CONFIG_KEY_0096
config_key,10,55,CONFIG_KEY_0055,oracle,True,True,1,16,CONFIG_KEY_0055
config_key,10,400,CONFIG_KEY_0400,user_only,False,False,0,0,
config_key,10,400,CONFIG_KEY_0400,naive,False,True,21,336,CONFIG_KEY_0141 CONFIG_KEY_0058 CONFIG_KEY_0293 CONFIG_KEY_0291 CONFIG_KEY_0081 CONFIG_KEY_0178 CONFIG_KEY_0382 CONFIG_KEY_0190 CONFIG_KEY_0250 CONFIG_KEY_0321 CONFIG_KEY_0400 CONFIG_KEY_0270 CONFIG_KEY_0188 CONFIG_KEY_0441 CONFIG_KEY_0308 CONFIG_KEY_0284 CONFIG_KEY_0430 CONFIG_KEY_0057 CONFIG_KEY_0067 CONFIG_KEY_0205 CONFIG_KEY_0312
config_key,10,400,CONFIG_KEY_0400,v1,True,True,6,87,CONFIG_KEY_0430 CONFIG_KEY_0178 FAILED CONFIG_KEY_0400 CONFIG_KEY_0312 CONFIG_KEY_0205
config_key,10,400,CONFIG_KEY_0400,v2,True,True,6,96,CONFIG_KEY_0400 CONFIG_KEY_0430 CONFIG_KEY_0178 CONFIG_KEY_0312 CONFIG_KEY_0205 CONFIG_KEY_0067
config_key,10,400,CONFIG_KEY_0400,oracle,True,True,1,16,CONFIG_KEY_0400
config_key,10,397,CONFIG_KEY_0397,user_only,False,False,0,0,
config_key,10,397,CONFIG_KEY_0397,naive,False,True,21,336,CONFIG_KEY_0249 CONFIG_KEY_0131 CONFIG_KEY_0190 CONFIG_KEY_0449 CONFIG_KEY_0053 CONFIG_KEY_0115 CONFIG_KEY_0077 CONFIG_KEY_0282 CONFIG_KEY_0441 CONFIG_KEY_0225 CONFIG_KEY_0397 CONFIG_KEY_0108 CONFIG_KEY_0209 CONFIG_KEY_0434 CONFIG_KEY_0365 CONFIG_KEY_0061 CONFIG_KEY_0175 CONFIG_KEY_0172 CONFIG_KEY_0156 CONFIG_KEY_0234 CONFIG_KEY_0416
config_key,10,397,CONFIG_KEY_0397,v1,True,True,6,87,CONFIG_KEY_0175 CONFIG_KEY_0115 FAILED CONFIG_KEY_0397 CONFIG_KEY_0416 CONFIG_KEY_0234
config_key,10,397,CONFIG_KEY_0397,v2,True,True,6,96,CONFIG_KEY_0397 CONFIG_KEY_0175 CONFIG_KEY_0115 CONFIG_KEY_0416 CONFIG_KEY_0234 CONFIG_KEY_0156
config_key,10,397,CONFIG_KEY_0397,oracle,True,True,1,16,CONFIG_KEY_0397
config_key,10,210,CONFIG_KEY_0210,user_only,False,False,0,0,
config_key,10,210,CONFIG_KEY_0210,naive,True,True,21,336,CONFIG_KEY_0238 CONFIG_KEY_0279 CONFIG_KEY_0163 CONFIG_KEY_0328 CONFIG_KEY_0407 CONFIG_KEY_0438 CONFIG_KEY_0255 CONFIG_KEY_0292 CONFIG_KEY_0385 CONFIG_KEY_0330 CONFIG_KEY_0210 CONFIG_KEY_0309 CONFIG_KEY_0391 CONFIG_KEY_0409 CONFIG_KEY_0343 CONFIG_KEY_0313 CONFIG_KEY_0389 CONFIG_KEY_0113 CONFIG_KEY_0234 CONFIG_KEY_0157 CONFIG_KEY_0093
config_key,10,210,CONFIG_KEY_0210,v1,True,True,6,87,CONFIG_KEY_0389 CONFIG_KEY_0438 FAILED CONFIG_KEY_0210 CONFIG_KEY_0093 CONFIG_KEY_0157
config_key,10,210,CONFIG_KEY_0210,v2,True,True,6,96,CONFIG_KEY_0210 CONFIG_KEY_0389 CONFIG_KEY_0438 CONFIG_KEY_0093 CONFIG_KEY_0157 CONFIG_KEY_0234
config_key,10,210,CONFIG_KEY_0210,oracle,True,True,1,16,CONFIG_KEY_0210
config_key,10,157,CONFIG_KEY_0157,user_only,False,False,0,0,
config_key,10,157,CONFIG_KEY_0157,naive,True,True,21,336,CONFIG_KEY_0156 CONFIG_KEY_0225 CONFIG_KEY_0362 CONFIG_KEY_0197 CONFIG_KEY_0316 CONFIG_KEY_0292 CONFIG_KEY_0167 CONFIG_KEY_0310 CONFIG_KEY_0282 CONFIG_KEY_0281 CONFIG_KEY_0157 CONFIG_KEY_0242 CONFIG_KEY_0125 CONFIG_KEY_0250 CONFIG_KEY_0418 CONFIG_KEY_0260 CONFIG_KEY_0212 CONFIG_KEY_0132 CONFIG_KEY_0245 CONFIG_KEY_0267 CONFIG_KEY_0385
config_key,10,157,CONFIG_KEY_0157,v1,True,True,6,87,CONFIG_KEY_0212 CONFIG_KEY_0292 FAILED CONFIG_KEY_0157 CONFIG_KEY_0385 CONFIG_KEY_0267
config_key,10,157,CONFIG_KEY_0157,v2,True,True,6,96,CONFIG_KEY_0157 CONFIG_KEY_0212 CONFIG_KEY_0292 CONFIG_KEY_0385 CONFIG_KEY_0267 CONFIG_KEY_0245
config_key,10,157,CONFIG_KEY_0157,oracle,True,True,1,16,CONFIG_KEY_0157
config_key,10,253,CONFIG_KEY_0253,user_only,False,False,0,0,
config_key,10,253,CONFIG_KEY_0253,naive,False,True,21,336,CONFIG_KEY_0264 CONFIG_KEY_0177 CONFIG_KEY_0442 CONFIG_KEY_0093 CONFIG_KEY_0121 CONFIG_KEY_0319 CONFIG_KEY_0068 CONFIG_KEY_0141 CONFIG_KEY_0120 CONFIG_KEY_0074 CONFIG_KEY_0253 CONFIG_KEY_0315 CONFIG_KEY_0327 CONFIG_KEY_0368 CONFIG_KEY_0071 CONFIG_KEY_0369 CONFIG_KEY_0413 CONFIG_KEY_0252 CONFIG_KEY_0229 CONFIG_KEY_0405 CONFIG_KEY_0188
config_key,10,253,CONFIG_KEY_0253,v1,True,True,6,87,CONFIG_KEY_0413 CONFIG_KEY_0319 FAILED CONFIG_KEY_0253 CONFIG_KEY_0188 CONFIG_KEY_0405
config_key,10,253,CONFIG_KEY_0253,v2,True,True,6,96,CONFIG_KEY_0253 CONFIG_KEY_0413 CONFIG_KEY_0319 CONFIG_KEY_0188 CONFIG_KEY_0405 CONFIG_KEY_0229
config_key,10,253,CONFIG_KEY_0253,oracle,True,True,1,16,CONFIG_KEY_0253
config_key,10,178,CONFIG_KEY_0178,user_only,False,False,0,0,
config_key,10,178,CONFIG_KEY_0178,naive,True,True,21,336,CONFIG_KEY_0392 CONFIG_KEY_0322 CONFIG_KEY_0279 CONFIG_KEY_0350 CONFIG_KEY_0095 CONFIG_KEY_0283 CONFIG_KEY_0235 CONFIG_KEY_0111 CONFIG_KEY_0325 CONFIG_KEY_0234 CONFIG_KEY_0178 CONFIG_KEY_0258 CONFIG_KEY_0342 CONFIG_KEY_0405 CONFIG_KEY_0193 CONFIG_KEY_0309 CONFIG_KEY_0292 CONFIG_KEY_0409 CONFIG_KEY_0358 CONFIG_KEY_0118 CONFIG_KEY_0314
config_key,10,178,CONFIG_KEY_0178,v1,True,True,6,87,CONFIG_KEY_0292 CONFIG_KEY_0283 FAILED CONFIG_KEY_0178 CONFIG_KEY_0314 CONFIG_KEY_0118
config_key,10,178,CONFIG_KEY_0178,v2,True,True,6,96,CONFIG_KEY_0178 CONFIG_KEY_0292 CONFIG_KEY_0283 CONFIG_KEY_0314 CONFIG_KEY_0118 CONFIG_KEY_0358
config_key,10,178,CONFIG_KEY_0178,oracle,True,True,1,16,CONFIG_KEY_0178
config_key,10,228,CONFIG_KEY_0228,user_only,False,False,0,0,
config_key,10,228,CONFIG_KEY_0228,naive,False,True,21,336,CONFIG_KEY_0385 CONFIG_KEY_0051 CONFIG_KEY_0142 CONFIG_KEY_0144 CONFIG_KEY_0331 CONFIG_KEY_0190 CONFIG_KEY_0227 CONFIG_KEY_0160 CONFIG_KEY_0360 CONFIG_KEY_0128 CONFIG_KEY_0228 CONFIG_KEY_0179 CONFIG_KEY_0394 CONFIG_KEY_0320 CONFIG_KEY_0203 CONFIG_KEY_0340 CONFIG_KEY_0077 CONFIG_KEY_0343 CONFIG_KEY_0053 CONFIG_KEY_0139 CONFIG_KEY_0050
config_key,10,228,CONFIG_KEY_0228,v1,True,True,6,87,CONFIG_KEY_0077 CONFIG_KEY_0190 FAILED CONFIG_KEY_0228 CONFIG_KEY_0050 CONFIG_KEY_0139
config_key,10,228,CONFIG_KEY_0228,v2,True,True,6,96,CONFIG_KEY_0228 CONFIG_KEY_0077 CONFIG_KEY_0190 CONFIG_KEY_0050 CONFIG_KEY_0139 CONFIG_KEY_0053
config_key,10,228,CONFIG_KEY_0228,oracle,True,True,1,16,CONFIG_KEY_0228
config_key,10,232,CONFIG_KEY_0232,user_only,False,False,0,0,
config_key,10,232,CONFIG_KEY_0232,naive,False,True,21,336,CONFIG_KEY_0312 CONFIG_KEY_0245 CONFIG_KEY_0121 CONFIG_KEY_0240 CONFIG_KEY_0388 CONFIG_KEY_0096 CONFIG_KEY_0124 CONFIG_KEY_0435 CONFIG_KEY_0228 CONFIG_KEY_0266 CONFIG_KEY_0232 CONFIG_KEY_0304 CONFIG_KEY_0216 CONFIG_KEY_0322 CONFIG_KEY_0376 CONFIG_KEY_0420 CONFIG_KEY_0221 CONFIG_KEY_0087 CONFIG_KEY_0179 CONFIG_KEY_0429 CONFIG_KEY_0231
config_key,10,232,CONFIG_KEY_0232,v1,True,True,6,87,CONFIG_KEY_0221 CONFIG_KEY_0096 FAILED CONFIG_KEY_0232 CONFIG_KEY_0231 CONFIG_KEY_0429
config_key,10,232,CONFIG_KEY_0232,v2,True,True,6,96,CONFIG_KEY_0232 CONFIG_KEY_0221 CONFIG_KEY_0096 CONFIG_KEY_0231 CONFIG_KEY_0429 CONFIG_KEY_0179
config_key,10,232,CONFIG_KEY_0232,oracle,True,True,1,16,CONFIG_KEY_0232
config_key,10,242,CONFIG_KEY_0242,user_only,False,False,0,0,
config_key,10,242,CONFIG_KEY_0242,naive,False,True,21,336,CONFIG_KEY_0106 CONFIG_KEY_0217 CONFIG_KEY_0395 CONFIG_KEY_0433 CONFIG_KEY_0101 CONFIG_KEY_0379 CONFIG_KEY_0114 CONFIG_KEY_0236 CONFIG_KEY_0319 CONFIG_KEY_0336 CONFIG_KEY_0242 CONFIG_KEY_0169 CONFIG_KEY_0164 CONFIG_KEY_0074 CONFIG_KEY_0375 CONFIG_KEY_0333 CONFIG_KEY_0448 CONFIG_KEY_0178 CONFIG_KEY_0406 CONFIG_KEY_0372 CONFIG_KEY_0432
config_key,10,242,CONFIG_KEY_0242,v1,True,True,6,87,CONFIG_KEY_0448 CONFIG_KEY_0379 FAILED CONFIG_KEY_0242 CONFIG_KEY_0432 CONFIG_KEY_0372
config_key,10,242,CONFIG_KEY_0242,v2,True,True,6,96,CONFIG_KEY_0242 CONFIG_KEY_0448 CONFIG_KEY_0379 CONFIG_KEY_0432 CONFIG_KEY_0372 CONFIG_KEY_0406
config_key,10,242,CONFIG_KEY_0242,oracle,True,True,1,16,CONFIG_KEY_0242
config_key,10,431,CONFIG_KEY_0431,user_only,False,False,0,0,
config_key,10,431,CONFIG_KEY_0431,naive,False,True,21,336,CONFIG_KEY_0337 CONFIG_KEY_0216 CONFIG_KEY_0406 CONFIG_KEY_0427 CONFIG_KEY_0434 CONFIG_KEY_0082 CONFIG_KEY_0230 CONFIG_KEY_0065 CONFIG_KEY_0289 CONFIG_KEY_0059 CONFIG_KEY_0431 CONFIG_KEY_0298 CONFIG_KEY_0281 CONFIG_KEY_0334 CONFIG_KEY_0090 CONFIG_KEY_0438 CONFIG_KEY_0393 CONFIG_KEY_0193 CONFIG_KEY_0054 CONFIG_KEY_0137 CONFIG_KEY_0052
config_key,10,431,CONFIG_KEY_0431,v1,True,True,6,87,CONFIG_KEY_0393 CONFIG_KEY_0082 FAILED CONFIG_KEY_0431 CONFIG_KEY_0052 CONFIG_KEY_0137
config_key,10,431,CONFIG_KEY_0431,v2,True,True,6,96,CONFIG_KEY_0431 CONFIG_KEY_0393 CONFIG_KEY_0082 CONFIG_KEY_0052 CONFIG_KEY_0137 CONFIG_KEY_0054
config_key,10,431,CONFIG_KEY_0431,oracle,True,True,1,16,CONFIG_KEY_0431
config_key,10,376,CONFIG_KEY_0376,user_only,False,False,0,0,
config_key,10,376,CONFIG_KEY_0376,naive,False,True,21,336,CONFIG_KEY_0149 CONFIG_KEY_0108 CONFIG_KEY_0099 CONFIG_KEY_0221 CONFIG_KEY_0159 CONFIG_KEY_0428 CONFIG_KEY_0234 CONFIG_KEY_0353 CONFIG_KEY_0073 CONFIG_KEY_0363 CONFIG_KEY_0376 CONFIG_KEY_0107 CONFIG_KEY_0263 CONFIG_KEY_0154 CONFIG_KEY_0195 CONFIG_KEY_0167 CONFIG_KEY_0385 CONFIG_KEY_0129 CONFIG_KEY_0077 CONFIG_KEY_0265 CONFIG_KEY_0170
config_key,10,376,CONFIG_KEY_0376,v1,True,True,6,87,CONFIG_KEY_0385 CONFIG_KEY_0428 FAILED CONFIG_KEY_0376 CONFIG_KEY_0170 CONFIG_KEY_0265
config_key,10,376,CONFIG_KEY_0376,v2,True,True,6,96,CONFIG_KEY_0376 CONFIG_KEY_0385 CONFIG_KEY_0428 CONFIG_KEY_0170 CONFIG_KEY_0265 CONFIG_KEY_0077
config_key,10,376,CONFIG_KEY_0376,oracle,True,True,1,16,CONFIG_KEY_0376
config_key,10,89,CONFIG_KEY_0089,user_only,False,False,0,0,
config_key,10,89,CONFIG_KEY_0089,naive,True,True,21,336,CONFIG_KEY_0252 CONFIG_KEY_0156 CONFIG_KEY_0353 CONFIG_KEY_0308 CONFIG_KEY_0365 CONFIG_KEY_0220 CONFIG_KEY_0295 CONFIG_KEY_0392 CONFIG_KEY_0358 CONFIG_KEY_0053 CONFIG_KEY_0089 CONFIG_KEY_0284 CONFIG_KEY_0320 CONFIG_KEY_0421 CONFIG_KEY_0262 CONFIG_KEY_0286 CONFIG_KEY_0407 CONFIG_KEY_0403 CONFIG_KEY_0355 CONFIG_KEY_0357 CONFIG_KEY_0332
config_key,10,89,CONFIG_KEY_0089,v1,True,True,6,87,CONFIG_KEY_0407 CONFIG_KEY_0220 FAILED CONFIG_KEY_0089 CONFIG_KEY_0332 CONFIG_KEY_0357
config_key,10,89,CONFIG_KEY_0089,v2,True,True,6,96,CONFIG_KEY_0089 CONFIG_KEY_0407 CONFIG_KEY_0220 CONFIG_KEY_0332 CONFIG_KEY_0357 CONFIG_KEY_0355
config_key,10,89,CONFIG_KEY_0089,oracle,True,True,1,16,CONFIG_KEY_0089
config_key,10,420,CONFIG_KEY_0420,user_only,False,False,0,0,
config_key,10,420,CONFIG_KEY_0420,naive,False,True,21,336,CONFIG_KEY_0309 CONFIG_KEY_0151 CONFIG_KEY_0267 CONFIG_KEY_0287 CONFIG_KEY_0247 CONFIG_KEY_0253 CONFIG_KEY_0157 CONFIG_KEY_0329 CONFIG_KEY_0156 CONFIG_KEY_0183 CONFIG_KEY_0420 CONFIG_KEY_0312 CONFIG_KEY_0092 CONFIG_KEY_0396 CONFIG_KEY_0313 CONFIG_KEY_0365 CONFIG_KEY_0179 CONFIG_KEY_0158 CONFIG_KEY_0117 CONFIG_KEY_0326 CONFIG_KEY_0437
config_key,10,420,CONFIG_KEY_0420,v1,True,True,6,87,CONFIG_KEY_0179 CONFIG_KEY_0253 FAILED CONFIG_KEY_0420 CONFIG_KEY_0437 CONFIG_KEY_0326
config_key,10,420,CONFIG_KEY_0420,v2,True,True,6,96,CONFIG_KEY_0420 CONFIG_KEY_0179 CONFIG_KEY_0253 CONFIG_KEY_0437 CONFIG_KEY_0326 CONFIG_KEY_0117
config_key,10,420,CONFIG_KEY_0420,oracle,True,True,1,16,CONFIG_KEY_0420
config_key,10,224,CONFIG_KEY_0224,user_only,False,False,0,0,
config_key,10,224,CONFIG_KEY_0224,naive,False,True,21,336,CONFIG_KEY_0179 CONFIG_KEY_0122 CONFIG_KEY_0077 CONFIG_KEY_0133 CONFIG_KEY_0275 CONFIG_KEY_0181 CONFIG_KEY_0382 CONFIG_KEY_0269 CONFIG_KEY_0223 CONFIG_KEY_0338 CONFIG_KEY_0224 CONFIG_KEY_0128 CONFIG_KEY_0213 CONFIG_KEY_0443 CONFIG_KEY_0342 CONFIG_KEY_0144 CONFIG_KEY_0079 CONFIG_KEY_0188 CONFIG_KEY_0421 CONFIG_KEY_0199 CONFIG_KEY_0311
config_key,10,224,CONFIG_KEY_0224,v1,True,True,6,87,CONFIG_KEY_0079 CONFIG_KEY_0181 FAILED CONFIG_KEY_0224 CONFIG_KEY_0311 CONFIG_KEY_0199
config_key,10,224,CONFIG_KEY_0224,v2,True,True,6,96,CONFIG_KEY_0224 CONFIG_KEY_0079 CONFIG_KEY_0181 CONFIG_KEY_0311 CONFIG_KEY_0199 CONFIG_KEY_0421
config_key,10,224,CONFIG_KEY_0224,oracle,True,True,1,16,CONFIG_KEY_0224
config_key,10,95,CONFIG_KEY_0095,user_only,False,False,0,0,
config_key,10,95,CONFIG_KEY_0095,naive,True,True,21,336,CONFIG_KEY_0090 CONFIG_KEY_0062 CONFIG_KEY_0064 CONFIG_KEY_0151 CONFIG_KEY_0403 CONFIG_KEY_0433 CONFIG_KEY_0307 CONFIG_KEY_0181 CONFIG_KEY_0050 CONFIG_KEY_0388 CONFIG_KEY_0095 CONFIG_KEY_0314 CONFIG_KEY_0212 CONFIG_KEY_0332 CONFIG_KEY_0182 CONFIG_KEY_0184 CONFIG_KEY_0311 CONFIG_KEY_0075 CONFIG_KEY_0442 CONFIG_KEY_0165 CONFIG_KEY_0358
config_key,10,95,CONFIG_KEY_0095,v1,True,True,6,87,CONFIG_KEY_0311 CONFIG_KEY_0433 FAILED CONFIG_KEY_0095 CONFIG_KEY_0358 CONFIG_KEY_0165
config_key,10,95,CONFIG_KEY_0095,v2,True,True,6,96,CONFIG_KEY_0095 CONFIG_KEY_0311 CONFIG_KEY_0433 CONFIG_KEY_0358 CONFIG_KEY_0165 CONFIG_KEY_0442
config_key,10,95,CONFIG_KEY_0095,oracle,True,True,1,16,CONFIG_KEY_0095
config_key,10,335,CONFIG_KEY_0335,user_only,False,False,0,0,
config_key,10,335,CONFIG_KEY_0335,naive,False,True,21,336,CONFIG_KEY_0275 CONFIG_KEY_0109 CONFIG_KEY_0250 CONFIG_KEY_0153 CONFIG_KEY_0205 CONFIG_KEY_0310 CONFIG_KEY_0449 CONFIG_KEY_0080 CONFIG_KEY_0218 CONFIG_KEY_0344 CONFIG_KEY_0335 CONFIG_KEY_0081 CONFIG_KEY_0346 CONFIG_KEY_0286 CONFIG_KEY_0053 CONFIG_KEY_0139 CONFIG_KEY_0362 CONFIG_KEY_0121 CONFIG_KEY_0090 CONFIG_KEY_0235 CONFIG_KEY_0265
config_key,10,335,CONFIG_KEY_0335,v1,True,True,6,87,CONFIG_KEY_0362 CONFIG_KEY_0310 FAILED CONFIG_KEY_0335 CONFIG_KEY_0265 CONFIG_KEY_0235
config_key,10,335,CONFIG_KEY_0335,v2,True,True,6,96,CONFIG_KEY_0335 CONFIG_KEY_0362 CONFIG_KEY_0310 CONFIG_KEY_0265 CONFIG_KEY_0235 CONFIG_KEY_0090
config_key,10,335,CONFIG_KEY_0335,oracle,True,True,1,16,CONFIG_KEY_0335
config_key,10,325,CONFIG_KEY_0325,user_only,False,False,0,0,
config_key,10,325,CONFIG_KEY_0325,naive,False,True,21,336,CONFIG_KEY_0312 CONFIG_KEY_0334 CONFIG_KEY_0174 CONFIG_KEY_0102 CONFIG_KEY_0253 CONFIG_KEY_0382 CONFIG_KEY_0370 CONFIG_KEY_0390 CONFIG_KEY_0428 CONFIG_KEY_0441 CONFIG_KEY_0325 CONFIG_KEY_0110 CONFIG_KEY_0309 CONFIG_KEY_0300 CONFIG_KEY_0333 CONFIG_KEY_0201 CONFIG_KEY_0244 CONFIG_KEY_0143 CONFIG_KEY_0192 CONFIG_KEY_0247 CONFIG_KEY_0190
config_key,10,325,CONFIG_KEY_0325,v1,True,True,6,87,CONFIG_KEY_0244 CONFIG_KEY_0382 FAILED CONFIG_KEY_0325 CONFIG_KEY_0190 CONFIG_KEY_0247
config_key,10,325,CONFIG_KEY_0325,v2,True,True,6,96,CONFIG_KEY_0325 CONFIG_KEY_0244 CONFIG_KEY_0382 CONFIG_KEY_0190 CONFIG_KEY_0247 CONFIG_KEY_0192
config_key,10,325,CONFIG_KEY_0325,oracle,True,True,1,16,CONFIG_KEY_0325
config_key,10,199,CONFIG_KEY_0199,user_only,False,False,0,0,
config_key,10,199,CONFIG_KEY_0199,naive,False,True,21,336,CONFIG_KEY_0206 CONFIG_KEY_0352 CONFIG_KEY_0174 CONFIG_KEY_0446 CONFIG_KEY_0280 CONFIG_KEY_0152 CONFIG_KEY_0200 CONFIG_KEY_0140 CONFIG_KEY_0226 CONFIG_KEY_0336 CONFIG_KEY_0199 CONFIG_KEY_0266 CONFIG_KEY_0422 CONFIG_KEY_0059 CONFIG_KEY_0410 CONFIG_KEY_0104 CONFIG_KEY_0127 CONFIG_KEY_0311 CONFIG_KEY_0177 CONFIG_KEY_0290 CONFIG_KEY_0106
config_key,10,199,CONFIG_KEY_0199,v1,True,True,6,87,CONFIG_KEY_0127 CONFIG_KEY_0152 FAILED CONFIG_KEY_0199 CONFIG_KEY_0106 CONFIG_KEY_0290
config_key,10,199,CONFIG_KEY_0199,v2,True,True,6,96,CONFIG_KEY_0199 CONFIG_KEY_0127 CONFIG_KEY_0152 CONFIG_KEY_0106 CONFIG_KEY_0290 CONFIG_KEY_0177
config_key,10,199,CONFIG_KEY_0199,oracle,True,True,1,16,CONFIG_KEY_0199
config_key,10,284,CONFIG_KEY_0284,user_only,False,False,0,0,
config_key,10,284,CONFIG_KEY_0284,naive,False,True,21,336,CONFIG_KEY_0310 CONFIG_KEY_0306 CONFIG_KEY_0108 CONFIG_KEY_0369 CONFIG_KEY_0182 CONFIG_KEY_0060 CONFIG_KEY_0103 CONFIG_KEY_0259 CONFIG_KEY_0324 CONFIG_KEY_0389 CONFIG_KEY_0284 CONFIG_KEY_0405 CONFIG_KEY_0430 CONFIG_KEY_0267 CONFIG_KEY_0266 CONFIG_KEY_0096 CONFIG_KEY_0258 CONFIG_KEY_0277 CONFIG_KEY_0206 CONFIG_KEY_0141 CONFIG_KEY_0364
config_key,10,284,CONFIG_KEY_0284,v1,True,True,6,87,CONFIG_KEY_0258 CONFIG_KEY_0060 FAILED CONFIG_KEY_0284 CONFIG_KEY_0364 CONFIG_KEY_0141
config_key,10,284,CONFIG_KEY_0284,v2,True,True,6,96,CONFIG_KEY_0284 CONFIG_KEY_0258 CONFIG_KEY_0060 CONFIG_KEY_0364 CONFIG_KEY_0141 CONFIG_KEY_0206
config_key,10,284,CONFIG_KEY_0284,oracle,True,True,1,16,CONFIG_KEY_0284
config_key,10,122,CONFIG_KEY_0122,user_only,False,False,0,0,
config_key,10,122,CONFIG_KEY_0122,naive,True,True,21,336,CONFIG_KEY_0101 CONFIG_KEY_0146 CONFIG_KEY_0156 CONFIG_KEY_0326 CONFIG_KEY_0070 CONFIG_KEY_0383 CONFIG_KEY_0349 CONFIG_KEY_0113 CONFIG_KEY_0105 CONFIG_KEY_0401 CONFIG_KEY_0122 CONFIG_KEY_0339 CONFIG_KEY_0338 CONFIG_KEY_0406 CONFIG_KEY_0359 CONFIG_KEY_0054 CONFIG_KEY_0423 CONFIG_KEY_0159 CONFIG_KEY_0434 CONFIG_KEY_0180 CONFIG_KEY_0239
config_key,10,122,CONFIG_KEY_0122,v1,True,True,6,87,CONFIG_KEY_0423 CONFIG_KEY_0383 FAILED CONFIG_KEY_0122 CONFIG_KEY_0239 CONFIG_KEY_0180
config_key,10,122,CONFIG_KEY_0122,v2,True,True,6,96,CONFIG_KEY_0122 CONFIG_KEY_0423 CONFIG_KEY_0383 CONFIG_KEY_0239 CONFIG_KEY_0180 CONFIG_KEY_0434
config_key,10,122,CONFIG_KEY_0122,oracle,True,True,1,16,CONFIG_KEY_0122
config_key,30,110,CONFIG_KEY_0110,user_only,False,False,0,0,
config_key,30,110,CONFIG_KEY_0110,naive,True,True,21,336,CONFIG_KEY_0403 CONFIG_KEY_0169 CONFIG_KEY_0058 CONFIG_KEY_0435 CONFIG_KEY_0293 CONFIG_KEY_0179 CONFIG_KEY_0260 CONFIG_KEY_0193 CONFIG_KEY_0368 CONFIG_KEY_0097 CONFIG_KEY_0110 CONFIG_KEY_0105 CONFIG_KEY_0191 CONFIG_KEY_0168 CONFIG_KEY_0125 CONFIG_KEY_0184 CONFIG_KEY_0155 CONFIG_KEY_0068 CONFIG_KEY_0392 CONFIG_KEY_0381 CONFIG_KEY_0140
config_key,30,110,CONFIG_KEY_0110,v1,True,True,6,87,CONFIG_KEY_0155 CONFIG_KEY_0179 FAILED CONFIG_KEY_0110 CONFIG_KEY_0140 CONFIG_KEY_0381
config_key,30,110,CONFIG_KEY_0110,v2,True,True,6,96,CONFIG_KEY_0110 CONFIG_KEY_0155 CONFIG_KEY_0179 CONFIG_KEY_0140 CONFIG_KEY_0381 CONFIG_KEY_0392
config_key,30,110,CONFIG_KEY_0110,oracle,True,True,1,16,CONFIG_KEY_0110
config_key,30,213,CONFIG_KEY_0213,user_only,False,False,0,0,
config_key,30,213,CONFIG_KEY_0213,naive,True,True,21,336,CONFIG_KEY_0156 CONFIG_KEY_0080 CONFIG_KEY_0113 CONFIG_KEY_0337 CONFIG_KEY_0306 CONFIG_KEY_0138 CONFIG_KEY_0061 CONFIG_KEY_0367 CONFIG_KEY_0139 CONFIG_KEY_0155 CONFIG_KEY_0213 CONFIG_KEY_0322 CONFIG_KEY_0107 CONFIG_KEY_0265 CONFIG_KEY_0297 CONFIG_KEY_0342 CONFIG_KEY_0319 CONFIG_KEY_0119 CONFIG_KEY_0199 CONFIG_KEY_0279 CONFIG_KEY_0231
config_key,30,213,CONFIG_KEY_0213,v1,True,True,6,87,CONFIG_KEY_0319 CONFIG_KEY_0138 FAILED CONFIG_KEY_0213 CONFIG_KEY_0231 CONFIG_KEY_0279
config_key,30,213,CONFIG_KEY_0213,v2,True,True,6,96,CONFIG_KEY_0213 CONFIG_KEY_0319 CONFIG_KEY_0138 CONFIG_KEY_0231 CONFIG_KEY_0279 CONFIG_KEY_0199
config_key,30,213,CONFIG_KEY_0213,oracle,True,True,1,16,CONFIG_KEY_0213
config_key,30,307,CONFIG_KEY_0307,user_only,False,False,0,0,
config_key,30,307,CONFIG_KEY_0307,naive,True,True,21,336,CONFIG_KEY_0104 CONFIG_KEY_0338 CONFIG_KEY_0146 CONFIG_KEY_0366 CONFIG_KEY_0070 CONFIG_KEY_0402 CONFIG_KEY_0419 CONFIG_KEY_0334 CONFIG_KEY_0386 CONFIG_KEY_0225 CONFIG_KEY_0307 CONFIG_KEY_0344 CONFIG_KEY_0162 CONFIG_KEY_0201 CONFIG_KEY_0272 CONFIG_KEY_0306 CONFIG_KEY_0153 CONFIG_KEY_0415 CONFIG_KEY_0151 CONFIG_KEY_0061 CONFIG_KEY_0189
config_key,30,307,CONFIG_KEY_0307,v1,True,True,6,87,CONFIG_KEY_0153 CONFIG_KEY_0402 FAILED CONFIG_KEY_0307 CONFIG_KEY_0189 CONFIG_KEY_0061
config_key,30,307,CONFIG_KEY_0307,v2,True,True,6,96,CONFIG_KEY_0307 CONFIG_KEY_0153 CONFIG_KEY_0402 CONFIG_KEY_0189 CONFIG_KEY_0061 CONFIG_KEY_0151
config_key,30,307,CONFIG_KEY_0307,oracle,True,True,1,16,CONFIG_KEY_0307
config_key,30,312,CONFIG_KEY_0312,user_only,False,False,0,0,
config_key,30,312,CONFIG_KEY_0312,naive,True,True,21,336,CONFIG_KEY_0128 CONFIG_KEY_0329 CONFIG_KEY_0332 CONFIG_KEY_0244 CONFIG_KEY_0273 CONFIG_KEY_0376 CONFIG_KEY_0245 CONFIG_KEY_0309 CONFIG_KEY_0170 CONFIG_KEY_0397 CONFIG_KEY_0312 CONFIG_KEY_0220 CONFIG_KEY_0090 CONFIG_KEY_0442 CONFIG_KEY_0436 CONFIG_KEY_0169 CONFIG_KEY_0162 CONFIG_KEY_0249 CONFIG_KEY_0134 CONFIG_KEY_0107 CONFIG_KEY_0262
config_key,30,312,CONFIG_KEY_0312,v1,True,True,6,87,CONFIG_KEY_0162 CONFIG_KEY_0376 FAILED CONFIG_KEY_0312 CONFIG_KEY_0262 CONFIG_KEY_0107
config_key,30,312,CONFIG_KEY_0312,v2,True,True,6,96,CONFIG_KEY_0312 CONFIG_KEY_0162 CONFIG_KEY_0376 CONFIG_KEY_0262 CONFIG_KEY_0107 CONFIG_KEY_0134
config_key,30,312,CONFIG_KEY_0312,oracle,True,True,1,16,CONFIG_KEY_0312
config_key,30,381,CONFIG_KEY_0381,user_only,False,False,0,0,
config_key,30,381,CONFIG_KEY_0381,naive,True,True,21,336,CONFIG_KEY_0118 CONFIG_KEY_0312 CONFIG_KEY_0290 CONFIG_KEY_0265 CONFIG_KEY_0438 CONFIG_KEY_0165 CONFIG_KEY_0299 CONFIG_KEY_0294 CONFIG_KEY_0231 CONFIG_KEY_0352 CONFIG_KEY_0381 CONFIG_KEY_0300 CONFIG_KEY_0322 CONFIG_KEY_0232 CONFIG_KEY_0208 CONFIG_KEY_0216 CONFIG_KEY_0410 CONFIG_KEY_0310 CONFIG_KEY_0081 CONFIG_KEY_0428 CONFIG_KEY_0323
config_key,30,381,CONFIG_KEY_0381,v1,True,True,6,87,CONFIG_KEY_0410 CONFIG_KEY_0165 FAILED CONFIG_KEY_0381 CONFIG_KEY_0323 CONFIG_KEY_0428
config_key,30,381,CONFIG_KEY_0381,v2,True,True,6,96,CONFIG_KEY_0381 CONFIG_KEY_0410 CONFIG_KEY_0165 CONFIG_KEY_0323 CONFIG_KEY_0428 CONFIG_KEY_0081
config_key,30,381,CONFIG_KEY_0381,oracle,True,True,1,16,CONFIG_KEY_0381
config_key,30,102,CONFIG_KEY_0102,user_only,False,False,0,0,
config_key,30,102,CONFIG_KEY_0102,naive,True,True,21,336,CONFIG_KEY_0435 CONFIG_KEY_0214 CONFIG_KEY_0242 CONFIG_KEY_0271 CONFIG_KEY_0436 CONFIG_KEY_0077 CONFIG_KEY_0324 CONFIG_KEY_0190 CONFIG_KEY_0157 CONFIG_KEY_0119 CONFIG_KEY_0102 CONFIG_KEY_0423 CONFIG_KEY_0311 CONFIG_KEY_0223 CONFIG_KEY_0090 CONFIG_KEY_0264 CONFIG_KEY_0158 CONFIG_KEY_0319 CONFIG_KEY_0109 CONFIG_KEY_0247 CONFIG_KEY_0183
config_key,30,102,CONFIG_KEY_0102,v1,True,True,6,87,CONFIG_KEY_0158 CONFIG_KEY_0077 FAILED CONFIG_KEY_0102 CONFIG_KEY_0183 CONFIG_KEY_0247
config_key,30,102,CONFIG_KEY_0102,v2,True,True,6,96,CONFIG_KEY_0102 CONFIG_KEY_0158 CONFIG_KEY_0077 CONFIG_KEY_0183 CONFIG_KEY_0247 CONFIG_KEY_0109
config_key,30,102,CONFIG_KEY_0102,oracle,True,True,1,16,CONFIG_KEY_0102
config_key,30,164,CONFIG_KEY_0164,user_only,False,False,0,0,
config_key,30,164,CONFIG_KEY_0164,naive,True,True,21,336,CONFIG_KEY_0105 CONFIG_KEY_0376 CONFIG_KEY_0186 CONFIG_KEY_0219 CONFIG_KEY_0232 CONFIG_KEY_0231 CONFIG_KEY_0281 CONFIG_KEY_0343 CONFIG_KEY_0077 CONFIG_KEY_0150 CONFIG_KEY_0164 CONFIG_KEY_0241 CONFIG_KEY_0251 CONFIG_KEY_0193 CONFIG_KEY_0430 CONFIG_KEY_0296 CONFIG_KEY_0392 CONFIG_KEY_0306 CONFIG_KEY_0385 CONFIG_KEY_0286 CONFIG_KEY_0205
config_key,30,164,CONFIG_KEY_0164,v1,True,True,6,87,CONFIG_KEY_0392 CONFIG_KEY_0231 FAILED CONFIG_KEY_0164 CONFIG_KEY_0205 CONFIG_KEY_0286
config_key,30,164,CONFIG_KEY_0164,v2,True,True,6,96,CONFIG_KEY_0164 CONFIG_KEY_0392 CONFIG_KEY_0231 CONFIG_KEY_0205 CONFIG_KEY_0286 CONFIG_KEY_0385
config_key,30,164,CONFIG_KEY_0164,oracle,True,True,1,16,CONFIG_KEY_0164
config_key,30,357,CONFIG_KEY_0357,user_only,False,False,0,0,
config_key,30,357,CONFIG_KEY_0357,naive,True,True,21,336,CONFIG_KEY_0374 CONFIG_KEY_0328 CONFIG_KEY_0089 CONFIG_KEY_0078 CONFIG_KEY_0149 CONFIG_KEY_0368 CONFIG_KEY_0277 CONFIG_KEY_0128 CONFIG_KEY_0115 CONFIG_KEY_0121 CONFIG_KEY_0357 CONFIG_KEY_0086 CONFIG_KEY_0347 CONFIG_KEY_0177 CONFIG_KEY_0183 CONFIG_KEY_0253 CONFIG_KEY_0103 CONFIG_KEY_0234 CONFIG_KEY_0136 CONFIG_KEY_0437 CONFIG_KEY_0192
config_key,30,357,CONFIG_KEY_0357,v1,True,True,6,87,CONFIG_KEY_0103 CONFIG_KEY_0368 FAILED CONFIG_KEY_0357 CONFIG_KEY_0192 CONFIG_KEY_0437
config_key,30,357,CONFIG_KEY_0357,v2,True,True,6,96,CONFIG_KEY_0357 CONFIG_KEY_0103 CONFIG_KEY_0368 CONFIG_KEY_0192 CONFIG_KEY_0437 CONFIG_KEY_0136
config_key,30,357,CONFIG_KEY_0357,oracle,True,True,1,16,CONFIG_KEY_0357
config_key,30,368,CONFIG_KEY_0368,user_only,False,False,0,0,
config_key,30,368,CONFIG_KEY_0368,naive,True,True,21,336,CONFIG_KEY_0128 CONFIG_KEY_0383 CONFIG_KEY_0322 CONFIG_KEY_0164 CONFIG_KEY_0157 CONFIG_KEY_0190 CONFIG_KEY_0086 CONFIG_KEY_0072 CONFIG_KEY_0352 CONFIG_KEY_0123 CONFIG_KEY_0368 CONFIG_KEY_0076 CONFIG_KEY_0209 CONFIG_KEY_0138 CONFIG_KEY_0059 CONFIG_KEY_0093 CONFIG_KEY_0167 CONFIG_KEY_0288 CONFIG_KEY_0170 CONFIG_KEY_0066 CONFIG_KEY_0202
config_key,30,368,CONFIG_KEY_0368,v1,True,True,6,87,CONFIG_KEY_0167 CONFIG_KEY_0190 FAILED CONFIG_KEY_0368 CONFIG_KEY_0202 CONFIG_KEY_0066
config_key,30,368,CONFIG_KEY_0368,v2,True,True,6,96,CONFIG_KEY_0368 CONFIG_KEY_0167 CONFIG_KEY_0190 CONFIG_KEY_0202 CONFIG_KEY_0066 CONFIG_KEY_0170
config_key,30,368,CONFIG_KEY_0368,oracle,True,True,1,16,CONFIG_KEY_0368
config_key,30,334,CONFIG_KEY_0334,user_only,False,False,0,0,
config_key,30,334,CONFIG_KEY_0334,naive,True,True,21,336,CONFIG_KEY_0415 CONFIG_KEY_0249 CONFIG_KEY_0281 CONFIG_KEY_0136 CONFIG_KEY_0070 CONFIG_KEY_0235 CONFIG_KEY_0444 CONFIG_KEY_0390 CONFIG_KEY_0421 CONFIG_KEY_0320 CONFIG_KEY_0334 CONFIG_KEY_0259 CONFIG_KEY_0051 CONFIG_KEY_0065 CONFIG_KEY_0261 CONFIG_KEY_0140 CONFIG_KEY_0401 CONFIG_KEY_0405 CONFIG_KEY_0398 CONFIG_KEY_0086 CONFIG_KEY_0412
config_key,30,334,CONFIG_KEY_0334,v1,True,True,6,87,CONFIG_KEY_0401 CONFIG_KEY_0235 FAILED CONFIG_KEY_0334 CONFIG_KEY_0412 CONFIG_KEY_0086
config_key,30,334,CONFIG_KEY_0334,v2,True,True,6,96,CONFIG_KEY_0334 CONFIG_KEY_0401 CONFIG_KEY_0235 CONFIG_KEY_0412 CONFIG_KEY_0086 CONFIG_KEY_0398
config_key,30,334,CONFIG_KEY_0334,oracle,True,True,1,16,CONFIG_KEY_0334
config_key,30,265,CONFIG_KEY_0265,user_only,False,False,0,0,
config_key,30,265,CONFIG_KEY_0265,naive,True,True,21,336,CONFIG_KEY_0115 CONFIG_KEY_0300 CONFIG_KEY_0346 CONFIG_KEY_0315 CONFIG_KEY_0369 CONFIG_KEY_0439 CONFIG_KEY_0338 CONFIG_KEY_0143 CONFIG_KEY_0229 CONFIG_KEY_0242 CONFIG_KEY_0265 CONFIG_KEY_0393 CONFIG_KEY_0206 CONFIG_KEY_0234 CONFIG_KEY_0343 CONFIG_KEY_0321 CONFIG_KEY_0181 CONFIG_KEY_0161 CONFIG_KEY_0058 CONFIG_KEY_0134 CONFIG_KEY_0347
config_key,30,265,CONFIG_KEY_0265,v1,True,True,6,87,CONFIG_KEY_0181 CONFIG_KEY_0439 FAILED CONFIG_KEY_0265 CONFIG_KEY_0347 CONFIG_KEY_0134
config_key,30,265,CONFIG_KEY_0265,v2,True,True,6,96,CONFIG_KEY_0265 CONFIG_KEY_0181 CONFIG_KEY_0439 CONFIG_KEY_0347 CONFIG_KEY_0134 CONFIG_KEY_0058
config_key,30,265,CONFIG_KEY_0265,oracle,True,True,1,16,CONFIG_KEY_0265
config_key,30,343,CONFIG_KEY_0343,user_only,False,False,0,0,
config_key,30,343,CONFIG_KEY_0343,naive,True,True,21,336,CONFIG_KEY_0105 CONFIG_KEY_0123 CONFIG_KEY_0440 CONFIG_KEY_0336 CONFIG_KEY_0274 CONFIG_KEY_0066 CONFIG_KEY_0219 CONFIG_KEY_0063 CONFIG_KEY_0375 CONFIG_KEY_0434 CONFIG_KEY_0343 CONFIG_KEY_0293 CONFIG_KEY_0211 CONFIG_KEY_0272 CONFIG_KEY_0158 CONFIG_KEY_0160 CONFIG_KEY_0365 CONFIG_KEY_0414 CONFIG_KEY_0152 CONFIG_KEY_0432 CONFIG_KEY_0209
config_key,30,343,CONFIG_KEY_0343,v1,True,True,6,87,CONFIG_KEY_0365 CONFIG_KEY_0066 FAILED CONFIG_KEY_0343 CONFIG_KEY_0209 CONFIG_KEY_0432
config_key,30,343,CONFIG_KEY_0343,v2,True,True,6,96,CONFIG_KEY_0343 CONFIG_KEY_0365 CONFIG_KEY_0066 CONFIG_KEY_0209 CONFIG_KEY_0432 CONFIG_KEY_0152
config_key,30,343,CONFIG_KEY_0343,oracle,True,True,1,16,CONFIG_KEY_0343
config_key,30,330,CONFIG_KEY_0330,user_only,False,False,0,0,
config_key,30,330,CONFIG_KEY_0330,naive,True,True,21,336,CONFIG_KEY_0364 CONFIG_KEY_0338 CONFIG_KEY_0405 CONFIG_KEY_0350 CONFIG_KEY_0085 CONFIG_KEY_0334 CONFIG_KEY_0442 CONFIG_KEY_0152 CONFIG_KEY_0060 CONFIG_KEY_0051 CONFIG_KEY_0330 CONFIG_KEY_0256 CONFIG_KEY_0447 CONFIG_KEY_0326 CONFIG_KEY_0222 CONFIG_KEY_0283 CONFIG_KEY_0212 CONFIG_KEY_0449 CONFIG_KEY_0087 CONFIG_KEY_0234 CONFIG_KEY_0413
config_key,30,330,CONFIG_KEY_0330,v1,True,True,6,87,CONFIG_KEY_0212 CONFIG_KEY_0334 FAILED CONFIG_KEY_0330 CONFIG_KEY_0413 CONFIG_KEY_0234
config_key,30,330,CONFIG_KEY_0330,v2,True,True,6,96,CONFIG_KEY_0330 CONFIG_KEY_0212 CONFIG_KEY_0334 CONFIG_KEY_0413 CONFIG_KEY_0234 CONFIG_KEY_0087
config_key,30,330,CONFIG_KEY_0330,oracle,True,True,1,16,CONFIG_KEY_0330
config_key,30,424,CONFIG_KEY_0424,user_only,False,False,0,0,
config_key,30,424,CONFIG_KEY_0424,naive,True,True,21,336,CONFIG_KEY_0324 CONFIG_KEY_0406 CONFIG_KEY_0215 CONFIG_KEY_0270 CONFIG_KEY_0442 CONFIG_KEY_0293 CONFIG_KEY_0311 CONFIG_KEY_0167 CONFIG_KEY_0086 CONFIG_KEY_0239 CONFIG_KEY_0424 CONFIG_KEY_0112 CONFIG_KEY_0253 CONFIG_KEY_0428 CONFIG_KEY_0448 CONFIG_KEY_0077 CONFIG_KEY_0444 CONFIG_KEY_0346 CONFIG_KEY_0194 CONFIG_KEY_0095 CONFIG_KEY_0411
config_key,30,424,CONFIG_KEY_0424,v1,True,True,6,87,CONFIG_KEY_0444 CONFIG_KEY_0293 FAILED CONFIG_KEY_0424 CONFIG_KEY_0411 CONFIG_KEY_0095
config_key,30,424,CONFIG_KEY_0424,v2,True,True,6,96,CONFIG_KEY_0424 CONFIG_KEY_0444 CONFIG_KEY_0293 CONFIG_KEY_0411 CONFIG_KEY_0095 CONFIG_KEY_0194
config_key,30,424,CONFIG_KEY_0424,oracle,True,True,1,16,CONFIG_KEY_0424
config_key,30,447,CONFIG_KEY_0447,user_only,False,False,0,0,
config_key,30,447,CONFIG_KEY_0447,naive,True,True,21,336,CONFIG_KEY_0391 CONFIG_KEY_0290 CONFIG_KEY_0248 CONFIG_KEY_0224 CONFIG_KEY_0159 CONFIG_KEY_0078 CONFIG_KEY_0254 CONFIG_KEY_0190 CONFIG_KEY_0161 CONFIG_KEY_0399 CONFIG_KEY_0447 CONFIG_KEY_0214 CONFIG_KEY_0272 CONFIG_KEY_0312 CONFIG_KEY_0156 CONFIG_KEY_0423 CONFIG_KEY_0187 CONFIG_KEY_0184 CONFIG_KEY_0444 CONFIG_KEY_0322 CONFIG_KEY_0250
config_key,30,447,CONFIG_KEY_0447,v1,True,True,6,87,CONFIG_KEY_0187 CONFIG_KEY_0078 FAILED CONFIG_KEY_0447 CONFIG_KEY_0250 CONFIG_KEY_0322
config_key,30,447,CONFIG_KEY_0447,v2,True,True,6,96,CONFIG_KEY_0447 CONFIG_KEY_0187 CONFIG_KEY_0078 CONFIG_KEY_0250 CONFIG_KEY_0322 CONFIG_KEY_0444
config_key,30,447,CONFIG_KEY_0447,oracle,True,True,1,16,CONFIG_KEY_0447
config_key,30,443,CONFIG_KEY_0443,user_only,False,False,0,0,
config_key,30,443,CONFIG_KEY_0443,naive,True,True,21,336,CONFIG_KEY_0355 CONFIG_KEY_0387 CONFIG_KEY_0161 CONFIG_KEY_0051 CONFIG_KEY_0080 CONFIG_KEY_0226 CONFIG_KEY_0130 CONFIG_KEY_0263 CONFIG_KEY_0425 CONFIG_KEY_0423 CONFIG_KEY_0443 CONFIG_KEY_0147 CONFIG_KEY_0107 CONFIG_KEY_0282 CONFIG_KEY_0142 CONFIG_KEY_0323 CONFIG_KEY_0305 CONFIG_KEY_0159 CONFIG_KEY_0359 CONFIG_KEY_0132 CONFIG_KEY_0083
config_key,30,443,CONFIG_KEY_0443,v1,True,True,6,87,CONFIG_KEY_0305 CONFIG_KEY_0226 FAILED CONFIG_KEY_0443 CONFIG_KEY_0083 CONFIG_KEY_0132
config_key,30,443,CONFIG_KEY_0443,v2,True,True,6,96,CONFIG_KEY_0443 CONFIG_KEY_0305 CONFIG_KEY_0226 CONFIG_KEY_0083 CONFIG_KEY_0132 CONFIG_KEY_0359
config_key,30,443,CONFIG_KEY_0443,oracle,True,True,1,16,CONFIG_KEY_0443
config_key,30,301,CONFIG_KEY_0301,user_only,False,False,0,0,
config_key,30,301,CONFIG_KEY_0301,naive,True,True,21,336,CONFIG_KEY_0342 CONFIG_KEY_0422 CONFIG_KEY_0292 CONFIG_KEY_0430 CONFIG_KEY_0432 CONFIG_KEY_0393 CONFIG_KEY_0360 CONFIG_KEY_0254 CONFIG_KEY_0435 CONFIG_KEY_0237 CONFIG_KEY_0301 CONFIG_KEY_0278 CONFIG_KEY_0328 CONFIG_KEY_0377 CONFIG_KEY_0268 CONFIG_KEY_0258 CONFIG_KEY_0270 CONFIG_KEY_0348 CONFIG_KEY_0107 CONFIG_KEY_0142 CONFIG_KEY_0198
config_key,30,301,CONFIG_KEY_0301,v1,True,True,6,87,CONFIG_KEY_0270 CONFIG_KEY_0393 FAILED CONFIG_KEY_0301 CONFIG_KEY_0198 CONFIG_KEY_0142
config_key,30,301,CONFIG_KEY_0301,v2,True,True,6,96,CONFIG_KEY_0301 CONFIG_KEY_0270 CONFIG_KEY_0393 CONFIG_KEY_0198 CONFIG_KEY_0142 CONFIG_KEY_0107
config_key,30,301,CONFIG_KEY_0301,oracle,True,True,1,16,CONFIG_KEY_0301
config_key,30,434,CONFIG_KEY_0434,user_only,False,False,0,0,
config_key,30,434,CONFIG_KEY_0434,naive,True,True,21,336,CONFIG_KEY_0095 CONFIG_KEY_0203 CONFIG_KEY_0163 CONFIG_KEY_0217 CONFIG_KEY_0189 CONFIG_KEY_0135 CONFIG_KEY_0141 CONFIG_KEY_0085 CONFIG_KEY_0256 CONFIG_KEY_0143 CONFIG_KEY_0434 CONFIG_KEY_0088 CONFIG_KEY_0279 CONFIG_KEY_0075 CONFIG_KEY_0077 CONFIG_KEY_0283 CONFIG_KEY_0073 CONFIG_KEY_0265 CONFIG_KEY_0397 CONFIG_KEY_0142 CONFIG_KEY_0339
config_key,30,434,CONFIG_KEY_0434,v1,True,True,6,87,CONFIG_KEY_0073 CONFIG_KEY_0135 FAILED CONFIG_KEY_0434 CONFIG_KEY_0339 CONFIG_KEY_0142
config_key,30,434,CONFIG_KEY_0434,v2,True,True,6,96,CONFIG_KEY_0434 CONFIG_KEY_0073 CONFIG_KEY_0135 CONFIG_KEY_0339 CONFIG_KEY_0142 CONFIG_KEY_0397
config_key,30,434,CONFIG_KEY_0434,oracle,True,True,1,16,CONFIG_KEY_0434
config_key,30,445,CONFIG_KEY_0445,user_only,False,False,0,0,
config_key,30,445,CONFIG_KEY_0445,naive,True,True,21,336,CONFIG_KEY_0450 CONFIG_KEY_0322 CONFIG_KEY_0411 CONFIG_KEY_0259 CONFIG_KEY_0443 CONFIG_KEY_0246 CONFIG_KEY_0415 CONFIG_KEY_0292 CONFIG_KEY_0362 CONFIG_KEY_0226 CONFIG_KEY_0445 CONFIG_KEY_0058 CONFIG_KEY_0168 CONFIG_KEY_0316 CONFIG_KEY_0285 CONFIG_KEY_0262 CONFIG_KEY_0157 CONFIG_KEY_0396 CONFIG_KEY_0053 CONFIG_KEY_0429 CONFIG_KEY_0202
config_key,30,445,CONFIG_KEY_0445,v1,True,True,6,87,CONFIG_KEY_0157 CONFIG_KEY_0246 FAILED CONFIG_KEY_0445 CONFIG_KEY_0202 CONFIG_KEY_0429
config_key,30,445,CONFIG_KEY_0445,v2,True,True,6,96,CONFIG_KEY_0445 CONFIG_KEY_0157 CONFIG_KEY_0246 CONFIG_KEY_0202 CONFIG_KEY_0429 CONFIG_KEY_0053
config_key,30,445,CONFIG_KEY_0445,oracle,True,True,1,16,CONFIG_KEY_0445
config_key,30,350,CONFIG_KEY_0350,user_only,False,False,0,0,
config_key,30,350,CONFIG_KEY_0350,naive,True,True,21,336,CONFIG_KEY_0423 CONFIG_KEY_0072 CONFIG_KEY_0412 CONFIG_KEY_0085 CONFIG_KEY_0390 CONFIG_KEY_0299 CONFIG_KEY_0079 CONFIG_KEY_0418 CONFIG_KEY_0329 CONFIG_KEY_0139 CONFIG_KEY_0350 CONFIG_KEY_0088 CONFIG_KEY_0356 CONFIG_KEY_0147 CONFIG_KEY_0433 CONFIG_KEY_0189 CONFIG_KEY_0380 CONFIG_KEY_0161 CONFIG_KEY_0146 CONFIG_KEY_0361 CONFIG_KEY_0210
config_key,30,350,CONFIG_KEY_0350,v1,True,True,6,87,CONFIG_KEY_0380 CONFIG_KEY_0299 FAILED CONFIG_KEY_0350 CONFIG_KEY_0210 CONFIG_KEY_0361
config_key,30,350,CONFIG_KEY_0350,v2,True,True,6,96,CONFIG_KEY_0350 CONFIG_KEY_0380 CONFIG_KEY_0299 CONFIG_KEY_0210 CONFIG_KEY_0361 CONFIG_KEY_0146
config_key,30,350,CONFIG_KEY_0350,oracle,True,True,1,16,CONFIG_KEY_0350
config_key,30,275,CONFIG_KEY_0275,user_only,False,False,0,0,
config_key,30,275,CONFIG_KEY_0275,naive,True,True,21,336,CONFIG_KEY_0060 CONFIG_KEY_0200 CONFIG_KEY_0155 CONFIG_KEY_0177 CONFIG_KEY_0407 CONFIG_KEY_0297 CONFIG_KEY_0356 CONFIG_KEY_0375 CONFIG_KEY_0304 CONFIG_KEY_0350 CONFIG_KEY_0275 CONFIG_KEY_0416 CONFIG_KEY_0330 CONFIG_KEY_0393 CONFIG_KEY_0112 CONFIG_KEY_0440 CONFIG_KEY_0336 CONFIG_KEY_0429 CONFIG_KEY_0148 CONFIG_KEY_0443 CONFIG_KEY_0063
config_key,30,275,CONFIG_KEY_0275,v1,True,True,6,87,CONFIG_KEY_0336 CONFIG_KEY_0297 FAILED CONFIG_KEY_0275 CONFIG_KEY_0063 CONFIG_KEY_0443
config_key,30,275,CONFIG_KEY_0275,v2,True,True,6,96,CONFIG_KEY_0275 CONFIG_KEY_0336 CONFIG_KEY_0297 CONFIG_KEY_0063 CONFIG_KEY_0443 CONFIG_KEY_0148
config_key,30,275,CONFIG_KEY_0275,oracle,True,True,1,16,CONFIG_KEY_0275
config_key,30,172,CONFIG_KEY_0172,user_only,False,False,0,0,
config_key,30,172,CONFIG_KEY_0172,naive,True,True,21,336,CONFIG_KEY_0312 CONFIG_KEY_0287 CONFIG_KEY_0071 CONFIG_KEY_0177 CONFIG_KEY_0222 CONFIG_KEY_0208 CONFIG_KEY_0250 CONFIG_KEY_0167 CONFIG_KEY_0195 CONFIG_KEY_0339 CONFIG_KEY_0172 CONFIG_KEY_0182 CONFIG_KEY_0065 CONFIG_KEY_0074 CONFIG_KEY_0308 CONFIG_KEY_0355 CONFIG_KEY_0060 CONFIG_KEY_0305 CONFIG_KEY_0125 CONFIG_KEY_0426 CONFIG_KEY_0137
config_key,30,172,CONFIG_KEY_0172,v1,True,True,6,87,CONFIG_KEY_0060 CONFIG_KEY_0208 FAILED CONFIG_KEY_0172 CONFIG_KEY_0137 CONFIG_KEY_0426
config_key,30,172,CONFIG_KEY_0172,v2,True,True,6,96,CONFIG_KEY_0172 CONFIG_KEY_0060 CONFIG_KEY_0208 CONFIG_KEY_0137 CONFIG_KEY_0426 CONFIG_KEY_0125
config_key,30,172,CONFIG_KEY_0172,oracle,True,True,1,16,CONFIG_KEY_0172
config_key,30,51,CONFIG_KEY_0051,user_only,False,False,0,0,
config_key,30,51,CONFIG_KEY_0051,naive,True,True,21,336,CONFIG_KEY_0103 CONFIG_KEY_0354 CONFIG_KEY_0292 CONFIG_KEY_0163 CONFIG_KEY_0224 CONFIG_KEY_0176 CONFIG_KEY_0335 CONFIG_KEY_0403 CONFIG_KEY_0055 CONFIG_KEY_0071 CONFIG_KEY_0051 CONFIG_KEY_0156 CONFIG_KEY_0148 CONFIG_KEY_0435 CONFIG_KEY_0445 CONFIG_KEY_0123 CONFIG_KEY_0137 CONFIG_KEY_0297 CONFIG_KEY_0193 CONFIG_KEY_0126 CONFIG_KEY_0356
config_key,30,51,CONFIG_KEY_0051,v1,True,True,6,87,CONFIG_KEY_0137 CONFIG_KEY_0176 FAILED CONFIG_KEY_0051 CONFIG_KEY_0356 CONFIG_KEY_0126
config_key,30,51,CONFIG_KEY_0051,v2,True,True,6,96,CONFIG_KEY_0051 CONFIG_KEY_0137 CONFIG_KEY_0176 CONFIG_KEY_0356 CONFIG_KEY_0126 CONFIG_KEY_0193
config_key,30,51,CONFIG_KEY_0051,oracle,True,True,1,16,CONFIG_KEY_0051
config_key,30,364,CONFIG_KEY_0364,user_only,False,False,0,0,
config_key,30,364,CONFIG_KEY_0364,naive,True,True,21,336,CONFIG_KEY_0334 CONFIG_KEY_0174 CONFIG_KEY_0224 CONFIG_KEY_0242 CONFIG_KEY_0217 CONFIG_KEY_0149 CONFIG_KEY_0053 CONFIG_KEY_0277 CONFIG_KEY_0084 CONFIG_KEY_0449 CONFIG_KEY_0364 CONFIG_KEY_0444 CONFIG_KEY_0317 CONFIG_KEY_0398 CONFIG_KEY_0396 CONFIG_KEY_0147 CONFIG_KEY_0054 CONFIG_KEY_0110 CONFIG_KEY_0249 CONFIG_KEY_0067 CONFIG_KEY_0347
config_key,30,364,CONFIG_KEY_0364,v1,True,True,6,87,CONFIG_KEY_0054 CONFIG_KEY_0149 FAILED CONFIG_KEY_0364 CONFIG_KEY_0347 CONFIG_KEY_0067
config_key,30,364,CONFIG_KEY_0364,v2,True,True,6,96,CONFIG_KEY_0364 CONFIG_KEY_0054 CONFIG_KEY_0149 CONFIG_KEY_0347 CONFIG_KEY_0067 CONFIG_KEY_0249
config_key,30,364,CONFIG_KEY_0364,oracle,True,True,1,16,CONFIG_KEY_0364
config_key,30,91,CONFIG_KEY_0091,user_only,False,False,0,0,
config_key,30,91,CONFIG_KEY_0091,naive,True,True,21,336,CONFIG_KEY_0359 CONFIG_KEY_0383 CONFIG_KEY_0263 CONFIG_KEY_0059 CONFIG_KEY_0140 CONFIG_KEY_0126 CONFIG_KEY_0050 CONFIG_KEY_0285 CONFIG_KEY_0422 CONFIG_KEY_0416 CONFIG_KEY_0091 CONFIG_KEY_0266 CONFIG_KEY_0159 CONFIG_KEY_0364 CONFIG_KEY_0097 CONFIG_KEY_0387 CONFIG_KEY_0373 CONFIG_KEY_0129 CONFIG_KEY_0397 CONFIG_KEY_0276 CONFIG_KEY_0439
config_key,30,91,CONFIG_KEY_0091,v1,True,True,6,87,CONFIG_KEY_0373 CONFIG_KEY_0126 FAILED CONFIG_KEY_0091 CONFIG_KEY_0439 CONFIG_KEY_0276
config_key,30,91,CONFIG_KEY_0091,v2,True,True,6,96,CONFIG_KEY_0091 CONFIG_KEY_0373 CONFIG_KEY_0126 CONFIG_KEY_0439 CONFIG_KEY_0276 CONFIG_KEY_0397
config_key,30,91,CONFIG_KEY_0091,oracle,True,True,1,16,CONFIG_KEY_0091
config_key,30,106,CONFIG_KEY_0106,user_only,False,False,0,0,
config_key,30,106,CONFIG_KEY_0106,naive,True,True,21,336,CONFIG_KEY_0058 CONFIG_KEY_0373 CONFIG_KEY_0121 CONFIG_KEY_0064 CONFIG_KEY_0059 CONFIG_KEY_0065 CONFIG_KEY_0155 CONFIG_KEY_0431 CONFIG_KEY_0294 CONFIG_KEY_0450 CONFIG_KEY_0106 CONFIG_KEY_0227 CONFIG_KEY_0113 CONFIG_KEY_0263 CONFIG_KEY_0369 CONFIG_KEY_0301 CONFIG_KEY_0390 CONFIG_KEY_0398 CONFIG_KEY_0111 CONFIG_KEY_0435 CONFIG_KEY_0447
config_key,30,106,CONFIG_KEY_0106,v1,True,True,6,87,CONFIG_KEY_0390 CONFIG_KEY_0065 FAILED CONFIG_KEY_0106 CONFIG_KEY_0447 CONFIG_KEY_0435
config_key,30,106,CONFIG_KEY_0106,v2,True,True,6,96,CONFIG_KEY_0106 CONFIG_KEY_0390 CONFIG_KEY_0065 CONFIG_KEY_0447 CONFIG_KEY_0435 CONFIG_KEY_0111
config_key,30,106,CONFIG_KEY_0106,oracle,True,True,1,16,CONFIG_KEY_0106
config_key,30,197,CONFIG_KEY_0197,user_only,False,False,0,0,
config_key,30,197,CONFIG_KEY_0197,naive,True,True,21,336,CONFIG_KEY_0245 CONFIG_KEY_0126 CONFIG_KEY_0195 CONFIG_KEY_0138 CONFIG_KEY_0291 CONFIG_KEY_0212 CONFIG_KEY_0377 CONFIG_KEY_0295 CONFIG_KEY_0057 CONFIG_KEY_0285 CONFIG_KEY_0197 CONFIG_KEY_0142 CONFIG_KEY_0106 CONFIG_KEY_0092 CONFIG_KEY_0223 CONFIG_KEY_0300 CONFIG_KEY_0405 CONFIG_KEY_0422 CONFIG_KEY_0432 CONFIG_KEY_0108 CONFIG_KEY_0270
config_key,30,197,CONFIG_KEY_0197,v1,True,True,6,87,CONFIG_KEY_0405 CONFIG_KEY_0212 FAILED CONFIG_KEY_0197 CONFIG_KEY_0270 CONFIG_KEY_0108
config_key,30,197,CONFIG_KEY_0197,v2,True,True,6,96,CONFIG_KEY_0197 CONFIG_KEY_0405 CONFIG_KEY_0212 CONFIG_KEY_0270 CONFIG_KEY_0108 CONFIG_KEY_0432
config_key,30,197,CONFIG_KEY_0197,oracle,True,True,1,16,CONFIG_KEY_0197
config_key,30,100,CONFIG_KEY_0100,user_only,False,False,0,0,
config_key,30,100,CONFIG_KEY_0100,naive,True,True,21,336,CONFIG_KEY_0351 CONFIG_KEY_0131 CONFIG_KEY_0323 CONFIG_KEY_0246 CONFIG_KEY_0274 CONFIG_KEY_0338 CONFIG_KEY_0416 CONFIG_KEY_0436 CONFIG_KEY_0210 CONFIG_KEY_0105 CONFIG_KEY_0100 CONFIG_KEY_0128 CONFIG_KEY_0235 CONFIG_KEY_0129 CONFIG_KEY_0168 CONFIG_KEY_0174 CONFIG_KEY_0076 CONFIG_KEY_0096 CONFIG_KEY_0067 CONFIG_KEY_0412 CONFIG_KEY_0175
config_key,30,100,CONFIG_KEY_0100,v1,True,True,6,87,CONFIG_KEY_0076 CONFIG_KEY_0338 FAILED CONFIG_KEY_0100 CONFIG_KEY_0175 CONFIG_KEY_0412
config_key,30,100,CONFIG_KEY_0100,v2,True,True,6,96,CONFIG_KEY_0100 CONFIG_KEY_0076 CONFIG_KEY_0338 CONFIG_KEY_0175 CONFIG_KEY_0412 CONFIG_KEY_0067
config_key,30,100,CONFIG_KEY_0100,oracle,True,True,1,16,CONFIG_KEY_0100
config_key,30,280,CONFIG_KEY_0280,user_only,False,False,0,0,
config_key,30,280,CONFIG_KEY_0280,naive,True,True,21,336,CONFIG_KEY_0248 CONFIG_KEY_0101 CONFIG_KEY_0300 CONFIG_KEY_0160 CONFIG_KEY_0155 CONFIG_KEY_0235 CONFIG_KEY_0124 CONFIG_KEY_0292 CONFIG_KEY_0068 CONFIG_KEY_0059 CONFIG_KEY_0280 CONFIG_KEY_0127 CONFIG_KEY_0228 CONFIG_KEY_0281 CONFIG_KEY_0320 CONFIG_KEY_0239 CONFIG_KEY_0102 CONFIG_KEY_0092 CONFIG_KEY_0403 CONFIG_KEY_0232 CONFIG_KEY_0253
config_key,30,280,CONFIG_KEY_0280,v1,True,True,6,87,CONFIG_KEY_0102 CONFIG_KEY_0235 FAILED CONFIG_KEY_0280 CONFIG_KEY_0253 CONFIG_KEY_0232
config_key,30,280,CONFIG_KEY_0280,v2,True,True,6,96,CONFIG_KEY_0280 CONFIG_KEY_0102 CONFIG_KEY_0235 CONFIG_KEY_0253 CONFIG_KEY_0232 CONFIG_KEY_0403
config_key,30,280,CONFIG_KEY_0280,oracle,True,True,1,16,CONFIG_KEY_0280
config_key,30,55,CONFIG_KEY_0055,user_only,False,False,0,0,
config_key,30,55,CONFIG_KEY_0055,naive,True,True,21,336,CONFIG_KEY_0112 CONFIG_KEY_0179 CONFIG_KEY_0064 CONFIG_KEY_0082 CONFIG_KEY_0384 CONFIG_KEY_0104 CONFIG_KEY_0355 CONFIG_KEY_0178 CONFIG_KEY_0375 CONFIG_KEY_0286 CONFIG_KEY_0055 CONFIG_KEY_0142 CONFIG_KEY_0174 CONFIG_KEY_0195 CONFIG_KEY_0226 CONFIG_KEY_0079 CONFIG_KEY_0123 CONFIG_KEY_0159 CONFIG_KEY_0128 CONFIG_KEY_0338 CONFIG_KEY_0133
config_key,30,55,CONFIG_KEY_0055,v1,True,True,6,87,CONFIG_KEY_0123 CONFIG_KEY_0104 FAILED CONFIG_KEY_0055 CONFIG_KEY_0133 CONFIG_KEY_0338
config_key,30,55,CONFIG_KEY_0055,v2,True,True,6,96,CONFIG_KEY_0055 CONFIG_KEY_0123 CONFIG_KEY_0104 CONFIG_KEY_0133 CONFIG_KEY_0338 CONFIG_KEY_0128
config_key,30,55,CONFIG_KEY_0055,oracle,True,True,1,16,CONFIG_KEY_0055
config_key,30,400,CONFIG_KEY_0400,user_only,False,False,0,0,
config_key,30,400,CONFIG_KEY_0400,naive,True,True,21,336,CONFIG_KEY_0103 CONFIG_KEY_0380 CONFIG_KEY_0283 CONFIG_KEY_0424 CONFIG_KEY_0304 CONFIG_KEY_0162 CONFIG_KEY_0128 CONFIG_KEY_0154 CONFIG_KEY_0428 CONFIG_KEY_0370 CONFIG_KEY_0400 CONFIG_KEY_0076 CONFIG_KEY_0273 CONFIG_KEY_0390 CONFIG_KEY_0301 CONFIG_KEY_0325 CONFIG_KEY_0216 CONFIG_KEY_0215 CONFIG_KEY_0222 CONFIG_KEY_0136 CONFIG_KEY_0436
config_key,30,400,CONFIG_KEY_0400,v1,True,True,6,87,CONFIG_KEY_0216 CONFIG_KEY_0162 FAILED CONFIG_KEY_0400 CONFIG_KEY_0436 CONFIG_KEY_0136
config_key,30,400,CONFIG_KEY_0400,v2,True,True,6,96,CONFIG_KEY_0400 CONFIG_KEY_0216 CONFIG_KEY_0162 CONFIG_KEY_0436 CONFIG_KEY_0136 CONFIG_KEY_0222
config_key,30,400,CONFIG_KEY_0400,oracle,True,True,1,16,CONFIG_KEY_0400
config_key,30,397,CONFIG_KEY_0397,user_only,False,False,0,0,
config_key,30,397,CONFIG_KEY_0397,naive,True,True,21,336,CONFIG_KEY_0380 CONFIG_KEY_0154 CONFIG_KEY_0382 CONFIG_KEY_0302 CONFIG_KEY_0399 CONFIG_KEY_0396 CONFIG_KEY_0161 CONFIG_KEY_0237 CONFIG_KEY_0338 CONFIG_KEY_0202 CONFIG_KEY_0397 CONFIG_KEY_0308 CONFIG_KEY_0224 CONFIG_KEY_0271 CONFIG_KEY_0319 CONFIG_KEY_0427 CONFIG_KEY_0334 CONFIG_KEY_0440 CONFIG_KEY_0257 CONFIG_KEY_0172 CONFIG_KEY_0341
config_key,30,397,CONFIG_KEY_0397,v1,True,True,6,87,CONFIG_KEY_0334 CONFIG_KEY_0396 FAILED CONFIG_KEY_0397 CONFIG_KEY_0341 CONFIG_KEY_0172
config_key,30,397,CONFIG_KEY_0397,v2,True,True,6,96,CONFIG_KEY_0397 CONFIG_KEY_0334 CONFIG_KEY_0396 CONFIG_KEY_0341 CONFIG_KEY_0172 CONFIG_KEY_0257
config_key,30,397,CONFIG_KEY_0397,oracle,True,True,1,16,CONFIG_KEY_0397
config_key,30,210,CONFIG_KEY_0210,user_only,False,False,0,0,
config_key,30,210,CONFIG_KEY_0210,naive,True,True,21,336,CONFIG_KEY_0250 CONFIG_KEY_0278 CONFIG_KEY_0234 CONFIG_KEY_0444 CONFIG_KEY_0185 CONFIG_KEY_0281 CONFIG_KEY_0116 CONFIG_KEY_0095 CONFIG_KEY_0334 CONFIG_KEY_0063 CONFIG_KEY_0210 CONFIG_KEY_0118 CONFIG_KEY_0432 CONFIG_KEY_0136 CONFIG_KEY_0053 CONFIG_KEY_0354 CONFIG_KEY_0057 CONFIG_KEY_0181 CONFIG_KEY_0305 CONFIG_KEY_0366 CONFIG_KEY_0437
config_key,30,210,CONFIG_KEY_0210,v1,True,True,6,87,CONFIG_KEY_0057 CONFIG_KEY_0281 FAILED CONFIG_KEY_0210 CONFIG_KEY_0437 CONFIG_KEY_0366
config_key,30,210,CONFIG_KEY_0210,v2,True,True,6,96,CONFIG_KEY_0210 CONFIG_KEY_0057 CONFIG_KEY_0281 CONFIG_KEY_0437 CONFIG_KEY_0366 CONFIG_KEY_0305
config_key,30,210,CONFIG_KEY_0210,oracle,True,True,1,16,CONFIG_KEY_0210
config_key,30,157,CONFIG_KEY_0157,user_only,False,False,0,0,
config_key,30,157,CONFIG_KEY_0157,naive,True,True,21,336,CONFIG_KEY_0176 CONFIG_KEY_0342 CONFIG_KEY_0148 CONFIG_KEY_0429 CONFIG_KEY_0280 CONFIG_KEY_0151 CONFIG_KEY_0379 CONFIG_KEY_0250 CONFIG_KEY_0349 CONFIG_KEY_0281 CONFIG_KEY_0157 CONFIG_KEY_0365 CONFIG_KEY_0311 CONFIG_KEY_0227 CONFIG_KEY_0253 CONFIG_KEY_0071 CONFIG_KEY_0330 CONFIG_KEY_0244 CONFIG_KEY_0329 CONFIG_KEY_0370 CONFIG_KEY_0110
config_key,30,157,CONFIG_KEY_0157,v1,True,True,6,87,CONFIG_KEY_0330 CONFIG_KEY_0151 FAILED CONFIG_KEY_0157 CONFIG_KEY_0110 CONFIG_KEY_0370
config_key,30,157,CONFIG_KEY_0157,v2,True,True,6,96,CONFIG_KEY_0157 CONFIG_KEY_0330 CONFIG_KEY_0151 CONFIG_KEY_0110 CONFIG_KEY_0370 CONFIG_KEY_0329
config_key,30,157,CONFIG_KEY_0157,oracle,True,True,1,16,CONFIG_KEY_0157
config_key,30,253,CONFIG_KEY_0253,user_only,False,False,0,0,
config_key,30,253,CONFIG_KEY_0253,naive,True,True,21,336,CONFIG_KEY_0363 CONFIG_KEY_0408 CONFIG_KEY_0441 CONFIG_KEY_0078 CONFIG_KEY_0349 CONFIG_KEY_0251 CONFIG_KEY_0313 CONFIG_KEY_0311 CONFIG_KEY_0396 CONFIG_KEY_0418 CONFIG_KEY_0253 CONFIG_KEY_0419 CONFIG_KEY_0213 CONFIG_KEY_0152 CONFIG_KEY_0112 CONFIG_KEY_0252 CONFIG_KEY_0360 CONFIG_KEY_0216 CONFIG_KEY_0094 CONFIG_KEY_0448 CONFIG_KEY_0096
config_key,30,253,CONFIG_KEY_0253,v1,True,True,6,87,CONFIG_KEY_0360 CONFIG_KEY_0251 FAILED CONFIG_KEY_0253 CONFIG_KEY_0096 CONFIG_KEY_0448
config_key,30,253,CONFIG_KEY_0253,v2,True,True,6,96,CONFIG_KEY_0253 CONFIG_KEY_0360 CONFIG_KEY_0251 CONFIG_KEY_0096 CONFIG_KEY_0448 CONFIG_KEY_0094
config_key,30,253,CONFIG_KEY_0253,oracle,True,True,1,16,CONFIG_KEY_0253
config_key,30,178,CONFIG_KEY_0178,user_only,False,False,0,0,
config_key,30,178,CONFIG_KEY_0178,naive,True,True,21,336,CONFIG_KEY_0093 CONFIG_KEY_0156 CONFIG_KEY_0074 CONFIG_KEY_0289 CONFIG_KEY_0387 CONFIG_KEY_0399 CONFIG_KEY_0108 CONFIG_KEY_0416 CONFIG_KEY_0211 CONFIG_KEY_0328 CONFIG_KEY_0178 CONFIG_KEY_0081 CONFIG_KEY_0216 CONFIG_KEY_0198 CONFIG_KEY_0298 CONFIG_KEY_0443 CONFIG_KEY_0361 CONFIG_KEY_0290 CONFIG_KEY_0320 CONFIG_KEY_0265 CONFIG_KEY_0433
config_key,30,178,CONFIG_KEY_0178,v1,True,True,6,87,CONFIG_KEY_0361 CONFIG_KEY_0399 FAILED CONFIG_KEY_0178 CONFIG_KEY_0433 CONFIG_KEY_0265
config_key,30,178,CONFIG_KEY_0178,v2,True,True,6,96,CONFIG_KEY_0178 CONFIG_KEY_0361 CONFIG_KEY_0399 CONFIG_KEY_0433 CONFIG_KEY_0265 CONFIG_KEY_0320
config_key,30,178,CONFIG_KEY_0178,oracle,True,True,1,16,CONFIG_KEY_0178
config_key,30,228,CONFIG_KEY_0228,user_only,False,False,0,0,
config_key,30,228,CONFIG_KEY_0228,naive,True,True,21,336,CONFIG_KEY_0322 CONFIG_KEY_0174 CONFIG_KEY_0175 CONFIG_KEY_0334 CONFIG_KEY_0319 CONFIG_KEY_0103 CONFIG_KEY_0376 CONFIG_KEY_0261 CONFIG_KEY_0099 CONFIG_KEY_0316 CONFIG_KEY_0228 CONFIG_KEY_0148 CONFIG_KEY_0358 CONFIG_KEY_0328 CONFIG_KEY_0419 CONFIG_KEY_0234 CONFIG_KEY_0127 CONFIG_KEY_0356 CONFIG_KEY_0255 CONFIG_KEY_0161 CONFIG_KEY_0382
config_key,30,228,CONFIG_KEY_0228,v1,True,True,6,87,CONFIG_KEY_0127 CONFIG_KEY_0103 FAILED CONFIG_KEY_0228 CONFIG_KEY_0382 CONFIG_KEY_0161
config_key,30,228,CONFIG_KEY_0228,v2,True,True,6,96,CONFIG_KEY_0228 CONFIG_KEY_0127 CONFIG_KEY_0103 CONFIG_KEY_0382 CONFIG_KEY_0161 CONFIG_KEY_0255
config_key,30,228,CONFIG_KEY_0228,oracle,True,True,1,16,CONFIG_KEY_0228
config_key,30,232,CONFIG_KEY_0232,user_only,False,False,0,0,
config_key,30,232,CONFIG_KEY_0232,naive,True,True,21,336,CONFIG_KEY_0382 CONFIG_KEY_0173 CONFIG_KEY_0371 CONFIG_KEY_0394 CONFIG_KEY_0192 CONFIG_KEY_0224 CONFIG_KEY_0146 CONFIG_KEY_0136 CONFIG_KEY_0132 CONFIG_KEY_0306 CONFIG_KEY_0232 CONFIG_KEY_0308 CONFIG_KEY_0152 CONFIG_KEY_0401 CONFIG_KEY_0196 CONFIG_KEY_0412 CONFIG_KEY_0293 CONFIG_KEY_0233 CONFIG_KEY_0430 CONFIG_KEY_0446 CONFIG_KEY_0325
config_key,30,232,CONFIG_KEY_0232,v1,True,True,6,87,CONFIG_KEY_0293 CONFIG_KEY_0224 FAILED CONFIG_KEY_0232 CONFIG_KEY_0325 CONFIG_KEY_0446
config_key,30,232,CONFIG_KEY_0232,v2,True,True,6,96,CONFIG_KEY_0232 CONFIG_KEY_0293 CONFIG_KEY_0224 CONFIG_KEY_0325 CONFIG_KEY_0446 CONFIG_KEY_0430
config_key,30,232,CONFIG_KEY_0232,oracle,True,True,1,16,CONFIG_KEY_0232
config_key,30,242,CONFIG_KEY_0242,user_only,False,False,0,0,
config_key,30,242,CONFIG_KEY_0242,naive,True,True,21,336,CONFIG_KEY_0418 CONFIG_KEY_0175 CONFIG_KEY_0231 CONFIG_KEY_0363 CONFIG_KEY_0190 CONFIG_KEY_0205 CONFIG_KEY_0358 CONFIG_KEY_0374 CONFIG_KEY_0378 CONFIG_KEY_0213 CONFIG_KEY_0242 CONFIG_KEY_0119 CONFIG_KEY_0267 CONFIG_KEY_0296 CONFIG_KEY_0426 CONFIG_KEY_0204 CONFIG_KEY_0228 CONFIG_KEY_0330 CONFIG_KEY_0110 CONFIG_KEY_0292 CONFIG_KEY_0279
config_key,30,242,CONFIG_KEY_0242,v1,True,True,6,87,CONFIG_KEY_0228 CONFIG_KEY_0205 FAILED CONFIG_KEY_0242 CONFIG_KEY_0279 CONFIG_KEY_0292
config_key,30,242,CONFIG_KEY_0242,v2,True,True,6,96,CONFIG_KEY_0242 CONFIG_KEY_0228 CONFIG_KEY_0205 CONFIG_KEY_0279 CONFIG_KEY_0292 CONFIG_KEY_0110
config_key,30,242,CONFIG_KEY_0242,oracle,True,True,1,16,CONFIG_KEY_0242
config_key,30,431,CONFIG_KEY_0431,user_only,False,False,0,0,
config_key,30,431,CONFIG_KEY_0431,naive,True,True,21,336,CONFIG_KEY_0225 CONFIG_KEY_0434 CONFIG_KEY_0316 CONFIG_KEY_0450 CONFIG_KEY_0325 CONFIG_KEY_0124 CONFIG_KEY_0142 CONFIG_KEY_0241 CONFIG_KEY_0206 CONFIG_KEY_0332 CONFIG_KEY_0431 CONFIG_KEY_0364 CONFIG_KEY_0311 CONFIG_KEY_0208 CONFIG_KEY_0109 CONFIG_KEY_0110 CONFIG_KEY_0083 CONFIG_KEY_0383 CONFIG_KEY_0204 CONFIG_KEY_0251 CONFIG_KEY_0324
config_key,30,431,CONFIG_KEY_0431,v1,True,True,6,87,CONFIG_KEY_0083 CONFIG_KEY_0124 FAILED CONFIG_KEY_0431 CONFIG_KEY_0324 CONFIG_KEY_0251
config_key,30,431,CONFIG_KEY_0431,v2,True,True,6,96,CONFIG_KEY_0431 CONFIG_KEY_0083 CONFIG_KEY_0124 CONFIG_KEY_0324 CONFIG_KEY_0251 CONFIG_KEY_0204
config_key,30,431,CONFIG_KEY_0431,oracle,True,True,1,16,CONFIG_KEY_0431
config_key,30,376,CONFIG_KEY_0376,user_only,False,False,0,0,
config_key,30,376,CONFIG_KEY_0376,naive,True,True,21,336,CONFIG_KEY_0299 CONFIG_KEY_0164 CONFIG_KEY_0243 CONFIG_KEY_0213 CONFIG_KEY_0053 CONFIG_KEY_0167 CONFIG_KEY_0177 CONFIG_KEY_0308 CONFIG_KEY_0349 CONFIG_KEY_0117 CONFIG_KEY_0376 CONFIG_KEY_0268 CONFIG_KEY_0412 CONFIG_KEY_0125 CONFIG_KEY_0379 CONFIG_KEY_0256 CONFIG_KEY_0271 CONFIG_KEY_0051 CONFIG_KEY_0074 CONFIG_KEY_0163 CONFIG_KEY_0260
config_key,30,376,CONFIG_KEY_0376,v1,True,True,6,87,CONFIG_KEY_0271 CONFIG_KEY_0167 FAILED CONFIG_KEY_0376 CONFIG_KEY_0260 CONFIG_KEY_0163
config_key,30,376,CONFIG_KEY_0376,v2,True,True,6,96,CONFIG_KEY_0376 CONFIG_KEY_0271 CONFIG_KEY_0167 CONFIG_KEY_0260 CONFIG_KEY_0163 CONFIG_KEY_0074
config_key,30,376,CONFIG_KEY_0376,oracle,True,True,1,16,CONFIG_KEY_0376
config_key,30,89,CONFIG_KEY_0089,user_only,False,False,0,0,
config_key,30,89,CONFIG_KEY_0089,naive,True,True,21,336,CONFIG_KEY_0438 CONFIG_KEY_0150 CONFIG_KEY_0095 CONFIG_KEY_0380 CONFIG_KEY_0090 CONFIG_KEY_0371 CONFIG_KEY_0121 CONFIG_KEY_0236 CONFIG_KEY_0412 CONFIG_KEY_0292 CONFIG_KEY_0089 CONFIG_KEY_0128 CONFIG_KEY_0177 CONFIG_KEY_0154 CONFIG_KEY_0344 CONFIG_KEY_0328 CONFIG_KEY_0258 CONFIG_KEY_0190 CONFIG_KEY_0101 CONFIG_KEY_0165 CONFIG_KEY_0366
config_key,30,89,CONFIG_KEY_0089,v1,True,True,6,87,CONFIG_KEY_0258 CONFIG_KEY_0371 FAILED CONFIG_KEY_0089 CONFIG_KEY_0366 CONFIG_KEY_0165
config_key,30,89,CONFIG_KEY_0089,v2,True,True,6,96,CONFIG_KEY_0089 CONFIG_KEY_0258 CONFIG_KEY_0371 CONFIG_KEY_0366 CONFIG_KEY_0165 CONFIG_KEY_0101
config_key,30,89,CONFIG_KEY_0089,oracle,True,True,1,16,CONFIG_KEY_0089
config_key,30,420,CONFIG_KEY_0420,user_only,False,False,0,0,
config_key,30,420,CONFIG_KEY_0420,naive,True,True,21,336,CONFIG_KEY_0067 CONFIG_KEY_0156 CONFIG_KEY_0403 CONFIG_KEY_0088 CONFIG_KEY_0080 CONFIG_KEY_0421 CONFIG_KEY_0422 CONFIG_KEY_0379 CONFIG_KEY_0416 CONFIG_KEY_0078 CONFIG_KEY_0420 CONFIG_KEY_0206 CONFIG_KEY_0259 CONFIG_KEY_0358 CONFIG_KEY_0340 CONFIG_KEY_0399 CONFIG_KEY_0151 CONFIG_KEY_0094 CONFIG_KEY_0086 CONFIG_KEY_0357 CONFIG_KEY_0447
config_key,30,420,CONFIG_KEY_0420,v1,True,True,6,87,CONFIG_KEY_0151 CONFIG_KEY_0421 FAILED CONFIG_KEY_0420 CONFIG_KEY_0447 CONFIG_KEY_0357
config_key,30,420,CONFIG_KEY_0420,v2,True,True,6,96,CONFIG_KEY_0420 CONFIG_KEY_0151 CONFIG_KEY_0421 CONFIG_KEY_0447 CONFIG_KEY_0357 CONFIG_KEY_0086
config_key,30,420,CONFIG_KEY_0420,oracle,True,True,1,16,CONFIG_KEY_0420
config_key,30,224,CONFIG_KEY_0224,user_only,False,False,0,0,
config_key,30,224,CONFIG_KEY_0224,naive,True,True,21,336,CONFIG_KEY_0440 CONFIG_KEY_0370 CONFIG_KEY_0395 CONFIG_KEY_0143 CONFIG_KEY_0127 CONFIG_KEY_0122 CONFIG_KEY_0432 CONFIG_KEY_0423 CONFIG_KEY_0411 CONFIG_KEY_0255 CONFIG_KEY_0224 CONFIG_KEY_0444 CONFIG_KEY_0361 CONFIG_KEY_0244 CONFIG_KEY_0103 CONFIG_KEY_0280 CONFIG_KEY_0418 CONFIG_KEY_0171 CONFIG_KEY_0186 CONFIG_KEY_0441 CONFIG_KEY_0428
config_key,30,224,CONFIG_KEY_0224,v1,True,True,6,87,CONFIG_KEY_0418 CONFIG_KEY_0122 FAILED CONFIG_KEY_0224 CONFIG_KEY_0428 CONFIG_KEY_0441
config_key,30,224,CONFIG_KEY_0224,v2,True,True,6,96,CONFIG_KEY_0224 CONFIG_KEY_0418 CONFIG_KEY_0122 CONFIG_KEY_0428 CONFIG_KEY_0441 CONFIG_KEY_0186
config_key,30,224,CONFIG_KEY_0224,oracle,True,True,1,16,CONFIG_KEY_0224
config_key,30,95,CONFIG_KEY_0095,user_only,False,False,0,0,
config_key,30,95,CONFIG_KEY_0095,naive,True,True,21,336,CONFIG_KEY_0215 CONFIG_KEY_0277 CONFIG_KEY_0055 CONFIG_KEY_0403 CONFIG_KEY_0417 CONFIG_KEY_0363 CONFIG_KEY_0159 CONFIG_KEY_0241 CONFIG_KEY_0448 CONFIG_KEY_0155 CONFIG_KEY_0095 CONFIG_KEY_0397 CONFIG_KEY_0364 CONFIG_KEY_0245 CONFIG_KEY_0283 CONFIG_KEY_0381 CONFIG_KEY_0184 CONFIG_KEY_0428 CONFIG_KEY_0449 CONFIG_KEY_0172 CONFIG_KEY_0056
config_key,30,95,CONFIG_KEY_0095,v1,True,True,6,87,CONFIG_KEY_0184 CONFIG_KEY_0363 FAILED CONFIG_KEY_0095 CONFIG_KEY_0056 CONFIG_KEY_0172
config_key,30,95,CONFIG_KEY_0095,v2,True,True,6,96,CONFIG_KEY_0095 CONFIG_KEY_0184 CONFIG_KEY_0363 CONFIG_KEY_0056 CONFIG_KEY_0172 CONFIG_KEY_0449
config_key,30,95,CONFIG_KEY_0095,oracle,True,True,1,16,CONFIG_KEY_0095
config_key,30,335,CONFIG_KEY_0335,user_only,False,False,0,0,
config_key,30,335,CONFIG_KEY_0335,naive,True,True,21,336,CONFIG_KEY_0149 CONFIG_KEY_0182 CONFIG_KEY_0129 CONFIG_KEY_0224 CONFIG_KEY_0118 CONFIG_KEY_0380 CONFIG_KEY_0127 CONFIG_KEY_0362 CONFIG_KEY_0420 CONFIG_KEY_0403 CONFIG_KEY_0335 CONFIG_KEY_0138 CONFIG_KEY_0150 CONFIG_KEY_0333 CONFIG_KEY_0338 CONFIG_KEY_0113 CONFIG_KEY_0366 CONFIG_KEY_0154 CONFIG_KEY_0375 CONFIG_KEY_0301 CONFIG_KEY_0320
config_key,30,335,CONFIG_KEY_0335,v1,True,True,6,87,CONFIG_KEY_0366 CONFIG_KEY_0380 FAILED CONFIG_KEY_0335 CONFIG_KEY_0320 CONFIG_KEY_0301
config_key,30,335,CONFIG_KEY_0335,v2,True,True,6,96,CONFIG_KEY_0335 CONFIG_KEY_0366 CONFIG_KEY_0380 CONFIG_KEY_0320 CONFIG_KEY_0301 CONFIG_KEY_0375
config_key,30,335,CONFIG_KEY_0335,oracle,True,True,1,16,CONFIG_KEY_0335
config_key,30,325,CONFIG_KEY_0325,user_only,False,False,0,0,
config_key,30,325,CONFIG_KEY_0325,naive,True,True,21,336,CONFIG_KEY_0101 CONFIG_KEY_0089 CONFIG_KEY_0154 CONFIG_KEY_0285 CONFIG_KEY_0149 CONFIG_KEY_0309 CONFIG_KEY_0315 CONFIG_KEY_0392 CONFIG_KEY_0318 CONFIG_KEY_0271 CONFIG_KEY_0325 CONFIG_KEY_0088 CONFIG_KEY_0310 CONFIG_KEY_0435 CONFIG_KEY_0424 CONFIG_KEY_0302 CONFIG_KEY_0213 CONFIG_KEY_0230 CONFIG_KEY_0397 CONFIG_KEY_0423 CONFIG_KEY_0319
config_key,30,325,CONFIG_KEY_0325,v1,True,True,6,87,CONFIG_KEY_0213 CONFIG_KEY_0309 FAILED CONFIG_KEY_0325 CONFIG_KEY_0319 CONFIG_KEY_0423
config_key,30,325,CONFIG_KEY_0325,v2,True,True,6,96,CONFIG_KEY_0325 CONFIG_KEY_0213 CONFIG_KEY_0309 CONFIG_KEY_0319 CONFIG_KEY_0423 CONFIG_KEY_0397
config_key,30,325,CONFIG_KEY_0325,oracle,True,True,1,16,CONFIG_KEY_0325
config_key,30,199,CONFIG_KEY_0199,user_only,False,False,0,0,
config_key,30,199,CONFIG_KEY_0199,naive,True,True,21,336,CONFIG_KEY_0385 CONFIG_KEY_0109 CONFIG_KEY_0350 CONFIG_KEY_0091 CONFIG_KEY_0338 CONFIG_KEY_0061 CONFIG_KEY_0352 CONFIG_KEY_0121 CONFIG_KEY_0251 CONFIG_KEY_0084 CONFIG_KEY_0199 CONFIG_KEY_0165 CONFIG_KEY_0143 CONFIG_KEY_0340 CONFIG_KEY_0349 CONFIG_KEY_0110 CONFIG_KEY_0382 CONFIG_KEY_0149 CONFIG_KEY_0395 CONFIG_KEY_0212 CONFIG_KEY_0188
config_key,30,199,CONFIG_KEY_0199,v1,True,True,6,87,CONFIG_KEY_0382 CONFIG_KEY_0061 FAILED CONFIG_KEY_0199 CONFIG_KEY_0188 CONFIG_KEY_0212
config_key,30,199,CONFIG_KEY_0199,v2,True,True,6,96,CONFIG_KEY_0199 CONFIG_KEY_0382 CONFIG_KEY_0061 CONFIG_KEY_0188 CONFIG_KEY_0212 CONFIG_KEY_0395
config_key,30,199,CONFIG_KEY_0199,oracle,True,True,1,16,CONFIG_KEY_0199
config_key,30,284,CONFIG_KEY_0284,user_only,False,False,0,0,
config_key,30,284,CONFIG_KEY_0284,naive,True,True,21,336,CONFIG_KEY_0166 CONFIG_KEY_0298 CONFIG_KEY_0444 CONFIG_KEY_0144 CONFIG_KEY_0312 CONFIG_KEY_0414 CONFIG_KEY_0230 CONFIG_KEY_0076 CONFIG_KEY_0067 CONFIG_KEY_0098 CONFIG_KEY_0284 CONFIG_KEY_0335 CONFIG_KEY_0064 CONFIG_KEY_0223 CONFIG_KEY_0379 CONFIG_KEY_0401 CONFIG_KEY_0266 CONFIG_KEY_0118 CONFIG_KEY_0439 CONFIG_KEY_0269 CONFIG_KEY_0373
config_key,30,284,CONFIG_KEY_0284,v1,True,True,6,87,CONFIG_KEY_0266 CONFIG_KEY_0414 FAILED CONFIG_KEY_0284 CONFIG_KEY_0373 CONFIG_KEY_0269
config_key,30,284,CONFIG_KEY_0284,v2,True,True,6,96,CONFIG_KEY_0284 CONFIG_KEY_0266 CONFIG_KEY_0414 CONFIG_KEY_0373 CONFIG_KEY_0269 CONFIG_KEY_0439
config_key,30,284,CONFIG_KEY_0284,oracle,True,True,1,16,CONFIG_KEY_0284
config_key,30,122,CONFIG_KEY_0122,user_only,False,False,0,0,
config_key,30,122,CONFIG_KEY_0122,naive,True,True,21,336,CONFIG_KEY_0202 CONFIG_KEY_0156 CONFIG_KEY_0284 CONFIG_KEY_0324 CONFIG_KEY_0230 CONFIG_KEY_0249 CONFIG_KEY_0147 CONFIG_KEY_0268 CONFIG_KEY_0390 CONFIG_KEY_0357 CONFIG_KEY_0122 CONFIG_KEY_0253 CONFIG_KEY_0352 CONFIG_KEY_0329 CONFIG_KEY_0439 CONFIG_KEY_0322 CONFIG_KEY_0392 CONFIG_KEY_0332 CONFIG_KEY_0446 CONFIG_KEY_0353 CONFIG_KEY_0238
config_key,30,122,CONFIG_KEY_0122,v1,True,True,6,87,CONFIG_KEY_0392 CONFIG_KEY_0249 FAILED CONFIG_KEY_0122 CONFIG_KEY_0238 CONFIG_KEY_0353
config_key,30,122,CONFIG_KEY_0122,v2,True,True,6,96,CONFIG_KEY_0122 CONFIG_KEY_0392 CONFIG_KEY_0249 CONFIG_KEY_0238 CONFIG_KEY_0353 CONFIG_KEY_0446
config_key,30,122,CONFIG_KEY_0122,oracle,True,True,1,16,CONFIG_KEY_0122
config_key,100,110,CONFIG_KEY_0110,user_only,False,False,0,0,
config_key,100,110,CONFIG_KEY_0110,naive,True,True,21,336,CONFIG_KEY_0335 CONFIG_KEY_0264 CONFIG_KEY_0243 CONFIG_KEY_0206 CONFIG_KEY_0407 CONFIG_KEY_0368 CONFIG_KEY_0340 CONFIG_KEY_0388 CONFIG_KEY_0437 CONFIG_KEY_0336 CONFIG_KEY_0110 CONFIG_KEY_0406 CONFIG_KEY_0342 CONFIG_KEY_0144 CONFIG_KEY_0371 CONFIG_KEY_0240 CONFIG_KEY_0248 CONFIG_KEY_0251 CONFIG_KEY_0211 CONFIG_KEY_0212 CONFIG_KEY_0421
config_key,100,110,CONFIG_KEY_0110,v1,True,True,6,87,CONFIG_KEY_0248 CONFIG_KEY_0368 FAILED CONFIG_KEY_0110 CONFIG_KEY_0421 CONFIG_KEY_0212
config_key,100,110,CONFIG_KEY_0110,v2,True,True,6,96,CONFIG_KEY_0110 CONFIG_KEY_0248 CONFIG_KEY_0368 CONFIG_KEY_0421 CONFIG_KEY_0212 CONFIG_KEY_0211
config_key,100,110,CONFIG_KEY_0110,oracle,True,True,1,16,CONFIG_KEY_0110
config_key,100,213,CONFIG_KEY_0213,user_only,False,False,0,0,
config_key,100,213,CONFIG_KEY_0213,naive,True,True,21,336,CONFIG_KEY_0422 CONFIG_KEY_0254 CONFIG_KEY_0373 CONFIG_KEY_0066 CONFIG_KEY_0382 CONFIG_KEY_0085 CONFIG_KEY_0190 CONFIG_KEY_0193 CONFIG_KEY_0438 CONFIG_KEY_0240 CONFIG_KEY_0213 CONFIG_KEY_0064 CONFIG_KEY_0437 CONFIG_KEY_0446 CONFIG_KEY_0281 CONFIG_KEY_0287 CONFIG_KEY_0065 CONFIG_KEY_0419 CONFIG_KEY_0123 CONFIG_KEY_0372 CONFIG_KEY_0209
config_key,100,213,CONFIG_KEY_0213,v1,True,True,6,87,CONFIG_KEY_0065 CONFIG_KEY_0085 FAILED CONFIG_KEY_0213 CONFIG_KEY_0209 CONFIG_KEY_0372
config_key,100,213,CONFIG_KEY_0213,v2,True,True,6,96,CONFIG_KEY_0213 CONFIG_KEY_0065 CONFIG_KEY_0085 CONFIG_KEY_0209 CONFIG_KEY_0372 CONFIG_KEY_0123
config_key,100,213,CONFIG_KEY_0213,oracle,True,True,1,16,CONFIG_KEY_0213
config_key,100,307,CONFIG_KEY_0307,user_only,False,False,0,0,
config_key,100,307,CONFIG_KEY_0307,naive,True,True,21,336,CONFIG_KEY_0154 CONFIG_KEY_0353 CONFIG_KEY_0416 CONFIG_KEY_0263 CONFIG_KEY_0308 CONFIG_KEY_0224 CONFIG_KEY_0421 CONFIG_KEY_0371 CONFIG_KEY_0093 CONFIG_KEY_0278 CONFIG_KEY_0307 CONFIG_KEY_0304 CONFIG_KEY_0413 CONFIG_KEY_0401 CONFIG_KEY_0260 CONFIG_KEY_0419 CONFIG_KEY_0298 CONFIG_KEY_0070 CONFIG_KEY_0324 CONFIG_KEY_0363 CONFIG_KEY_0059
config_key,100,307,CONFIG_KEY_0307,v1,True,True,6,87,CONFIG_KEY_0298 CONFIG_KEY_0224 FAILED CONFIG_KEY_0307 CONFIG_KEY_0059 CONFIG_KEY_0363
config_key,100,307,CONFIG_KEY_0307,v2,True,True,6,96,CONFIG_KEY_0307 CONFIG_KEY_0298 CONFIG_KEY_0224 CONFIG_KEY_0059 CONFIG_KEY_0363 CONFIG_KEY_0324
config_key,100,307,CONFIG_KEY_0307,oracle,True,True,1,16,CONFIG_KEY_0307
config_key,100,312,CONFIG_KEY_0312,user_only,False,False,0,0,
config_key,100,312,CONFIG_KEY_0312,naive,True,True,21,336,CONFIG_KEY_0332 CONFIG_KEY_0302 CONFIG_KEY_0081 CONFIG_KEY_0440 CONFIG_KEY_0050 CONFIG_KEY_0424 CONFIG_KEY_0411 CONFIG_KEY_0276 CONFIG_KEY_0410 CONFIG_KEY_0301 CONFIG_KEY_0312 CONFIG_KEY_0192 CONFIG_KEY_0154 CONFIG_KEY_0263 CONFIG_KEY_0313 CONFIG_KEY_0067 CONFIG_KEY_0333 CONFIG_KEY_0110 CONFIG_KEY_0367 CONFIG_KEY_0144 CONFIG_KEY_0078
config_key,100,312,CONFIG_KEY_0312,v1,True,True,6,87,CONFIG_KEY_0333 CONFIG_KEY_0424 FAILED CONFIG_KEY_0312 CONFIG_KEY_0078 CONFIG_KEY_0144
config_key,100,312,CONFIG_KEY_0312,v2,True,True,6,96,CONFIG_KEY_0312 CONFIG_KEY_0333 CONFIG_KEY_0424 CONFIG_KEY_0078 CONFIG_KEY_0144 CONFIG_KEY_0367
config_key,100,312,CONFIG_KEY_0312,oracle,True,True,1,16,CONFIG_KEY_0312
config_key,100,381,CONFIG_KEY_0381,user_only,False,False,0,0,
config_key,100,381,CONFIG_KEY_0381,naive,True,True,21,336,CONFIG_KEY_0137 CONFIG_KEY_0119 CONFIG_KEY_0214 CONFIG_KEY_0311 CONFIG_KEY_0157 CONFIG_KEY_0393 CONFIG_KEY_0313 CONFIG_KEY_0103 CONFIG_KEY_0369 CONFIG_KEY_0140 CONFIG_KEY_0381 CONFIG_KEY_0132 CONFIG_KEY_0055 CONFIG_KEY_0277 CONFIG_KEY_0226 CONFIG_KEY_0183 CONFIG_KEY_0245 CONFIG_KEY_0170 CONFIG_KEY_0056 CONFIG_KEY_0185 CONFIG_KEY_0432
config_key,100,381,CONFIG_KEY_0381,v1,True,True,6,87,CONFIG_KEY_0245 CONFIG_KEY_0393 FAILED CONFIG_KEY_0381 CONFIG_KEY_0432 CONFIG_KEY_0185
config_key,100,381,CONFIG_KEY_0381,v2,True,True,6,96,CONFIG_KEY_0381 CONFIG_KEY_0245 CONFIG_KEY_0393 CONFIG_KEY_0432 CONFIG_KEY_0185 CONFIG_KEY_0056
config_key,100,381,CONFIG_KEY_0381,oracle,True,True,1,16,CONFIG_KEY_0381
config_key,100,102,CONFIG_KEY_0102,user_only,False,False,0,0,
config_key,100,102,CONFIG_KEY_0102,naive,True,True,21,336,CONFIG_KEY_0256 CONFIG_KEY_0335 CONFIG_KEY_0305 CONFIG_KEY_0425 CONFIG_KEY_0070 CONFIG_KEY_0165 CONFIG_KEY_0263 CONFIG_KEY_0386 CONFIG_KEY_0205 CONFIG_KEY_0443 CONFIG_KEY_0102 CONFIG_KEY_0344 CONFIG_KEY_0326 CONFIG_KEY_0185 CONFIG_KEY_0341 CONFIG_KEY_0139 CONFIG_KEY_0363 CONFIG_KEY_0265 CONFIG_KEY_0247 CONFIG_KEY_0286 CONFIG_KEY_0283
config_key,100,102,CONFIG_KEY_0102,v1,True,True,6,87,CONFIG_KEY_0363 CONFIG_KEY_0165 FAILED CONFIG_KEY_0102 CONFIG_KEY_0283 CONFIG_KEY_0286
config_key,100,102,CONFIG_KEY_0102,v2,True,True,6,96,CONFIG_KEY_0102 CONFIG_KEY_0363 CONFIG_KEY_0165 CONFIG_KEY_0283 CONFIG_KEY_0286 CONFIG_KEY_0247
config_key,100,102,CONFIG_KEY_0102,oracle,True,True,1,16,CONFIG_KEY_0102
config_key,100,164,CONFIG_KEY_0164,user_only,False,False,0,0,
config_key,100,164,CONFIG_KEY_0164,naive,True,True,21,336,CONFIG_KEY_0360 CONFIG_KEY_0206 CONFIG_KEY_0166 CONFIG_KEY_0125 CONFIG_KEY_0413 CONFIG_KEY_0436 CONFIG_KEY_0305 CONFIG_KEY_0162 CONFIG_KEY_0353 CONFIG_KEY_0270 CONFIG_KEY_0164 CONFIG_KEY_0299 CONFIG_KEY_0271 CONFIG_KEY_0218 CONFIG_KEY_0415 CONFIG_KEY_0093 CONFIG_KEY_0186 CONFIG_KEY_0202 CONFIG_KEY_0346 CONFIG_KEY_0375 CONFIG_KEY_0260
config_key,100,164,CONFIG_KEY_0164,v1,True,True,6,87,CONFIG_KEY_0186 CONFIG_KEY_0436 FAILED CONFIG_KEY_0164 CONFIG_KEY_0260 CONFIG_KEY_0375
config_key,100,164,CONFIG_KEY_0164,v2,True,True,6,96,CONFIG_KEY_0164 CONFIG_KEY_0186 CONFIG_KEY_0436 CONFIG_KEY_0260 CONFIG_KEY_0375 CONFIG_KEY_0346
config_key,100,164,CONFIG_KEY_0164,oracle,True,True,1,16,CONFIG_KEY_0164
config_key,100,357,CONFIG_KEY_0357,user_only,False,False,0,0,
config_key,100,357,CONFIG_KEY_0357,naive,True,True,21,336,CONFIG_KEY_0347 CONFIG_KEY_0287 CONFIG_KEY_0058 CONFIG_KEY_0335 CONFIG_KEY_0346 CONFIG_KEY_0117 CONFIG_KEY_0417 CONFIG_KEY_0228 CONFIG_KEY_0354 CONFIG_KEY_0179 CONFIG_KEY_0357 CONFIG_KEY_0290 CONFIG_KEY_0175 CONFIG_KEY_0216 CONFIG_KEY_0186 CONFIG_KEY_0366 CONFIG_KEY_0436 CONFIG_KEY_0433 CONFIG_KEY_0080 CONFIG_KEY_0400 CONFIG_KEY_0254
config_key,100,357,CONFIG_KEY_0357,v1,True,True,6,87,CONFIG_KEY_0436 CONFIG_KEY_0117 FAILED CONFIG_KEY_0357 CONFIG_KEY_0254 CONFIG_KEY_0400
config_key,100,357,CONFIG_KEY_0357,v2,True,True,6,96,CONFIG_KEY_0357 CONFIG_KEY_0436 CONFIG_KEY_0117 CONFIG_KEY_0254 CONFIG_KEY_0400 CONFIG_KEY_0080
config_key,100,357,CONFIG_KEY_0357,oracle,True,True,1,16,CONFIG_KEY_0357
config_key,100,368,CONFIG_KEY_0368,user_only,False,False,0,0,
config_key,100,368,CONFIG_KEY_0368,naive,True,True,21,336,CONFIG_KEY_0213 CONFIG_KEY_0102 CONFIG_KEY_0172 CONFIG_KEY_0365 CONFIG_KEY_0373 CONFIG_KEY_0279 CONFIG_KEY_0237 CONFIG_KEY_0124 CONFIG_KEY_0073 CONFIG_KEY_0097 CONFIG_KEY_0368 CONFIG_KEY_0168 CONFIG_KEY_0273 CONFIG_KEY_0117 CONFIG_KEY_0259 CONFIG_KEY_0409 CONFIG_KEY_0388 CONFIG_KEY_0119 CONFIG_KEY_0240 CONFIG_KEY_0350 CONFIG_KEY_0269
config_key,100,368,CONFIG_KEY_0368,v1,True,True,6,87,CONFIG_KEY_0388 CONFIG_KEY_0279 FAILED CONFIG_KEY_0368 CONFIG_KEY_0269 CONFIG_KEY_0350
config_key,100,368,CONFIG_KEY_0368,v2,True,True,6,96,CONFIG_KEY_0368 CONFIG_KEY_0388 CONFIG_KEY_0279 CONFIG_KEY_0269 CONFIG_KEY_0350 CONFIG_KEY_0240
config_key,100,368,CONFIG_KEY_0368,oracle,True,True,1,16,CONFIG_KEY_0368
config_key,100,334,CONFIG_KEY_0334,user_only,False,False,0,0,
config_key,100,334,CONFIG_KEY_0334,naive,True,True,21,336,CONFIG_KEY_0441 CONFIG_KEY_0050 CONFIG_KEY_0383 CONFIG_KEY_0062 CONFIG_KEY_0219 CONFIG_KEY_0296 CONFIG_KEY_0183 CONFIG_KEY_0091 CONFIG_KEY_0270 CONFIG_KEY_0198 CONFIG_KEY_0334 CONFIG_KEY_0114 CONFIG_KEY_0358 CONFIG_KEY_0182 CONFIG_KEY_0304 CONFIG_KEY_0138 CONFIG_KEY_0414 CONFIG_KEY_0185 CONFIG_KEY_0141 CONFIG_KEY_0254 CONFIG_KEY_0354
config_key,100,334,CONFIG_KEY_0334,v1,True,True,6,87,CONFIG_KEY_0414 CONFIG_KEY_0296 FAILED CONFIG_KEY_0334 CONFIG_KEY_0354 CONFIG_KEY_0254
config_key,100,334,CONFIG_KEY_0334,v2,True,True,6,96,CONFIG_KEY_0334 CONFIG_KEY_0414 CONFIG_KEY_0296 CONFIG_KEY_0354 CONFIG_KEY_0254 CONFIG_KEY_0141
config_key,100,334,CONFIG_KEY_0334,oracle,True,True,1,16,CONFIG_KEY_0334
config_key,100,265,CONFIG_KEY_0265,user_only,False,False,0,0,
config_key,100,265,CONFIG_KEY_0265,naive,True,True,21,336,CONFIG_KEY_0125 CONFIG_KEY_0227 CONFIG_KEY_0398 CONFIG_KEY_0168 CONFIG_KEY_0288 CONFIG_KEY_0113 CONFIG_KEY_0375 CONFIG_KEY_0055 CONFIG_KEY_0073 CONFIG_KEY_0238 CONFIG_KEY_0265 CONFIG_KEY_0146 CONFIG_KEY_0264 CONFIG_KEY_0437 CONFIG_KEY_0286 CONFIG_KEY_0120 CONFIG_KEY_0335 CONFIG_KEY_0194 CONFIG_KEY_0275 CONFIG_KEY_0341 CONFIG_KEY_0279
config_key,100,265,CONFIG_KEY_0265,v1,True,True,6,87,CONFIG_KEY_0335 CONFIG_KEY_0113 FAILED CONFIG_KEY_0265 CONFIG_KEY_0279 CONFIG_KEY_0341
config_key,100,265,CONFIG_KEY_0265,v2,True,True,6,96,CONFIG_KEY_0265 CONFIG_KEY_0335 CONFIG_KEY_0113 CONFIG_KEY_0279 CONFIG_KEY_0341 CONFIG_KEY_0275
config_key,100,265,CONFIG_KEY_0265,oracle,True,True,1,16,CONFIG_KEY_0265
config_key,100,343,CONFIG_KEY_0343,user_only,False,False,0,0,
config_key,100,343,CONFIG_KEY_0343,naive,True,True,21,336,CONFIG_KEY_0433 CONFIG_KEY_0164 CONFIG_KEY_0163 CONFIG_KEY_0093 CONFIG_KEY_0430 CONFIG_KEY_0260 CONFIG_KEY_0351 CONFIG_KEY_0149 CONFIG_KEY_0393 CONFIG_KEY_0209 CONFIG_KEY_0343 CONFIG_KEY_0082 CONFIG_KEY_0202 CONFIG_KEY_0141 CONFIG_KEY_0444 CONFIG_KEY_0231 CONFIG_KEY_0431 CONFIG_KEY_0420 CONFIG_KEY_0175 CONFIG_KEY_0352 CONFIG_KEY_0084
config_key,100,343,CONFIG_KEY_0343,v1,True,True,6,87,CONFIG_KEY_0431 CONFIG_KEY_0260 FAILED CONFIG_KEY_0343 CONFIG_KEY_0084 CONFIG_KEY_0352
config_key,100,343,CONFIG_KEY_0343,v2,True,True,6,96,CONFIG_KEY_0343 CONFIG_KEY_0431 CONFIG_KEY_0260 CONFIG_KEY_0084 CONFIG_KEY_0352 CONFIG_KEY_0175
config_key,100,343,CONFIG_KEY_0343,oracle,True,True,1,16,CONFIG_KEY_0343
config_key,100,330,CONFIG_KEY_0330,user_only,False,False,0,0,
config_key,100,330,CONFIG_KEY_0330,naive,True,True,21,336,CONFIG_KEY_0336 CONFIG_KEY_0185 CONFIG_KEY_0178 CONFIG_KEY_0052 CONFIG_KEY_0380 CONFIG_KEY_0186 CONFIG_KEY_0088 CONFIG_KEY_0130 CONFIG_KEY_0284 CONFIG_KEY_0329 CONFIG_KEY_0330 CONFIG_KEY_0153 CONFIG_KEY_0123 CONFIG_KEY_0188 CONFIG_KEY_0340 CONFIG_KEY_0306 CONFIG_KEY_0240 CONFIG_KEY_0226 CONFIG_KEY_0349 CONFIG_KEY_0265 CONFIG_KEY_0448
config_key,100,330,CONFIG_KEY_0330,v1,True,True,6,87,CONFIG_KEY_0240 CONFIG_KEY_0186 FAILED CONFIG_KEY_0330 CONFIG_KEY_0448 CONFIG_KEY_0265
config_key,100,330,CONFIG_KEY_0330,v2,True,True,6,96,CONFIG_KEY_0330 CONFIG_KEY_0240 CONFIG_KEY_0186 CONFIG_KEY_0448 CONFIG_KEY_0265 CONFIG_KEY_0349
config_key,100,330,CONFIG_KEY_0330,oracle,True,True,1,16,CONFIG_KEY_0330
config_key,100,424,CONFIG_KEY_0424,user_only,False,False,0,0,
config_key,100,424,CONFIG_KEY_0424,naive,True,True,21,336,CONFIG_KEY_0105 CONFIG_KEY_0148 CONFIG_KEY_0287 CONFIG_KEY_0432 CONFIG_KEY_0189 CONFIG_KEY_0255 CONFIG_KEY_0263 CONFIG_KEY_0173 CONFIG_KEY_0119 CONFIG_KEY_0378 CONFIG_KEY_0424 CONFIG_KEY_0434 CONFIG_KEY_0111 CONFIG_KEY_0444 CONFIG_KEY_0296 CONFIG_KEY_0136 CONFIG_KEY_0258 CONFIG_KEY_0155 CONFIG_KEY_0372 CONFIG_KEY_0270 CONFIG_KEY_0393
config_key,100,424,CONFIG_KEY_0424,v1,True,True,6,87,CONFIG_KEY_0258 CONFIG_KEY_0255 FAILED CONFIG_KEY_0424 CONFIG_KEY_0393 CONFIG_KEY_0270
config_key,100,424,CONFIG_KEY_0424,v2,True,True,6,96,CONFIG_KEY_0424 CONFIG_KEY_0258 CONFIG_KEY_0255 CONFIG_KEY_0393 CONFIG_KEY_0270 CONFIG_KEY_0372
config_key,100,424,CONFIG_KEY_0424,oracle,True,True,1,16,CONFIG_KEY_0424
config_key,100,447,CONFIG_KEY_0447,user_only,False,False,0,0,
config_key,100,447,CONFIG_KEY_0447,naive,True,True,21,336,CONFIG_KEY_0282 CONFIG_KEY_0417 CONFIG_KEY_0315 CONFIG_KEY_0310 CONFIG_KEY_0215 CONFIG_KEY_0115 CONFIG_KEY_0204 CONFIG_KEY_0260 CONFIG_KEY_0332 CONFIG_KEY_0412 CONFIG_KEY_0447 CONFIG_KEY_0248 CONFIG_KEY_0275 CONFIG_KEY_0237 CONFIG_KEY_0149 CONFIG_KEY_0156 CONFIG_KEY_0209 CONFIG_KEY_0406 CONFIG_KEY_0266 CONFIG_KEY_0426 CONFIG_KEY_0387
config_key,100,447,CONFIG_KEY_0447,v1,True,True,6,87,CONFIG_KEY_0209 CONFIG_KEY_0115 FAILED CONFIG_KEY_0447 CONFIG_KEY_0387 CONFIG_KEY_0426
config_key,100,447,CONFIG_KEY_0447,v2,True,True,6,96,CONFIG_KEY_0447 CONFIG_KEY_0209 CONFIG_KEY_0115 CONFIG_KEY_0387 CONFIG_KEY_0426 CONFIG_KEY_0266
config_key,100,447,CONFIG_KEY_0447,oracle,True,True,1,16,CONFIG_KEY_0447
config_key,100,443,CONFIG_KEY_0443,user_only,False,False,0,0,
config_key,100,443,CONFIG_KEY_0443,naive,True,True,21,336,CONFIG_KEY_0342 CONFIG_KEY_0410 CONFIG_KEY_0059 CONFIG_KEY_0085 CONFIG_KEY_0186 CONFIG_KEY_0263 CONFIG_KEY_0154 CONFIG_KEY_0258 CONFIG_KEY_0361 CONFIG_KEY_0291 CONFIG_KEY_0443 CONFIG_KEY_0355 CONFIG_KEY_0066 CONFIG_KEY_0067 CONFIG_KEY_0409 CONFIG_KEY_0369 CONFIG_KEY_0177 CONFIG_KEY_0340 CONFIG_KEY_0227 CONFIG_KEY_0376 CONFIG_KEY_0313
config_key,100,443,CONFIG_KEY_0443,v1,True,True,6,87,CONFIG_KEY_0177 CONFIG_KEY_0263 FAILED CONFIG_KEY_0443 CONFIG_KEY_0313 CONFIG_KEY_0376
config_key,100,443,CONFIG_KEY_0443,v2,True,True,6,96,CONFIG_KEY_0443 CONFIG_KEY_0177 CONFIG_KEY_0263 CONFIG_KEY_0313 CONFIG_KEY_0376 CONFIG_KEY_0227
config_key,100,443,CONFIG_KEY_0443,oracle,True,True,1,16,CONFIG_KEY_0443
config_key,100,301,CONFIG_KEY_0301,user_only,False,False,0,0,
config_key,100,301,CONFIG_KEY_0301,naive,True,True,21,336,CONFIG_KEY_0109 CONFIG_KEY_0281 CONFIG_KEY_0415 CONFIG_KEY_0234 CONFIG_KEY_0361 CONFIG_KEY_0189 CONFIG_KEY_0122 CONFIG_KEY_0272 CONFIG_KEY_0210 CONFIG_KEY_0416 CONFIG_KEY_0301 CONFIG_KEY_0373 CONFIG_KEY_0387 CONFIG_KEY_0378 CONFIG_KEY_0237 CONFIG_KEY_0171 CONFIG_KEY_0360 CONFIG_KEY_0290 CONFIG_KEY_0121 CONFIG_KEY_0058 CONFIG_KEY_0392
config_key,100,301,CONFIG_KEY_0301,v1,True,True,6,87,CONFIG_KEY_0360 CONFIG_KEY_0189 FAILED CONFIG_KEY_0301 CONFIG_KEY_0392 CONFIG_KEY_0058
config_key,100,301,CONFIG_KEY_0301,v2,True,True,6,96,CONFIG_KEY_0301 CONFIG_KEY_0360 CONFIG_KEY_0189 CONFIG_KEY_0392 CONFIG_KEY_0058 CONFIG_KEY_0121
config_key,100,301,CONFIG_KEY_0301,oracle,True,True,1,16,CONFIG_KEY_0301
config_key,100,434,CONFIG_KEY_0434,user_only,False,False,0,0,
config_key,100,434,CONFIG_KEY_0434,naive,True,True,21,336,CONFIG_KEY_0389 CONFIG_KEY_0118 CONFIG_KEY_0112 CONFIG_KEY_0305 CONFIG_KEY_0169 CONFIG_KEY_0433 CONFIG_KEY_0292 CONFIG_KEY_0250 CONFIG_KEY_0286 CONFIG_KEY_0150 CONFIG_KEY_0434 CONFIG_KEY_0419 CONFIG_KEY_0364 CONFIG_KEY_0416 CONFIG_KEY_0387 CONFIG_KEY_0251 CONFIG_KEY_0334 CONFIG_KEY_0183 CONFIG_KEY_0270 CONFIG_KEY_0095 CONFIG_KEY_0054
config_key,100,434,CONFIG_KEY_0434,v1,True,True,6,87,CONFIG_KEY_0334 CONFIG_KEY_0433 FAILED CONFIG_KEY_0434 CONFIG_KEY_0054 CONFIG_KEY_0095
config_key,100,434,CONFIG_KEY_0434,v2,True,True,6,96,CONFIG_KEY_0434 CONFIG_KEY_0334 CONFIG_KEY_0433 CONFIG_KEY_0054 CONFIG_KEY_0095 CONFIG_KEY_0270
config_key,100,434,CONFIG_KEY_0434,oracle,True,True,1,16,CONFIG_KEY_0434
config_key,100,445,CONFIG_KEY_0445,user_only,False,False,0,0,
config_key,100,445,CONFIG_KEY_0445,naive,True,True,21,336,CONFIG_KEY_0188 CONFIG_KEY_0325 CONFIG_KEY_0128 CONFIG_KEY_0437 CONFIG_KEY_0360 CONFIG_KEY_0378 CONFIG_KEY_0312 CONFIG_KEY_0330 CONFIG_KEY_0106 CONFIG_KEY_0168 CONFIG_KEY_0445 CONFIG_KEY_0129 CONFIG_KEY_0112 CONFIG_KEY_0260 CONFIG_KEY_0146 CONFIG_KEY_0443 CONFIG_KEY_0252 CONFIG_KEY_0384 CONFIG_KEY_0355 CONFIG_KEY_0070 CONFIG_KEY_0063
config_key,100,445,CONFIG_KEY_0445,v1,True,True,6,87,CONFIG_KEY_0252 CONFIG_KEY_0378 FAILED CONFIG_KEY_0445 CONFIG_KEY_0063 CONFIG_KEY_0070
config_key,100,445,CONFIG_KEY_0445,v2,True,True,6,96,CONFIG_KEY_0445 CONFIG_KEY_0252 CONFIG_KEY_0378 CONFIG_KEY_0063 CONFIG_KEY_0070 CONFIG_KEY_0355
config_key,100,445,CONFIG_KEY_0445,oracle,True,True,1,16,CONFIG_KEY_0445
config_key,100,350,CONFIG_KEY_0350,user_only,False,False,0,0,
config_key,100,350,CONFIG_KEY_0350,naive,True,True,21,336,CONFIG_KEY_0392 CONFIG_KEY_0395 CONFIG_KEY_0346 CONFIG_KEY_0090 CONFIG_KEY_0254 CONFIG_KEY_0330 CONFIG_KEY_0093 CONFIG_KEY_0309 CONFIG_KEY_0189 CONFIG_KEY_0433 CONFIG_KEY_0350 CONFIG_KEY_0409 CONFIG_KEY_0198 CONFIG_KEY_0222 CONFIG_KEY_0399 CONFIG_KEY_0235 CONFIG_KEY_0213 CONFIG_KEY_0103 CONFIG_KEY_0051 CONFIG_KEY_0324 CONFIG_KEY_0442
config_key,100,350,CONFIG_KEY_0350,v1,True,True,6,87,CONFIG_KEY_0213 CONFIG_KEY_0330 FAILED CONFIG_KEY_0350 CONFIG_KEY_0442 CONFIG_KEY_0324
config_key,100,350,CONFIG_KEY_0350,v2,True,True,6,96,CONFIG_KEY_0350 CONFIG_KEY_0213 CONFIG_KEY_0330 CONFIG_KEY_0442 CONFIG_KEY_0324 CONFIG_KEY_0051
config_key,100,350,CONFIG_KEY_0350,oracle,True,True,1,16,CONFIG_KEY_0350
config_key,100,275,CONFIG_KEY_0275,user_only,False,False,0,0,
config_key,100,275,CONFIG_KEY_0275,naive,True,True,21,336,CONFIG_KEY_0081 CONFIG_KEY_0434 CONFIG_KEY_0160 CONFIG_KEY_0159 CONFIG_KEY_0205 CONFIG_KEY_0152 CONFIG_KEY_0313 CONFIG_KEY_0204 CONFIG_KEY_0336 CONFIG_KEY_0367 CONFIG_KEY_0275 CONFIG_KEY_0051 CONFIG_KEY_0295 CONFIG_KEY_0095 CONFIG_KEY_0340 CONFIG_KEY_0164 CONFIG_KEY_0084 CONFIG_KEY_0194 CONFIG_KEY_0077 CONFIG_KEY_0311 CONFIG_KEY_0088
config_key,100,275,CONFIG_KEY_0275,v1,True,True,6,87,CONFIG_KEY_0084 CONFIG_KEY_0152 FAILED CONFIG_KEY_0275 CONFIG_KEY_0088 CONFIG_KEY_0311
config_key,100,275,CONFIG_KEY_0275,v2,True,True,6,96,CONFIG_KEY_0275 CONFIG_KEY_0084 CONFIG_KEY_0152 CONFIG_KEY_0088 CONFIG_KEY_0311 CONFIG_KEY_0077
config_key,100,275,CONFIG_KEY_0275,oracle,True,True,1,16,CONFIG_KEY_0275
config_key,100,172,CONFIG_KEY_0172,user_only,False,False,0,0,
config_key,100,172,CONFIG_KEY_0172,naive,True,True,21,336,CONFIG_KEY_0310 CONFIG_KEY_0178 CONFIG_KEY_0251 CONFIG_KEY_0361 CONFIG_KEY_0097 CONFIG_KEY_0297 CONFIG_KEY_0191 CONFIG_KEY_0075 CONFIG_KEY_0161 CONFIG_KEY_0434 CONFIG_KEY_0172 CONFIG_KEY_0378 CONFIG_KEY_0206 CONFIG_KEY_0398 CONFIG_KEY_0301 CONFIG_KEY_0242 CONFIG_KEY_0177 CONFIG_KEY_0413 CONFIG_KEY_0208 CONFIG_KEY_0112 CONFIG_KEY_0156
config_key,100,172,CONFIG_KEY_0172,v1,True,True,6,87,CONFIG_KEY_0177 CONFIG_KEY_0297 FAILED CONFIG_KEY_0172 CONFIG_KEY_0156 CONFIG_KEY_0112
config_key,100,172,CONFIG_KEY_0172,v2,True,True,6,96,CONFIG_KEY_0172 CONFIG_KEY_0177 CONFIG_KEY_0297 CONFIG_KEY_0156 CONFIG_KEY_0112 CONFIG_KEY_0208
config_key,100,172,CONFIG_KEY_0172,oracle,True,True,1,16,CONFIG_KEY_0172
config_key,100,51,CONFIG_KEY_0051,user_only,True,False,0,0,
config_key,100,51,CONFIG_KEY_0051,naive,True,True,21,336,CONFIG_KEY_0443 CONFIG_KEY_0296 CONFIG_KEY_0318 CONFIG_KEY_0449 CONFIG_KEY_0441 CONFIG_KEY_0343 CONFIG_KEY_0293 CONFIG_KEY_0379 CONFIG_KEY_0385 CONFIG_KEY_0201 CONFIG_KEY_0051 CONFIG_KEY_0115 CONFIG_KEY_0186 CONFIG_KEY_0135 CONFIG_KEY_0251 CONFIG_KEY_0132 CONFIG_KEY_0189 CONFIG_KEY_0327 CONFIG_KEY_0197 CONFIG_KEY_0295 CONFIG_KEY_0270
config_key,100,51,CONFIG_KEY_0051,v1,True,True,6,87,CONFIG_KEY_0189 CONFIG_KEY_0343 FAILED CONFIG_KEY_0051 CONFIG_KEY_0270 CONFIG_KEY_0295
config_key,100,51,CONFIG_KEY_0051,v2,True,True,6,96,CONFIG_KEY_0051 CONFIG_KEY_0189 CONFIG_KEY_0343 CONFIG_KEY_0270 CONFIG_KEY_0295 CONFIG_KEY_0197
config_key,100,51,CONFIG_KEY_0051,oracle,True,True,1,16,CONFIG_KEY_0051
config_key,100,364,CONFIG_KEY_0364,user_only,False,False,0,0,
config_key,100,364,CONFIG_KEY_0364,naive,True,True,21,336,CONFIG_KEY_0154 CONFIG_KEY_0143 CONFIG_KEY_0073 CONFIG_KEY_0146 CONFIG_KEY_0126 CONFIG_KEY_0153 CONFIG_KEY_0202 CONFIG_KEY_0227 CONFIG_KEY_0203 CONFIG_KEY_0327 CONFIG_KEY_0364 CONFIG_KEY_0446 CONFIG_KEY_0215 CONFIG_KEY_0318 CONFIG_KEY_0285 CONFIG_KEY_0279 CONFIG_KEY_0386 CONFIG_KEY_0238 CONFIG_KEY_0427 CONFIG_KEY_0124 CONFIG_KEY_0196
config_key,100,364,CONFIG_KEY_0364,v1,True,True,6,87,CONFIG_KEY_0386 CONFIG_KEY_0153 FAILED CONFIG_KEY_0364 CONFIG_KEY_0196 CONFIG_KEY_0124
config_key,100,364,CONFIG_KEY_0364,v2,True,True,6,96,CONFIG_KEY_0364 CONFIG_KEY_0386 CONFIG_KEY_0153 CONFIG_KEY_0196 CONFIG_KEY_0124 CONFIG_KEY_0427
config_key,100,364,CONFIG_KEY_0364,oracle,True,True,1,16,CONFIG_KEY_0364
config_key,100,91,CONFIG_KEY_0091,user_only,True,False,0,0,
config_key,100,91,CONFIG_KEY_0091,naive,True,True,21,336,CONFIG_KEY_0423 CONFIG_KEY_0269 CONFIG_KEY_0139 CONFIG_KEY_0122 CONFIG_KEY_0101 CONFIG_KEY_0309 CONFIG_KEY_0221 CONFIG_KEY_0231 CONFIG_KEY_0381 CONFIG_KEY_0214 CONFIG_KEY_0091 CONFIG_KEY_0054 CONFIG_KEY_0246 CONFIG_KEY_0188 CONFIG_KEY_0366 CONFIG_KEY_0233 CONFIG_KEY_0152 CONFIG_KEY_0109 CONFIG_KEY_0182 CONFIG_KEY_0138 CONFIG_KEY_0361
config_key,100,91,CONFIG_KEY_0091,v1,True,True,6,87,CONFIG_KEY_0152 CONFIG_KEY_0309 FAILED CONFIG_KEY_0091 CONFIG_KEY_0361 CONFIG_KEY_0138
config_key,100,91,CONFIG_KEY_0091,v2,True,True,6,96,CONFIG_KEY_0091 CONFIG_KEY_0152 CONFIG_KEY_0309 CONFIG_KEY_0361 CONFIG_KEY_0138 CONFIG_KEY_0182
config_key,100,91,CONFIG_KEY_0091,oracle,True,True,1,16,CONFIG_KEY_0091
config_key,100,106,CONFIG_KEY_0106,user_only,False,False,0,0,
config_key,100,106,CONFIG_KEY_0106,naive,True,True,21,336,CONFIG_KEY_0057 CONFIG_KEY_0428 CONFIG_KEY_0113 CONFIG_KEY_0165 CONFIG_KEY_0370 CONFIG_KEY_0204 CONFIG_KEY_0280 CONFIG_KEY_0354 CONFIG_KEY_0261 CONFIG_KEY_0269 CONFIG_KEY_0106 CONFIG_KEY_0081 CONFIG_KEY_0071 CONFIG_KEY_0303 CONFIG_KEY_0153 CONFIG_KEY_0436 CONFIG_KEY_0382 CONFIG_KEY_0159 CONFIG_KEY_0187 CONFIG_KEY_0212 CONFIG_KEY_0122
config_key,100,106,CONFIG_KEY_0106,v1,True,True,6,87,CONFIG_KEY_0382 CONFIG_KEY_0204 FAILED CONFIG_KEY_0106 CONFIG_KEY_0122 CONFIG_KEY_0212
config_key,100,106,CONFIG_KEY_0106,v2,True,True,6,96,CONFIG_KEY_0106 CONFIG_KEY_0382 CONFIG_KEY_0204 CONFIG_KEY_0122 CONFIG_KEY_0212 CONFIG_KEY_0187
config_key,100,106,CONFIG_KEY_0106,oracle,True,True,1,16,CONFIG_KEY_0106
config_key,100,197,CONFIG_KEY_0197,user_only,False,False,0,0,
config_key,100,197,CONFIG_KEY_0197,naive,True,True,21,336,CONFIG_KEY_0306 CONFIG_KEY_0358 CONFIG_KEY_0425 CONFIG_KEY_0202 CONFIG_KEY_0243 CONFIG_KEY_0313 CONFIG_KEY_0311 CONFIG_KEY_0319 CONFIG_KEY_0443 CONFIG_KEY_0090 CONFIG_KEY_0197 CONFIG_KEY_0265 CONFIG_KEY_0071 CONFIG_KEY_0208 CONFIG_KEY_0381 CONFIG_KEY_0111 CONFIG_KEY_0283 CONFIG_KEY_0347 CONFIG_KEY_0101 CONFIG_KEY_0078 CONFIG_KEY_0170
config_key,100,197,CONFIG_KEY_0197,v1,True,True,6,87,CONFIG_KEY_0283 CONFIG_KEY_0313 FAILED CONFIG_KEY_0197 CONFIG_KEY_0170 CONFIG_KEY_0078
config_key,100,197,CONFIG_KEY_0197,v2,True,True,6,96,CONFIG_KEY_0197 CONFIG_KEY_0283 CONFIG_KEY_0313 CONFIG_KEY_0170 CONFIG_KEY_0078 CONFIG_KEY_0101
config_key,100,197,CONFIG_KEY_0197,oracle,True,True,1,16,CONFIG_KEY_0197
config_key,100,100,CONFIG_KEY_0100,user_only,False,False,0,0,
config_key,100,100,CONFIG_KEY_0100,naive,True,True,21,336,CONFIG_KEY_0264 CONFIG_KEY_0152 CONFIG_KEY_0446 CONFIG_KEY_0307 CONFIG_KEY_0237 CONFIG_KEY_0092 CONFIG_KEY_0304 CONFIG_KEY_0090 CONFIG_KEY_0136 CONFIG_KEY_0278 CONFIG_KEY_0100 CONFIG_KEY_0404 CONFIG_KEY_0059 CONFIG_KEY_0341 CONFIG_KEY_0119 CONFIG_KEY_0355 CONFIG_KEY_0365 CONFIG_KEY_0247 CONFIG_KEY_0127 CONFIG_KEY_0373 CONFIG_KEY_0294
config_key,100,100,CONFIG_KEY_0100,v1,True,True,6,87,CONFIG_KEY_0365 CONFIG_KEY_0092 FAILED CONFIG_KEY_0100 CONFIG_KEY_0294 CONFIG_KEY_0373
config_key,100,100,CONFIG_KEY_0100,v2,True,True,6,96,CONFIG_KEY_0100 CONFIG_KEY_0365 CONFIG_KEY_0092 CONFIG_KEY_0294 CONFIG_KEY_0373 CONFIG_KEY_0127
config_key,100,100,CONFIG_KEY_0100,oracle,True,True,1,16,CONFIG_KEY_0100
config_key,100,280,CONFIG_KEY_0280,user_only,False,False,0,0,
config_key,100,280,CONFIG_KEY_0280,naive,True,True,21,336,CONFIG_KEY_0214 CONFIG_KEY_0185 CONFIG_KEY_0410 CONFIG_KEY_0387 CONFIG_KEY_0259 CONFIG_KEY_0088 CONFIG_KEY_0203 CONFIG_KEY_0307 CONFIG_KEY_0071 CONFIG_KEY_0136 CONFIG_KEY_0280 CONFIG_KEY_0430 CONFIG_KEY_0119 CONFIG_KEY_0093 CONFIG_KEY_0083 CONFIG_KEY_0201 CONFIG_KEY_0400 CONFIG_KEY_0228 CONFIG_KEY_0406 CONFIG_KEY_0422 CONFIG_KEY_0156
config_key,100,280,CONFIG_KEY_0280,v1,True,True,6,87,CONFIG_KEY_0400 CONFIG_KEY_0088 FAILED CONFIG_KEY_0280 CONFIG_KEY_0156 CONFIG_KEY_0422
config_key,100,280,CONFIG_KEY_0280,v2,True,True,6,96,CONFIG_KEY_0280 CONFIG_KEY_0400 CONFIG_KEY_0088 CONFIG_KEY_0156 CONFIG_KEY_0422 CONFIG_KEY_0406
config_key,100,280,CONFIG_KEY_0280,oracle,True,True,1,16,CONFIG_KEY_0280
config_key,100,55,CONFIG_KEY_0055,user_only,True,False,0,0,
config_key,100,55,CONFIG_KEY_0055,naive,True,True,21,336,CONFIG_KEY_0126 CONFIG_KEY_0334 CONFIG_KEY_0402 CONFIG_KEY_0380 CONFIG_KEY_0405 CONFIG_KEY_0181 CONFIG_KEY_0142 CONFIG_KEY_0412 CONFIG_KEY_0410 CONFIG_KEY_0392 CONFIG_KEY_0055 CONFIG_KEY_0118 CONFIG_KEY_0097 CONFIG_KEY_0229 CONFIG_KEY_0348 CONFIG_KEY_0149 CONFIG_KEY_0339 CONFIG_KEY_0161 CONFIG_KEY_0217 CONFIG_KEY_0086 CONFIG_KEY_0223
config_key,100,55,CONFIG_KEY_0055,v1,True,True,6,87,CONFIG_KEY_0339 CONFIG_KEY_0181 FAILED CONFIG_KEY_0055 CONFIG_KEY_0223 CONFIG_KEY_0086
config_key,100,55,CONFIG_KEY_0055,v2,True,True,6,96,CONFIG_KEY_0055 CONFIG_KEY_0339 CONFIG_KEY_0181 CONFIG_KEY_0223 CONFIG_KEY_0086 CONFIG_KEY_0217
config_key,100,55,CONFIG_KEY_0055,oracle,True,True,1,16,CONFIG_KEY_0055
config_key,100,400,CONFIG_KEY_0400,user_only,False,False,0,0,
config_key,100,400,CONFIG_KEY_0400,naive,True,True,21,336,CONFIG_KEY_0249 CONFIG_KEY_0112 CONFIG_KEY_0114 CONFIG_KEY_0064 CONFIG_KEY_0191 CONFIG_KEY_0057 CONFIG_KEY_0090 CONFIG_KEY_0144 CONFIG_KEY_0185 CONFIG_KEY_0198 CONFIG_KEY_0400 CONFIG_KEY_0396 CONFIG_KEY_0087 CONFIG_KEY_0291 CONFIG_KEY_0206 CONFIG_KEY_0444 CONFIG_KEY_0124 CONFIG_KEY_0077 CONFIG_KEY_0328 CONFIG_KEY_0258 CONFIG_KEY_0083
config_key,100,400,CONFIG_KEY_0400,v1,True,True,6,87,CONFIG_KEY_0124 CONFIG_KEY_0057 FAILED CONFIG_KEY_0400 CONFIG_KEY_0083 CONFIG_KEY_0258
config_key,100,400,CONFIG_KEY_0400,v2,True,True,6,96,CONFIG_KEY_0400 CONFIG_KEY_0124 CONFIG_KEY_0057 CONFIG_KEY_0083 CONFIG_KEY_0258 CONFIG_KEY_0328
config_key,100,400,CONFIG_KEY_0400,oracle,True,True,1,16,CONFIG_KEY_0400
config_key,100,397,CONFIG_KEY_0397,user_only,False,False,0,0,
config_key,100,397,CONFIG_KEY_0397,naive,True,True,21,336,CONFIG_KEY_0331 CONFIG_KEY_0272 CONFIG_KEY_0168 CONFIG_KEY_0393 CONFIG_KEY_0192 CONFIG_KEY_0396 CONFIG_KEY_0203 CONFIG_KEY_0398 CONFIG_KEY_0311 CONFIG_KEY_0370 CONFIG_KEY_0397 CONFIG_KEY_0225 CONFIG_KEY_0199 CONFIG_KEY_0407 CONFIG_KEY_0053 CONFIG_KEY_0261 CONFIG_KEY_0332 CONFIG_KEY_0439 CONFIG_KEY_0319 CONFIG_KEY_0141 CONFIG_KEY_0064
config_key,100,397,CONFIG_KEY_0397,v1,True,True,6,87,CONFIG_KEY_0332 CONFIG_KEY_0396 FAILED CONFIG_KEY_0397 CONFIG_KEY_0064 CONFIG_KEY_0141
config_key,100,397,CONFIG_KEY_0397,v2,True,True,6,96,CONFIG_KEY_0397 CONFIG_KEY_0332 CONFIG_KEY_0396 CONFIG_KEY_0064 CONFIG_KEY_0141 CONFIG_KEY_0319
config_key,100,397,CONFIG_KEY_0397,oracle,True,True,1,16,CONFIG_KEY_0397
config_key,100,210,CONFIG_KEY_0210,user_only,False,False,0,0,
config_key,100,210,CONFIG_KEY_0210,naive,True,True,21,336,CONFIG_KEY_0124 CONFIG_KEY_0177 CONFIG_KEY_0407 CONFIG_KEY_0110 CONFIG_KEY_0358 CONFIG_KEY_0329 CONFIG_KEY_0213 CONFIG_KEY_0083 CONFIG_KEY_0336 CONFIG_KEY_0154 CONFIG_KEY_0210 CONFIG_KEY_0122 CONFIG_KEY_0392 CONFIG_KEY_0184 CONFIG_KEY_0310 CONFIG_KEY_0314 CONFIG_KEY_0417 CONFIG_KEY_0276 CONFIG_KEY_0098 CONFIG_KEY_0054 CONFIG_KEY_0114
config_key,100,210,CONFIG_KEY_0210,v1,True,True,6,87,CONFIG_KEY_0417 CONFIG_KEY_0329 FAILED CONFIG_KEY_0210 CONFIG_KEY_0114 CONFIG_KEY_0054
config_key,100,210,CONFIG_KEY_0210,v2,True,True,6,96,CONFIG_KEY_0210 CONFIG_KEY_0417 CONFIG_KEY_0329 CONFIG_KEY_0114 CONFIG_KEY_0054 CONFIG_KEY_0098
config_key,100,210,CONFIG_KEY_0210,oracle,True,True,1,16,CONFIG_KEY_0210
config_key,100,157,CONFIG_KEY_0157,user_only,False,False,0,0,
config_key,100,157,CONFIG_KEY_0157,naive,True,True,21,336,CONFIG_KEY_0218 CONFIG_KEY_0381 CONFIG_KEY_0083 CONFIG_KEY_0137 CONFIG_KEY_0367 CONFIG_KEY_0372 CONFIG_KEY_0190 CONFIG_KEY_0358 CONFIG_KEY_0292 CONFIG_KEY_0078 CONFIG_KEY_0157 CONFIG_KEY_0333 CONFIG_KEY_0379 CONFIG_KEY_0138 CONFIG_KEY_0061 CONFIG_KEY_0103 CONFIG_KEY_0277 CONFIG_KEY_0412 CONFIG_KEY_0247 CONFIG_KEY_0122 CONFIG_KEY_0354
config_key,100,157,CONFIG_KEY_0157,v1,True,True,6,87,CONFIG_KEY_0277 CONFIG_KEY_0372 FAILED CONFIG_KEY_0157 CONFIG_KEY_0354 CONFIG_KEY_0122
config_key,100,157,CONFIG_KEY_0157,v2,True,True,6,96,CONFIG_KEY_0157 CONFIG_KEY_0277 CONFIG_KEY_0372 CONFIG_KEY_0354 CONFIG_KEY_0122 CONFIG_KEY_0247
config_key,100,157,CONFIG_KEY_0157,oracle,True,True,1,16,CONFIG_KEY_0157
config_key,100,253,CONFIG_KEY_0253,user_only,False,False,0,0,
config_key,100,253,CONFIG_KEY_0253,naive,True,True,21,336,CONFIG_KEY_0327 CONFIG_KEY_0145 CONFIG_KEY_0390 CONFIG_KEY_0231 CONFIG_KEY_0072 CONFIG_KEY_0128 CONFIG_KEY_0286 CONFIG_KEY_0228 CONFIG_KEY_0104 CONFIG_KEY_0169 CONFIG_KEY_0253 CONFIG_KEY_0348 CONFIG_KEY_0283 CONFIG_KEY_0181 CONFIG_KEY_0426 CONFIG_KEY_0120 CONFIG_KEY_0088 CONFIG_KEY_0115 CONFIG_KEY_0344 CONFIG_KEY_0189 CONFIG_KEY_0138
config_key,100,253,CONFIG_KEY_0253,v1,True,True,6,87,CONFIG_KEY_0088 CONFIG_KEY_0128 FAILED CONFIG_KEY_0253 CONFIG_KEY_0138 CONFIG_KEY_0189
config_key,100,253,CONFIG_KEY_0253,v2,True,True,6,96,CONFIG_KEY_0253 CONFIG_KEY_0088 CONFIG_KEY_0128 CONFIG_KEY_0138 CONFIG_KEY_0189 CONFIG_KEY_0344
config_key,100,253,CONFIG_KEY_0253,oracle,True,True,1,16,CONFIG_KEY_0253
config_key,100,178,CONFIG_KEY_0178,user_only,False,False,0,0,
config_key,100,178,CONFIG_KEY_0178,naive,True,True,21,336,CONFIG_KEY_0280 CONFIG_KEY_0168 CONFIG_KEY_0256 CONFIG_KEY_0383 CONFIG_KEY_0159 CONFIG_KEY_0162 CONFIG_KEY_0341 CONFIG_KEY_0347 CONFIG_KEY_0211 CONFIG_KEY_0050 CONFIG_KEY_0178 CONFIG_KEY_0426 CONFIG_KEY_0312 CONFIG_KEY_0252 CONFIG_KEY_0241 CONFIG_KEY_0177 CONFIG_KEY_0074 CONFIG_KEY_0113 CONFIG_KEY_0166 CONFIG_KEY_0293 CONFIG_KEY_0409
config_key,100,178,CONFIG_KEY_0178,v1,True,True,6,87,CONFIG_KEY_0074 CONFIG_KEY_0162 FAILED CONFIG_KEY_0178 CONFIG_KEY_0409 CONFIG_KEY_0293
config_key,100,178,CONFIG_KEY_0178,v2,True,True,6,96,CONFIG_KEY_0178 CONFIG_KEY_0074 CONFIG_KEY_0162 CONFIG_KEY_0409 CONFIG_KEY_0293 CONFIG_KEY_0166
config_key,100,178,CONFIG_KEY_0178,oracle,True,True,1,16,CONFIG_KEY_0178
config_key,100,228,CONFIG_KEY_0228,user_only,False,False,0,0,
config_key,100,228,CONFIG_KEY_0228,naive,True,True,21,336,CONFIG_KEY_0235 CONFIG_KEY_0134 CONFIG_KEY_0414 CONFIG_KEY_0281 CONFIG_KEY_0111 CONFIG_KEY_0232 CONFIG_KEY_0395 CONFIG_KEY_0142 CONFIG_KEY_0264 CONFIG_KEY_0177 CONFIG_KEY_0228 CONFIG_KEY_0426 CONFIG_KEY_0343 CONFIG_KEY_0329 CONFIG_KEY_0199 CONFIG_KEY_0120 CONFIG_KEY_0371 CONFIG_KEY_0442 CONFIG_KEY_0280 CONFIG_KEY_0344 CONFIG_KEY_0361
config_key,100,228,CONFIG_KEY_0228,v1,True,True,6,87,CONFIG_KEY_0371 CONFIG_KEY_0232 FAILED CONFIG_KEY_0228 CONFIG_KEY_0361 CONFIG_KEY_0344
config_key,100,228,CONFIG_KEY_0228,v2,True,True,6,96,CONFIG_KEY_0228 CONFIG_KEY_0371 CONFIG_KEY_0232 CONFIG_KEY_0361 CONFIG_KEY_0344 CONFIG_KEY_0280
config_key,100,228,CONFIG_KEY_0228,oracle,True,True,1,16,CONFIG_KEY_0228
config_key,100,232,CONFIG_KEY_0232,user_only,False,False,0,0,
config_key,100,232,CONFIG_KEY_0232,naive,True,True,21,336,CONFIG_KEY_0355 CONFIG_KEY_0328 CONFIG_KEY_0368 CONFIG_KEY_0372 CONFIG_KEY_0153 CONFIG_KEY_0438 CONFIG_KEY_0181 CONFIG_KEY_0293 CONFIG_KEY_0072 CONFIG_KEY_0361 CONFIG_KEY_0232 CONFIG_KEY_0206 CONFIG_KEY_0179 CONFIG_KEY_0387 CONFIG_KEY_0266 CONFIG_KEY_0095 CONFIG_KEY_0286 CONFIG_KEY_0399 CONFIG_KEY_0292 CONFIG_KEY_0330 CONFIG_KEY_0085
config_key,100,232,CONFIG_KEY_0232,v1,True,True,6,87,CONFIG_KEY_0286 CONFIG_KEY_0438 FAILED CONFIG_KEY_0232 CONFIG_KEY_0085 CONFIG_KEY_0330
config_key,100,232,CONFIG_KEY_0232,v2,True,True,6,96,CONFIG_KEY_0232 CONFIG_KEY_0286 CONFIG_KEY_0438 CONFIG_KEY_0085 CONFIG_KEY_0330 CONFIG_KEY_0292
config_key,100,232,CONFIG_KEY_0232,oracle,True,True,1,16,CONFIG_KEY_0232
config_key,100,242,CONFIG_KEY_0242,user_only,False,False,0,0,
config_key,100,242,CONFIG_KEY_0242,naive,True,True,21,336,CONFIG_KEY_0341 CONFIG_KEY_0200 CONFIG_KEY_0382 CONFIG_KEY_0234 CONFIG_KEY_0197 CONFIG_KEY_0185 CONFIG_KEY_0327 CONFIG_KEY_0266 CONFIG_KEY_0376 CONFIG_KEY_0291 CONFIG_KEY_0242 CONFIG_KEY_0152 CONFIG_KEY_0154 CONFIG_KEY_0280 CONFIG_KEY_0347 CONFIG_KEY_0263 CONFIG_KEY_0251 CONFIG_KEY_0098 CONFIG_KEY_0403 CONFIG_KEY_0315 CONFIG_KEY_0394
config_key,100,242,CONFIG_KEY_0242,v1,True,True,6,87,CONFIG_KEY_0251 CONFIG_KEY_0185 FAILED CONFIG_KEY_0242 CONFIG_KEY_0394 CONFIG_KEY_0315
config_key,100,242,CONFIG_KEY_0242,v2,True,True,6,96,CONFIG_KEY_0242 CONFIG_KEY_0251 CONFIG_KEY_0185 CONFIG_KEY_0394 CONFIG_KEY_0315 CONFIG_KEY_0403
config_key,100,242,CONFIG_KEY_0242,oracle,True,True,1,16,CONFIG_KEY_0242
config_key,100,431,CONFIG_KEY_0431,user_only,False,False,0,0,
config_key,100,431,CONFIG_KEY_0431,naive,True,True,21,336,CONFIG_KEY_0410 CONFIG_KEY_0193 CONFIG_KEY_0144 CONFIG_KEY_0140 CONFIG_KEY_0400 CONFIG_KEY_0202 CONFIG_KEY_0207 CONFIG_KEY_0437 CONFIG_KEY_0213 CONFIG_KEY_0271 CONFIG_KEY_0431 CONFIG_KEY_0244 CONFIG_KEY_0239 CONFIG_KEY_0396 CONFIG_KEY_0422 CONFIG_KEY_0084 CONFIG_KEY_0210 CONFIG_KEY_0226 CONFIG_KEY_0138 CONFIG_KEY_0227 CONFIG_KEY_0256
config_key,100,431,CONFIG_KEY_0431,v1,True,True,6,87,CONFIG_KEY_0210 CONFIG_KEY_0202 FAILED CONFIG_KEY_0431 CONFIG_KEY_0256 CONFIG_KEY_0227
config_key,100,431,CONFIG_KEY_0431,v2,True,True,6,96,CONFIG_KEY_0431 CONFIG_KEY_0210 CONFIG_KEY_0202 CONFIG_KEY_0256 CONFIG_KEY_0227 CONFIG_KEY_0138
config_key,100,431,CONFIG_KEY_0431,oracle,True,True,1,16,CONFIG_KEY_0431
config_key,100,376,CONFIG_KEY_0376,user_only,False,False,0,0,
config_key,100,376,CONFIG_KEY_0376,naive,True,True,21,336,CONFIG_KEY_0177 CONFIG_KEY_0224 CONFIG_KEY_0345 CONFIG_KEY_0349 CONFIG_KEY_0324 CONFIG_KEY_0091 CONFIG_KEY_0371 CONFIG_KEY_0151 CONFIG_KEY_0223 CONFIG_KEY_0193 CONFIG_KEY_0376 CONFIG_KEY_0291 CONFIG_KEY_0317 CONFIG_KEY_0255 CONFIG_KEY_0176 CONFIG_KEY_0230 CONFIG_KEY_0250 CONFIG_KEY_0220 CONFIG_KEY_0286 CONFIG_KEY_0430 CONFIG_KEY_0292
config_key,100,376,CONFIG_KEY_0376,v1,True,True,6,87,CONFIG_KEY_0250 CONFIG_KEY_0091 FAILED CONFIG_KEY_0376 CONFIG_KEY_0292 CONFIG_KEY_0430
config_key,100,376,CONFIG_KEY_0376,v2,True,True,6,96,CONFIG_KEY_0376 CONFIG_KEY_0250 CONFIG_KEY_0091 CONFIG_KEY_0292 CONFIG_KEY_0430 CONFIG_KEY_0286
config_key,100,376,CONFIG_KEY_0376,oracle,True,True,1,16,CONFIG_KEY_0376
config_key,100,89,CONFIG_KEY_0089,user_only,True,False,0,0,
config_key,100,89,CONFIG_KEY_0089,naive,True,True,21,336,CONFIG_KEY_0269 CONFIG_KEY_0181 CONFIG_KEY_0220 CONFIG_KEY_0073 CONFIG_KEY_0153 CONFIG_KEY_0329 CONFIG_KEY_0146 CONFIG_KEY_0151 CONFIG_KEY_0244 CONFIG_KEY_0431 CONFIG_KEY_0089 CONFIG_KEY_0271 CONFIG_KEY_0072 CONFIG_KEY_0311 CONFIG_KEY_0123 CONFIG_KEY_0273 CONFIG_KEY_0387 CONFIG_KEY_0339 CONFIG_KEY_0263 CONFIG_KEY_0149 CONFIG_KEY_0304
config_key,100,89,CONFIG_KEY_0089,v1,True,True,6,87,CONFIG_KEY_0387 CONFIG_KEY_0329 FAILED CONFIG_KEY_0089 CONFIG_KEY_0304 CONFIG_KEY_0149
config_key,100,89,CONFIG_KEY_0089,v2,True,True,6,96,CONFIG_KEY_0089 CONFIG_KEY_0387 CONFIG_KEY_0329 CONFIG_KEY_0304 CONFIG_KEY_0149 CONFIG_KEY_0263
config_key,100,89,CONFIG_KEY_0089,oracle,True,True,1,16,CONFIG_KEY_0089
config_key,100,420,CONFIG_KEY_0420,user_only,False,False,0,0,
config_key,100,420,CONFIG_KEY_0420,naive,True,True,21,336,CONFIG_KEY_0421 CONFIG_KEY_0202 CONFIG_KEY_0087 CONFIG_KEY_0415 CONFIG_KEY_0224 CONFIG_KEY_0438 CONFIG_KEY_0235 CONFIG_KEY_0424 CONFIG_KEY_0440 CONFIG_KEY_0164 CONFIG_KEY_0420 CONFIG_KEY_0247 CONFIG_KEY_0214 CONFIG_KEY_0133 CONFIG_KEY_0376 CONFIG_KEY_0404 CONFIG_KEY_0223 CONFIG_KEY_0411 CONFIG_KEY_0237 CONFIG_KEY_0270 CONFIG_KEY_0360
config_key,100,420,CONFIG_KEY_0420,v1,True,True,6,87,CONFIG_KEY_0223 CONFIG_KEY_0438 FAILED CONFIG_KEY_0420 CONFIG_KEY_0360 CONFIG_KEY_0270
config_key,100,420,CONFIG_KEY_0420,v2,True,True,6,96,CONFIG_KEY_0420 CONFIG_KEY_0223 CONFIG_KEY_0438 CONFIG_KEY_0360 CONFIG_KEY_0270 CONFIG_KEY_0237
config_key,100,420,CONFIG_KEY_0420,oracle,True,True,1,16,CONFIG_KEY_0420
config_key,100,224,CONFIG_KEY_0224,user_only,False,False,0,0,
config_key,100,224,CONFIG_KEY_0224,naive,True,True,21,336,CONFIG_KEY_0207 CONFIG_KEY_0266 CONFIG_KEY_0370 CONFIG_KEY_0239 CONFIG_KEY_0306 CONFIG_KEY_0354 CONFIG_KEY_0404 CONFIG_KEY_0281 CONFIG_KEY_0084 CONFIG_KEY_0307 CONFIG_KEY_0224 CONFIG_KEY_0145 CONFIG_KEY_0357 CONFIG_KEY_0375 CONFIG_KEY_0066 CONFIG_KEY_0136 CONFIG_KEY_0423 CONFIG_KEY_0336 CONFIG_KEY_0265 CONFIG_KEY_0085 CONFIG_KEY_0098
config_key,100,224,CONFIG_KEY_0224,v1,True,True,6,87,CONFIG_KEY_0423 CONFIG_KEY_0354 FAILED CONFIG_KEY_0224 CONFIG_KEY_0098 CONFIG_KEY_0085
config_key,100,224,CONFIG_KEY_0224,v2,True,True,6,96,CONFIG_KEY_0224 CONFIG_KEY_0423 CONFIG_KEY_0354 CONFIG_KEY_0098 CONFIG_KEY_0085 CONFIG_KEY_0265
config_key,100,224,CONFIG_KEY_0224,oracle,True,True,1,16,CONFIG_KEY_0224
config_key,100,95,CONFIG_KEY_0095,user_only,True,False,0,0,
config_key,100,95,CONFIG_KEY_0095,naive,True,True,21,336,CONFIG_KEY_0241 CONFIG_KEY_0443 CONFIG_KEY_0359 CONFIG_KEY_0163 CONFIG_KEY_0437 CONFIG_KEY_0220 CONFIG_KEY_0076 CONFIG_KEY_0179 CONFIG_KEY_0205 CONFIG_KEY_0416 CONFIG_KEY_0095 CONFIG_KEY_0098 CONFIG_KEY_0132 CONFIG_KEY_0273 CONFIG_KEY_0113 CONFIG_KEY_0201 CONFIG_KEY_0198 CONFIG_KEY_0188 CONFIG_KEY_0407 CONFIG_KEY_0390 CONFIG_KEY_0152
config_key,100,95,CONFIG_KEY_0095,v1,True,True,6,87,CONFIG_KEY_0198 CONFIG_KEY_0220 FAILED CONFIG_KEY_0095 CONFIG_KEY_0152 CONFIG_KEY_0390
config_key,100,95,CONFIG_KEY_0095,v2,True,True,6,96,CONFIG_KEY_0095 CONFIG_KEY_0198 CONFIG_KEY_0220 CONFIG_KEY_0152 CONFIG_KEY_0390 CONFIG_KEY_0407
config_key,100,95,CONFIG_KEY_0095,oracle,True,True,1,16,CONFIG_KEY_0095
config_key,100,335,CONFIG_KEY_0335,user_only,False,False,0,0,
config_key,100,335,CONFIG_KEY_0335,naive,True,True,21,336,CONFIG_KEY_0078 CONFIG_KEY_0089 CONFIG_KEY_0164 CONFIG_KEY_0249 CONFIG_KEY_0400 CONFIG_KEY_0095 CONFIG_KEY_0169 CONFIG_KEY_0127 CONFIG_KEY_0184 CONFIG_KEY_0107 CONFIG_KEY_0335 CONFIG_KEY_0382 CONFIG_KEY_0103 CONFIG_KEY_0269 CONFIG_KEY_0202 CONFIG_KEY_0111 CONFIG_KEY_0388 CONFIG_KEY_0273 CONFIG_KEY_0073 CONFIG_KEY_0358 CONFIG_KEY_0216
config_key,100,335,CONFIG_KEY_0335,v1,True,True,6,87,CONFIG_KEY_0388 CONFIG_KEY_0095 FAILED CONFIG_KEY_0335 CONFIG_KEY_0216 CONFIG_KEY_0358
config_key,100,335,CONFIG_KEY_0335,v2,True,True,6,96,CONFIG_KEY_0335 CONFIG_KEY_0388 CONFIG_KEY_0095 CONFIG_KEY_0216 CONFIG_KEY_0358 CONFIG_KEY_0073
config_key,100,335,CONFIG_KEY_0335,oracle,True,True,1,16,CONFIG_KEY_0335
config_key,100,325,CONFIG_KEY_0325,user_only,False,False,0,0,
config_key,100,325,CONFIG_KEY_0325,naive,True,True,21,336,CONFIG_KEY_0177 CONFIG_KEY_0290 CONFIG_KEY_0357 CONFIG_KEY_0399 CONFIG_KEY_0229 CONFIG_KEY_0353 CONFIG_KEY_0180 CONFIG_KEY_0297 CONFIG_KEY_0391 CONFIG_KEY_0318 CONFIG_KEY_0325 CONFIG_KEY_0240 CONFIG_KEY_0224 CONFIG_KEY_0307 CONFIG_KEY_0380 CONFIG_KEY_0219 CONFIG_KEY_0432 CONFIG_KEY_0061 CONFIG_KEY_0209 CONFIG_KEY_0122 CONFIG_KEY_0411
config_key,100,325,CONFIG_KEY_0325,v1,True,True,6,87,CONFIG_KEY_0432 CONFIG_KEY_0353 FAILED CONFIG_KEY_0325 CONFIG_KEY_0411 CONFIG_KEY_0122
config_key,100,325,CONFIG_KEY_0325,v2,True,True,6,96,CONFIG_KEY_0325 CONFIG_KEY_0432 CONFIG_KEY_0353 CONFIG_KEY_0411 CONFIG_KEY_0122 CONFIG_KEY_0209
config_key,100,325,CONFIG_KEY_0325,oracle,True,True,1,16,CONFIG_KEY_0325
config_key,100,199,CONFIG_KEY_0199,user_only,False,False,0,0,
config_key,100,199,CONFIG_KEY_0199,naive,True,True,21,336,CONFIG_KEY_0367 CONFIG_KEY_0400 CONFIG_KEY_0431 CONFIG_KEY_0182 CONFIG_KEY_0131 CONFIG_KEY_0282 CONFIG_KEY_0080 CONFIG_KEY_0235 CONFIG_KEY_0375 CONFIG_KEY_0271 CONFIG_KEY_0199 CONFIG_KEY_0377 CONFIG_KEY_0364 CONFIG_KEY_0213 CONFIG_KEY_0168 CONFIG_KEY_0419 CONFIG_KEY_0345 CONFIG_KEY_0439 CONFIG_KEY_0413 CONFIG_KEY_0099 CONFIG_KEY_0328
config_key,100,199,CONFIG_KEY_0199,v1,True,True,6,87,CONFIG_KEY_0345 CONFIG_KEY_0282 FAILED CONFIG_KEY_0199 CONFIG_KEY_0328 CONFIG_KEY_0099
config_key,100,199,CONFIG_KEY_0199,v2,True,True,6,96,CONFIG_KEY_0199 CONFIG_KEY_0345 CONFIG_KEY_0282 CONFIG_KEY_0328 CONFIG_KEY_0099 CONFIG_KEY_0413
config_key,100,199,CONFIG_KEY_0199,oracle,True,True,1,16,CONFIG_KEY_0199
config_key,100,284,CONFIG_KEY_0284,user_only,False,False,0,0,
config_key,100,284,CONFIG_KEY_0284,naive,True,True,21,336,CONFIG_KEY_0260 CONFIG_KEY_0437 CONFIG_KEY_0053 CONFIG_KEY_0381 CONFIG_KEY_0164 CONFIG_KEY_0162 CONFIG_KEY_0374 CONFIG_KEY_0407 CONFIG_KEY_0206 CONFIG_KEY_0079 CONFIG_KEY_0284 CONFIG_KEY_0317 CONFIG_KEY_0243 CONFIG_KEY_0198 CONFIG_KEY_0147 CONFIG_KEY_0069 CONFIG_KEY_0152 CONFIG_KEY_0297 CONFIG_KEY_0358 CONFIG_KEY_0376 CONFIG_KEY_0151
config_key,100,284,CONFIG_KEY_0284,v1,True,True,6,87,CONFIG_KEY_0152 CONFIG_KEY_0162 FAILED CONFIG_KEY_0284 CONFIG_KEY_0151 CONFIG_KEY_0376
config_key,100,284,CONFIG_KEY_0284,v2,True,True,6,96,CONFIG_KEY_0284 CONFIG_KEY_0152 CONFIG_KEY_0162 CONFIG_KEY_0151 CONFIG_KEY_0376 CONFIG_KEY_0358
config_key,100,284,CONFIG_KEY_0284,oracle,True,True,1,16,CONFIG_KEY_0284
config_key,100,122,CONFIG_KEY_0122,user_only,False,False,0,0,
config_key,100,122,CONFIG_KEY_0122,naive,True,True,21,336,CONFIG_KEY_0323 CONFIG_KEY_0173 CONFIG_KEY_0203 CONFIG_KEY_0401 CONFIG_KEY_0313 CONFIG_KEY_0341 CONFIG_KEY_0368 CONFIG_KEY_0093 CONFIG_KEY_0127 CONFIG_KEY_0170 CONFIG_KEY_0122 CONFIG_KEY_0064 CONFIG_KEY_0238 CONFIG_KEY_0052 CONFIG_KEY_0164 CONFIG_KEY_0258 CONFIG_KEY_0129 CONFIG_KEY_0426 CONFIG_KEY_0314 CONFIG_KEY_0098 CONFIG_KEY_0120
config_key,100,122,CONFIG_KEY_0122,v1,True,True,6,87,CONFIG_KEY_0129 CONFIG_KEY_0341 FAILED CONFIG_KEY_0122 CONFIG_KEY_0120 CONFIG_KEY_0098
config_key,100,122,CONFIG_KEY_0122,v2,True,True,6,96,CONFIG_KEY_0122 CONFIG_KEY_0129 CONFIG_KEY_0341 CONFIG_KEY_0120 CONFIG_KEY_0098 CONFIG_KEY_0314
config_key,100,122,CONFIG_KEY_0122,oracle,True,True,1,16,CONFIG_KEY_0122
function_name,10,110,process_item_0110,user_only,False,False,0,0,
function_name,10,110,process_item_0110,naive,True,True,21,378,process_item_0395 process_item_0105 process_item_0243 process_item_0230 process_item_0096 process_item_0250 process_item_0128 process_item_0178 process_item_0383 process_item_0261 process_item_0110 process_item_0232 process_item_0186 process_item_0246 process_item_0074 process_item_0168 process_item_0351 process_item_0269 process_item_0068 process_item_0179 process_item_0180
function_name,10,110,process_item_0110,v1,False,False,1,7,FAILED
function_name,10,110,process_item_0110,v2,True,True,6,108,process_item_0110 process_item_0351 process_item_0250 process_item_0180 process_item_0179 process_item_0068
function_name,10,110,process_item_0110,oracle,True,True,1,18,process_item_0110
function_name,10,213,process_item_0213,user_only,False,False,0,0,
function_name,10,213,process_item_0213,naive,True,True,21,378,process_item_0157 process_item_0148 process_item_0390 process_item_0306 process_item_0244 process_item_0274 process_item_0208 process_item_0297 process_item_0230 process_item_0396 process_item_0213 process_item_0221 process_item_0176 process_item_0126 process_item_0123 process_item_0265 process_item_0323 process_item_0402 process_item_0433 process_item_0228 process_item_0279
function_name,10,213,process_item_0213,v1,False,False,1,7,FAILED
function_name,10,213,process_item_0213,v2,True,True,6,108,process_item_0213 process_item_0323 process_item_0274 process_item_0279 process_item_0228 process_item_0433
function_name,10,213,process_item_0213,oracle,True,True,1,18,process_item_0213
function_name,10,307,process_item_0307,user_only,False,False,0,0,
function_name,10,307,process_item_0307,naive,False,True,21,378,process_item_0303 process_item_0409 process_item_0395 process_item_0128 process_item_0073 process_item_0222 process_item_0103 process_item_0109 process_item_0150 process_item_0391 process_item_0307 process_item_0441 process_item_0308 process_item_0255 process_item_0316 process_item_0155 process_item_0093 process_item_0148 process_item_0118 process_item_0190 process_item_0264
function_name,10,307,process_item_0307,v1,False,False,1,7,FAILED
function_name,10,307,process_item_0307,v2,True,True,6,108,process_item_0307 process_item_0093 process_item_0222 process_item_0264 process_item_0190 process_item_0118
function_name,10,307,process_item_0307,oracle,True,True,1,18,process_item_0307
function_name,10,312,process_item_0312,user_only,False,False,0,0,
function_name,10,312,process_item_0312,naive,False,True,21,378,process_item_0360 process_item_0349 process_item_0196 process_item_0301 process_item_0378 process_item_0233 process_item_0053 process_item_0056 process_item_0365 process_item_0109 process_item_0312 process_item_0186 process_item_0291 process_item_0081 process_item_0185 process_item_0160 process_item_0172 process_item_0381 process_item_0223 process_item_0201 process_item_0210
function_name,10,312,process_item_0312,v1,False,False,1,7,FAILED
function_name,10,312,process_item_0312,v2,True,True,6,108,process_item_0312 process_item_0172 process_item_0233 process_item_0210 process_item_0201 process_item_0223
function_name,10,312,process_item_0312,oracle,True,True,1,18,process_item_0312
function_name,10,381,process_item_0381,user_only,False,False,0,0,
function_name,10,381,process_item_0381,naive,False,True,21,378,process_item_0181 process_item_0228 process_item_0305 process_item_0208 process_item_0272 process_item_0350 process_item_0274 process_item_0233 process_item_0434 process_item_0329 process_item_0381 process_item_0195 process_item_0183 process_item_0176 process_item_0186 process_item_0071 process_item_0346 process_item_0371 process_item_0252 process_item_0050 process_item_0444
function_name,10,381,process_item_0381,v1,False,False,1,7,FAILED
function_name,10,381,process_item_0381,v2,True,True,6,108,process_item_0381 process_item_0346 process_item_0350 process_item_0444 process_item_0050 process_item_0252
function_name,10,381,process_item_0381,oracle,True,True,1,18,process_item_0381
function_name,10,102,process_item_0102,user_only,False,False,0,0,
function_name,10,102,process_item_0102,naive,True,True,21,378,process_item_0262 process_item_0295 process_item_0191 process_item_0109 process_item_0430 process_item_0398 process_item_0261 process_item_0304 process_item_0189 process_item_0403 process_item_0102 process_item_0257 process_item_0385 process_item_0406 process_item_0092 process_item_0156 process_item_0229 process_item_0078 process_item_0347 process_item_0315 process_item_0342
function_name,10,102,process_item_0102,v1,False,False,1,7,FAILED
function_name,10,102,process_item_0102,v2,True,True,6,108,process_item_0102 process_item_0229 process_item_0398 process_item_0342 process_item_0315 process_item_0347
function_name,10,102,process_item_0102,oracle,True,True,1,18,process_item_0102
function_name,10,164,process_item_0164,user_only,False,False,0,0,
function_name,10,164,process_item_0164,naive,False,True,21,378,process_item_0152 process_item_0281 process_item_0384 process_item_0115 process_item_0123 process_item_0064 process_item_0305 process_item_0130 process_item_0185 process_item_0183 process_item_0164 process_item_0153 process_item_0117 process_item_0190 process_item_0178 process_item_0257 process_item_0248 process_item_0055 process_item_0137 process_item_0053 process_item_0157
function_name,10,164,process_item_0164,v1,False,False,1,7,FAILED
function_name,10,164,process_item_0164,v2,True,True,6,108,process_item_0164 process_item_0248 process_item_0064 process_item_0157 process_item_0053 process_item_0137
function_name,10,164,process_item_0164,oracle,True,True,1,18,process_item_0164
function_name,10,357,process_item_0357,user_only,False,False,0,0,
function_name,10,357,process_item_0357,naive,False,True,21,378,process_item_0291 process_item_0089 process_item_0102 process_item_0248 process_item_0081 process_item_0407 process_item_0290 process_item_0366 process_item_0236 process_item_0263 process_item_0357 process_item_0210 process_item_0223 process_item_0214 process_item_0120 process_item_0250 process_item_0208 process_item_0446 process_item_0107 process_item_0216 process_item_0222
function_name,10,357,process_item_0357,v1,False,False,1,7,FAILED
function_name,10,357,process_item_0357,v2,True,True,6,108,process_item_0357 process_item_0208 process_item_0407 process_item_0222 process_item_0216 process_item_0107
function_name,10,357,process_item_0357,oracle,True,True,1,18,process_item_0357
function_name,10,368,process_item_0368,user_only,False,False,0,0,
function_name,10,368,process_item_0368,naive,False,True,21,378,process_item_0293 process_item_0390 process_item_0207 process_item_0220 process_item_0419 process_item_0295 process_item_0299 process_item_0447 process_item_0140 process_item_0313 process_item_0368 process_item_0151 process_item_0332 process_item_0180 process_item_0392 process_item_0143 process_item_0168 process_item_0442 process_item_0162 process_item_0420 process_item_0422
function_name,10,368,process_item_0368,v1,False,False,1,7,FAILED
function_name,10,368,process_item_0368,v2,True,True,6,108,process_item_0368 process_item_0168 process_item_0295 process_item_0422 process_item_0420 process_item_0162
function_name,10,368,process_item_0368,oracle,True,True,1,18,process_item_0368
function_name,10,334,process_item_0334,user_only,False,False,0,0,
function_name,10,334,process_item_0334,naive,False,True,21,378,process_item_0382 process_item_0050 process_item_0336 process_item_0187 process_item_0168 process_item_0327 process_item_0111 process_item_0287 process_item_0091 process_item_0230 process_item_0334 process_item_0139 process_item_0223 process_item_0375 process_item_0196 process_item_0357 process_item_0394 process_item_0306 process_item_0307 process_item_0095 process_item_0239
function_name,10,334,process_item_0334,v1,False,False,1,7,FAILED
function_name,10,334,process_item_0334,v2,True,True,6,108,process_item_0334 process_item_0394 process_item_0327 process_item_0239 process_item_0095 process_item_0307
function_name,10,334,process_item_0334,oracle,True,True,1,18,process_item_0334
function_name,10,265,process_item_0265,user_only,False,False,0,0,
function_name,10,265,process_item_0265,naive,False,True,21,378,process_item_0442 process_item_0326 process_item_0348 process_item_0183 process_item_0388 process_item_0147 process_item_0138 process_item_0432 process_item_0427 process_item_0380 process_item_0265 process_item_0259 process_item_0088 process_item_0195 process_item_0393 process_item_0236 process_item_0058 process_item_0378 process_item_0164 process_item_0145 process_item_0344
function_name,10,265,process_item_0265,v1,False,False,1,7,FAILED
function_name,10,265,process_item_0265,v2,True,True,6,108,process_item_0265 process_item_0058 process_item_0147 process_item_0344 process_item_0145 process_item_0164
function_name,10,265,process_item_0265,oracle,True,True,1,18,process_item_0265
function_name,10,343,process_item_0343,user_only,False,False,0,0,
function_name,10,343,process_item_0343,naive,False,True,21,378,process_item_0266 process_item_0406 process_item_0170 process_item_0350 process_item_0345 process_item_0396 process_item_0395 process_item_0124 process_item_0180 process_item_0355 process_item_0343 process_item_0316 process_item_0243 process_item_0173 process_item_0377 process_item_0412 process_item_0449 process_item_0370 process_item_0091 process_item_0247 process_item_0150
function_name,10,343,process_item_0343,v1,False,False,1,7,FAILED
function_name,10,343,process_item_0343,v2,True,True,6,108,process_item_0343 process_item_0449 process_item_0396 process_item_0150 process_item_0247 process_item_0091
function_name,10,343,process_item_0343,oracle,True,True,1,18,process_item_0343
function_name,10,330,process_item_0330,user_only,False,False,0,0,
function_name,10,330,process_item_0330,naive,False,True,21,378,process_item_0441 process_item_0385 process_item_0366 process_item_0396 process_item_0348 process_item_0204 process_item_0159 process_item_0164 process_item_0160 process_item_0177 process_item_0330 process_item_0443 process_item_0213 process_item_0275 process_item_0297 process_item_0090 process_item_0131 process_item_0207 process_item_0376 process_item_0360 process_item_0228
function_name,10,330,process_item_0330,v1,False,False,1,7,FAILED
function_name,10,330,process_item_0330,v2,True,True,6,108,process_item_0330 process_item_0131 process_item_0204 process_item_0228 process_item_0360 process_item_0376
function_name,10,330,process_item_0330,oracle,True,True,1,18,process_item_0330
function_name,10,424,process_item_0424,user_only,False,False,0,0,
function_name,10,424,process_item_0424,naive,False,True,21,378,process_item_0323 process_item_0143 process_item_0102 process_item_0310 process_item_0112 process_item_0193 process_item_0333 process_item_0289 process_item_0275 process_item_0344 process_item_0424 process_item_0418 process_item_0407 process_item_0162 process_item_0430 process_item_0085 process_item_0172 process_item_0264 process_item_0308 process_item_0350 process_item_0398
function_name,10,424,process_item_0424,v1,False,False,1,7,FAILED
function_name,10,424,process_item_0424,v2,True,True,6,108,process_item_0424 process_item_0172 process_item_0193 process_item_0398 process_item_0350 process_item_0308
function_name,10,424,process_item_0424,oracle,True,True,1,18,process_item_0424
function_name,10,447,process_item_0447,user_only,False,False,0,0,
function_name,10,447,process_item_0447,naive,False,True,21,378,process_item_0238 process_item_0389 process_item_0322 process_item_0404 process_item_0223 process_item_0111 process_item_0102 process_item_0070 process_item_0255 process_item_0051 process_item_0447 process_item_0375 process_item_0286 process_item_0403 process_item_0417 process_item_0382 process_item_0399 process_item_0155 process_item_0087 process_item_0209 process_item_0299
function_name,10,447,process_item_0447,v1,False,False,1,7,FAILED
function_name,10,447,process_item_0447,v2,True,True,6,108,process_item_0447 process_item_0399 process_item_0111 process_item_0299 process_item_0209 process_item_0087
function_name,10,447,process_item_0447,oracle,True,True,1,18,process_item_0447
function_name,10,443,process_item_0443,user_only,False,False,0,0,
function_name,10,443,process_item_0443,naive,False,True,21,378,process_item_0314 process_item_0189 process_item_0094 process_item_0423 process_item_0077 process_item_0403 process_item_0311 process_item_0348 process_item_0162 process_item_0083 process_item_0443 process_item_0057 process_item_0199 process_item_0201 process_item_0118 process_item_0277 process_item_0149 process_item_0188 process_item_0232 process_item_0177 process_item_0388
function_name,10,443,process_item_0443,v1,False,False,1,7,FAILED
function_name,10,443,process_item_0443,v2,True,True,6,108,process_item_0443 process_item_0149 process_item_0403 process_item_0388 process_item_0177 process_item_0232
function_name,10,443,process_item_0443,oracle,True,True,1,18,process_item_0443
function_name,10,301,process_item_0301,user_only,False,False,0,0,
function_name,10,301,process_item_0301,naive,False,True,21,378,process_item_0441 process_item_0143 process_item_0276 process_item_0348 process_item_0188 process_item_0206 process_item_0055 process_item_0266 process_item_0091 process_item_0381 process_item_0301 process_item_0401 process_item_0390 process_item_0377 process_item_0127 process_item_0089 process_item_0354 process_item_0231 process_item_0212 process_item_0333 process_item_0221
function_name,10,301,process_item_0301,v1,False,False,1,7,FAILED
function_name,10,301,process_item_0301,v2,True,True,6,108,process_item_0301 process_item_0354 process_item_0206 process_item_0221 process_item_0333 process_item_0212
function_name,10,301,process_item_0301,oracle,True,True,1,18,process_item_0301
function_name,10,434,process_item_0434,user_only,False,False,0,0,
function_name,10,434,process_item_0434,naive,False,True,21,378,process_item_0374 process_item_0409 process_item_0211 process_item_0217 process_item_0298 process_item_0154 process_item_0373 process_item_0269 process_item_0443 process_item_0404 process_item_0434 process_item_0417 process_item_0235 process_item_0365 process_item_0140 process_item_0260 process_item_0391 process_item_0208 process_item_0318 process_item_0187 process_item_0267
function_name,10,434,process_item_0434,v1,False,False,1,7,FAILED
function_name,10,434,process_item_0434,v2,True,True,6,108,process_item_0434 process_item_0391 process_item_0154 process_item_0267 process_item_0187 process_item_0318
function_name,10,434,process_item_0434,oracle,True,True,1,18,process_item_0434
function_name,10,445,process_item_0445,user_only,False,False,0,0,
function_name,10,445,process_item_0445,naive,False,True,21,378,process_item_0208 process_item_0110 process_item_0389 process_item_0424 process_item_0079 process_item_0276 process_item_0411 process_item_0254 process_item_0406 process_item_0229 process_item_0445 process_item_0296 process_item_0279 process_item_0343 process_item_0265 process_item_0277 process_item_0255 process_item_0174 process_item_0140 process_item_0097 process_item_0102
function_name,10,445,process_item_0445,v1,False,False,1,7,FAILED
function_name,10,445,process_item_0445,v2,True,True,6,108,process_item_0445 process_item_0255 process_item_0276 process_item_0102 process_item_0097 process_item_0140
function_name,10,445,process_item_0445,oracle,True,True,1,18,process_item_0445
function_name,10,350,process_item_0350,user_only,False,False,0,0,
function_name,10,350,process_item_0350,naive,False,True,21,378,process_item_0197 process_item_0217 process_item_0120 process_item_0248 process_item_0317 process_item_0132 process_item_0373 process_item_0050 process_item_0409 process_item_0365 process_item_0350 process_item_0117 process_item_0423 process_item_0405 process_item_0125 process_item_0184 process_item_0333 process_item_0100 process_item_0311 process_item_0212 process_item_0351
function_name,10,350,process_item_0350,v1,False,False,1,7,FAILED
function_name,10,350,process_item_0350,v2,True,True,6,108,process_item_0350 process_item_0333 process_item_0132 process_item_0351 process_item_0212 process_item_0311
function_name,10,350,process_item_0350,oracle,True,True,1,18,process_item_0350
function_name,10,275,process_item_0275,user_only,False,False,0,0,
function_name,10,275,process_item_0275,naive,False,True,21,378,process_item_0445 process_item_0092 process_item_0138 process_item_0431 process_item_0153 process_item_0106 process_item_0101 process_item_0349 process_item_0257 process_item_0392 process_item_0275 process_item_0104 process_item_0405 process_item_0128 process_item_0298 process_item_0077 process_item_0211 process_item_0281 process_item_0188 process_item_0066 process_item_0224
function_name,10,275,process_item_0275,v1,False,False,1,7,FAILED
function_name,10,275,process_item_0275,v2,True,True,6,108,process_item_0275 process_item_0211 process_item_0106 process_item_0224 process_item_0066 process_item_0188
function_name,10,275,process_item_0275,oracle,True,True,1,18,process_item_0275
function_name,10,172,process_item_0172,user_only,False,False,0,0,
function_name,10,172,process_item_0172,naive,True,True,21,378,process_item_0349 process_item_0376 process_item_0241 process_item_0088 process_item_0202 process_item_0385 process_item_0157 process_item_0200 process_item_0280 process_item_0367 process_item_0172 process_item_0256 process_item_0137 process_item_0300 process_item_0354 process_item_0184 process_item_0297 process_item_0142 process_item_0429 process_item_0124 process_item_0105
function_name,10,172,process_item_0172,v1,False,False,1,7,FAILED
function_name,10,172,process_item_0172,v2,True,True,6,108,process_item_0172 process_item_0297 process_item_0385 process_item_0105 process_item_0124 process_item_0429
function_name,10,172,process_item_0172,oracle,True,True,1,18,process_item_0172
function_name,10,51,process_item_0051,user_only,False,False,0,0,
function_name,10,51,process_item_0051,naive,True,True,21,378,process_item_0223 process_item_0340 process_item_0194 process_item_0170 process_item_0105 process_item_0450 process_item_0220 process_item_0268 process_item_0133 process_item_0205 process_item_0051 process_item_0078 process_item_0068 process_item_0388 process_item_0070 process_item_0443 process_item_0401 process_item_0102 process_item_0280 process_item_0311 process_item_0247
function_name,10,51,process_item_0051,v1,False,False,1,7,FAILED
function_name,10,51,process_item_0051,v2,True,True,6,108,process_item_0051 process_item_0401 process_item_0450 process_item_0247 process_item_0311 process_item_0280
function_name,10,51,process_item_0051,oracle,True,True,1,18,process_item_0051
function_name,10,364,process_item_0364,user_only,False,False,0,0,
function_name,10,364,process_item_0364,naive,False,True,21,378,process_item_0058 process_item_0243 process_item_0162 process_item_0319 process_item_0134 process_item_0186 process_item_0288 process_item_0053 process_item_0303 process_item_0250 process_item_0364 process_item_0419 process_item_0051 process_item_0292 process_item_0270 process_item_0392 process_item_0061 process_item_0130 process_item_0258 process_item_0106 process_item_0165
function_name,10,364,process_item_0364,v1,False,False,1,7,FAILED
function_name,10,364,process_item_0364,v2,True,True,6,108,process_item_0364 process_item_0061 process_item_0186 process_item_0165 process_item_0106 process_item_0258
function_name,10,364,process_item_0364,oracle,True,True,1,18,process_item_0364
function_name,10,91,process_item_0091,user_only,False,False,0,0,
function_name,10,91,process_item_0091,naive,True,True,21,378,process_item_0343 process_item_0420 process_item_0350 process_item_0285 process_item_0237 process_item_0054 process_item_0135 process_item_0295 process_item_0423 process_item_0369 process_item_0091 process_item_0124 process_item_0412 process_item_0114 process_item_0246 process_item_0439 process_item_0248 process_item_0411 process_item_0181 process_item_0117 process_item_0361
function_name,10,91,process_item_0091,v1,False,False,1,7,FAILED
function_name,10,91,process_item_0091,v2,True,True,6,108,process_item_0091 process_item_0248 process_item_0054 process_item_0361 process_item_0117 process_item_0181
function_name,10,91,process_item_0091,oracle,True,True,1,18,process_item_0091
function_name,10,106,process_item_0106,user_only,False,False,0,0,
function_name,10,106,process_item_0106,naive,True,True,21,378,process_item_0298 process_item_0343 process_item_0181 process_item_0329 process_item_0209 process_item_0121 process_item_0369 process_item_0084 process_item_0244 process_item_0259 process_item_0106 process_item_0051 process_item_0173 process_item_0242 process_item_0228 process_item_0146 process_item_0057 process_item_0366 process_item_0436 process_item_0297 process_item_0383
function_name,10,106,process_item_0106,v1,False,False,1,7,FAILED
function_name,10,106,process_item_0106,v2,True,True,6,108,process_item_0106 process_item_0057 process_item_0121 process_item_0383 process_item_0297 process_item_0436
function_name,10,106,process_item_0106,oracle,True,True,1,18,process_item_0106
function_name,10,197,process_item_0197,user_only,False,False,0,0,
function_name,10,197,process_item_0197,naive,True,True,21,378,process_item_0447 process_item_0393 process_item_0373 process_item_0124 process_item_0407 process_item_0235 process_item_0107 process_item_0379 process_item_0185 process_item_0330 process_item_0197 process_item_0162 process_item_0355 process_item_0161 process_item_0344 process_item_0279 process_item_0340 process_item_0182 process_item_0214 process_item_0347 process_item_0194
function_name,10,197,process_item_0197,v1,False,False,1,7,FAILED
function_name,10,197,process_item_0197,v2,True,True,6,108,process_item_0197 process_item_0340 process_item_0235 process_item_0194 process_item_0347 process_item_0214
function_name,10,197,process_item_0197,oracle,True,True,1,18,process_item_0197
function_name,10,100,process_item_0100,user_only,False,False,0,0,
function_name,10,100,process_item_0100,naive,True,True,21,378,process_item_0301 process_item_0089 process_item_0291 process_item_0340 process_item_0070 process_item_0362 process_item_0288 process_item_0281 process_item_0325 process_item_0066 process_item_0100 process_item_0158 process_item_0438 process_item_0436 process_item_0350 process_item_0190 process_item_0406 process_item_0229 process_item_0087 process_item_0183 process_item_0298
function_name,10,100,process_item_0100,v1,False,False,1,7,FAILED
function_name,10,100,process_item_0100,v2,True,True,6,108,process_item_0100 process_item_0406 process_item_0362 process_item_0298 process_item_0183 process_item_0087
function_name,10,100,process_item_0100,oracle,True,True,1,18,process_item_0100
function_name,10,280,process_item_0280,user_only,False,False,0,0,
function_name,10,280,process_item_0280,naive,False,True,21,378,process_item_0061 process_item_0128 process_item_0191 process_item_0139 process_item_0188 process_item_0166 process_item_0410 process_item_0294 process_item_0301 process_item_0279 process_item_0280 process_item_0198 process_item_0311 process_item_0299 process_item_0111 process_item_0420 process_item_0390 process_item_0444 process_item_0224 process_item_0228 process_item_0143
function_name,10,280,process_item_0280,v1,False,False,1,7,FAILED
function_name,10,280,process_item_0280,v2,True,True,6,108,process_item_0280 process_item_0390 process_item_0166 process_item_0143 process_item_0228 process_item_0224
function_name,10,280,process_item_0280,oracle,True,True,1,18,process_item_0280
function_name,10,55,process_item_0055,user_only,False,False,0,0,
function_name,10,55,process_item_0055,naive,True,True,21,378,process_item_0065 process_item_0198 process_item_0361 process_item_0235 process_item_0103 process_item_0121 process_item_0222 process_item_0333 process_item_0104 process_item_0292 process_item_0055 process_item_0350 process_item_0109 process_item_0315 process_item_0207 process_item_0437 process_item_0082 process_item_0169 process_item_0269 process_item_0277 process_item_0072
function_name,10,55,process_item_0055,v1,False,False,1,7,FAILED
function_name,10,55,process_item_0055,v2,True,True,6,108,process_item_0055 process_item_0082 process_item_0121 process_item_0072 process_item_0277 process_item_0269
function_name,10,55,process_item_0055,oracle,True,True,1,18,process_item_0055
function_name,10,400,process_item_0400,user_only,False,False,0,0,
function_name,10,400,process_item_0400,naive,False,True,21,378,process_item_0306 process_item_0212 process_item_0391 process_item_0183 process_item_0337 process_item_0416 process_item_0406 process_item_0384 process_item_0328 process_item_0239 process_item_0400 process_item_0150 process_item_0225 process_item_0133 process_item_0434 process_item_0346 process_item_0112 process_item_0103 process_item_0086 process_item_0148 process_item_0107
function_name,10,400,process_item_0400,v1,False,False,1,7,FAILED
function_name,10,400,process_item_0400,v2,True,True,6,108,process_item_0400 process_item_0112 process_item_0416 process_item_0107 process_item_0148 process_item_0086
function_name,10,400,process_item_0400,oracle,True,True,1,18,process_item_0400
function_name,10,397,process_item_0397,user_only,False,False,0,0,
function_name,10,397,process_item_0397,naive,False,True,21,378,process_item_0309 process_item_0440 process_item_0154 process_item_0230 process_item_0403 process_item_0346 process_item_0243 process_item_0089 process_item_0282 process_item_0157 process_item_0397 process_item_0349 process_item_0207 process_item_0262 process_item_0380 process_item_0387 process_item_0298 process_item_0324 process_item_0235 process_item_0102 process_item_0302
function_name,10,397,process_item_0397,v1,False,False,1,7,FAILED
function_name,10,397,process_item_0397,v2,True,True,6,108,process_item_0397 process_item_0298 process_item_0346 process_item_0302 process_item_0102 process_item_0235
function_name,10,397,process_item_0397,oracle,True,True,1,18,process_item_0397
function_name,10,210,process_item_0210,user_only,False,False,0,0,
function_name,10,210,process_item_0210,naive,False,True,21,378,process_item_0312 process_item_0294 process_item_0061 process_item_0393 process_item_0223 process_item_0328 process_item_0371 process_item_0303 process_item_0056 process_item_0134 process_item_0210 process_item_0120 process_item_0437 process_item_0375 process_item_0436 process_item_0089 process_item_0253 process_item_0252 process_item_0121 process_item_0081 process_item_0170
function_name,10,210,process_item_0210,v1,False,False,1,7,FAILED
function_name,10,210,process_item_0210,v2,True,True,6,108,process_item_0210 process_item_0253 process_item_0328 process_item_0170 process_item_0081 process_item_0121
function_name,10,210,process_item_0210,oracle,True,True,1,18,process_item_0210
function_name,10,157,process_item_0157,user_only,False,False,0,0,
function_name,10,157,process_item_0157,naive,True,True,21,378,process_item_0133 process_item_0407 process_item_0302 process_item_0177 process_item_0233 process_item_0213 process_item_0114 process_item_0371 process_item_0184 process_item_0229 process_item_0157 process_item_0379 process_item_0052 process_item_0115 process_item_0345 process_item_0134 process_item_0081 process_item_0281 process_item_0261 process_item_0110 process_item_0353
function_name,10,157,process_item_0157,v1,False,False,1,7,FAILED
function_name,10,157,process_item_0157,v2,True,True,6,108,process_item_0157 process_item_0081 process_item_0213 process_item_0353 process_item_0110 process_item_0261
function_name,10,157,process_item_0157,oracle,True,True,1,18,process_item_0157
function_name,10,253,process_item_0253,user_only,False,False,0,0,
function_name,10,253,process_item_0253,naive,False,True,21,378,process_item_0203 process_item_0391 process_item_0149 process_item_0413 process_item_0431 process_item_0261 process_item_0221 process_item_0058 process_item_0270 process_item_0237 process_item_0253 process_item_0120 process_item_0185 process_item_0172 process_item_0106 process_item_0202 process_item_0148 process_item_0277 process_item_0196 process_item_0118 process_item_0079
function_name,10,253,process_item_0253,v1,False,False,1,7,FAILED
function_name,10,253,process_item_0253,v2,True,True,6,108,process_item_0253 process_item_0148 process_item_0261 process_item_0079 process_item_0118 process_item_0196
function_name,10,253,process_item_0253,oracle,True,True,1,18,process_item_0253
function_name,10,178,process_item_0178,user_only,False,False,0,0,
function_name,10,178,process_item_0178,naive,True,True,21,378,process_item_0260 process_item_0392 process_item_0276 process_item_0388 process_item_0070 process_item_0393 process_item_0445 process_item_0186 process_item_0361 process_item_0407 process_item_0178 process_item_0218 process_item_0379 process_item_0415 process_item_0305 process_item_0248 process_item_0282 process_item_0200 process_item_0098 process_item_0110 process_item_0102
function_name,10,178,process_item_0178,v1,False,False,1,7,FAILED
function_name,10,178,process_item_0178,v2,True,True,6,108,process_item_0178 process_item_0282 process_item_0393 process_item_0102 process_item_0110 process_item_0098
function_name,10,178,process_item_0178,oracle,True,True,1,18,process_item_0178
function_name,10,228,process_item_0228,user_only,False,False,0,0,
function_name,10,228,process_item_0228,naive,True,True,21,378,process_item_0372 process_item_0112 process_item_0203 process_item_0435 process_item_0234 process_item_0332 process_item_0375 process_item_0371 process_item_0054 process_item_0367 process_item_0228 process_item_0377 process_item_0450 process_item_0354 process_item_0249 process_item_0226 process_item_0363 process_item_0247 process_item_0408 process_item_0383 process_item_0328
function_name,10,228,process_item_0228,v1,False,False,1,7,FAILED
function_name,10,228,process_item_0228,v2,True,True,6,108,process_item_0228 process_item_0363 process_item_0332 process_item_0328 process_item_0383 process_item_0408
function_name,10,228,process_item_0228,oracle,True,True,1,18,process_item_0228
function_name,10,232,process_item_0232,user_only,False,False,0,0,
function_name,10,232,process_item_0232,naive,False,True,21,378,process_item_0342 process_item_0323 process_item_0067 process_item_0375 process_item_0422 process_item_0377 process_item_0170 process_item_0130 process_item_0239 process_item_0340 process_item_0232 process_item_0143 process_item_0092 process_item_0424 process_item_0125 process_item_0185 process_item_0359 process_item_0331 process_item_0355 process_item_0224 process_item_0138
function_name,10,232,process_item_0232,v1,False,False,1,7,FAILED
function_name,10,232,process_item_0232,v2,True,True,6,108,process_item_0232 process_item_0359 process_item_0377 process_item_0138 process_item_0224 process_item_0355
function_name,10,232,process_item_0232,oracle,True,True,1,18,process_item_0232
function_name,10,242,process_item_0242,user_only,False,False,0,0,
function_name,10,242,process_item_0242,naive,False,True,21,378,process_item_0073 process_item_0214 process_item_0151 process_item_0422 process_item_0169 process_item_0447 process_item_0053 process_item_0427 process_item_0275 process_item_0436 process_item_0242 process_item_0113 process_item_0391 process_item_0327 process_item_0182 process_item_0443 process_item_0176 process_item_0361 process_item_0186 process_item_0059 process_item_0148
function_name,10,242,process_item_0242,v1,False,False,1,7,FAILED
function_name,10,242,process_item_0242,v2,True,True,6,108,process_item_0242 process_item_0176 process_item_0447 process_item_0148 process_item_0059 process_item_0186
function_name,10,242,process_item_0242,oracle,True,True,1,18,process_item_0242
function_name,10,431,process_item_0431,user_only,False,False,0,0,
function_name,10,431,process_item_0431,naive,False,True,21,378,process_item_0226 process_item_0166 process_item_0120 process_item_0217 process_item_0182 process_item_0428 process_item_0121 process_item_0338 process_item_0241 process_item_0209 process_item_0431 process_item_0059 process_item_0118 process_item_0347 process_item_0161 process_item_0388 process_item_0201 process_item_0353 process_item_0326 process_item_0385 process_item_0231
function_name,10,431,process_item_0431,v1,False,False,1,7,FAILED
function_name,10,431,process_item_0431,v2,True,True,6,108,process_item_0431 process_item_0201 process_item_0428 process_item_0231 process_item_0385 process_item_0326
function_name,10,431,process_item_0431,oracle,True,True,1,18,process_item_0431
function_name,10,376,process_item_0376,user_only,False,False,0,0,
function_name,10,376,process_item_0376,naive,False,True,21,378,process_item_0138 process_item_0153 process_item_0293 process_item_0224 process_item_0425 process_item_0059 process_item_0260 process_item_0375 process_item_0255 process_item_0314 process_item_0376 process_item_0407 process_item_0247 process_item_0412 process_item_0277 process_item_0392 process_item_0198 process_item_0450 process_item_0436 process_item_0102 process_item_0254
function_name,10,376,process_item_0376,v1,False,False,1,7,FAILED
function_name,10,376,process_item_0376,v2,True,True,6,108,process_item_0376 process_item_0198 process_item_0059 process_item_0254 process_item_0102 process_item_0436
function_name,10,376,process_item_0376,oracle,True,True,1,18,process_item_0376
function_name,10,89,process_item_0089,user_only,False,False,0,0,
function_name,10,89,process_item_0089,naive,True,True,21,378,process_item_0287 process_item_0183 process_item_0275 process_item_0369 process_item_0160 process_item_0207 process_item_0360 process_item_0421 process_item_0204 process_item_0139 process_item_0089 process_item_0170 process_item_0438 process_item_0097 process_item_0349 process_item_0359 process_item_0082 process_item_0219 process_item_0065 process_item_0256 process_item_0406
function_name,10,89,process_item_0089,v1,False,False,1,7,FAILED
function_name,10,89,process_item_0089,v2,True,True,6,108,process_item_0089 process_item_0082 process_item_0207 process_item_0406 process_item_0256 process_item_0065
function_name,10,89,process_item_0089,oracle,True,True,1,18,process_item_0089
function_name,10,420,process_item_0420,user_only,False,False,0,0,
function_name,10,420,process_item_0420,naive,False,True,21,378,process_item_0113 process_item_0128 process_item_0279 process_item_0120 process_item_0265 process_item_0169 process_item_0326 process_item_0316 process_item_0096 process_item_0446 process_item_0420 process_item_0264 process_item_0299 process_item_0393 process_item_0092 process_item_0286 process_item_0174 process_item_0355 process_item_0093 process_item_0197 process_item_0269
function_name,10,420,process_item_0420,v1,False,False,1,7,FAILED
function_name,10,420,process_item_0420,v2,True,True,6,108,process_item_0420 process_item_0174 process_item_0169 process_item_0269 process_item_0197 process_item_0093
function_name,10,420,process_item_0420,oracle,True,True,1,18,process_item_0420
function_name,10,224,process_item_0224,user_only,False,False,0,0,
function_name,10,224,process_item_0224,naive,False,True,21,378,process_item_0080 process_item_0321 process_item_0103 process_item_0399 process_item_0132 process_item_0089 process_item_0201 process_item_0168 process_item_0222 process_item_0066 process_item_0224 process_item_0155 process_item_0146 process_item_0303 process_item_0348 process_item_0360 process_item_0372 process_item_0197 process_item_0207 process_item_0200 process_item_0277
function_name,10,224,process_item_0224,v1,False,False,1,7,FAILED
function_name,10,224,process_item_0224,v2,True,True,6,108,process_item_0224 process_item_0372 process_item_0089 process_item_0277 process_item_0200 process_item_0207
function_name,10,224,process_item_0224,oracle,True,True,1,18,process_item_0224
function_name,10,95,process_item_0095,user_only,False,False,0,0,
function_name,10,95,process_item_0095,naive,True,True,21,378,process_item_0211 process_item_0222 process_item_0392 process_item_0234 process_item_0152 process_item_0385 process_item_0219 process_item_0267 process_item_0313 process_item_0354 process_item_0095 process_item_0227 process_item_0404 process_item_0241 process_item_0435 process_item_0378 process_item_0441 process_item_0371 process_item_0147 process_item_0055 process_item_0330
function_name,10,95,process_item_0095,v1,False,False,1,7,FAILED
function_name,10,95,process_item_0095,v2,True,True,6,108,process_item_0095 process_item_0441 process_item_0385 process_item_0330 process_item_0055 process_item_0147
function_name,10,95,process_item_0095,oracle,True,True,1,18,process_item_0095
function_name,10,335,process_item_0335,user_only,False,False,0,0,
function_name,10,335,process_item_0335,naive,False,True,21,378,process_item_0121 process_item_0327 process_item_0305 process_item_0220 process_item_0354 process_item_0092 process_item_0057 process_item_0332 process_item_0300 process_item_0129 process_item_0335 process_item_0273 process_item_0153 process_item_0408 process_item_0257 process_item_0235 process_item_0355 process_item_0271 process_item_0423 process_item_0069 process_item_0352
function_name,10,335,process_item_0335,v1,False,False,1,7,FAILED
function_name,10,335,process_item_0335,v2,True,True,6,108,process_item_0335 process_item_0355 process_item_0092 process_item_0352 process_item_0069 process_item_0423
function_name,10,335,process_item_0335,oracle,True,True,1,18,process_item_0335
function_name,10,325,process_item_0325,user_only,False,False,0,0,
function_name,10,325,process_item_0325,naive,False,True,21,378,process_item_0292 process_item_0352 process_item_0362 process_item_0224 process_item_0406 process_item_0384 process_item_0053 process_item_0218 process_item_0391 process_item_0096 process_item_0325 process_item_0246 process_item_0114 process_item_0255 process_item_0393 process_item_0207 process_item_0136 process_item_0132 process_item_0156 process_item_0071 process_item_0269
function_name,10,325,process_item_0325,v1,False,False,1,7,FAILED
function_name,10,325,process_item_0325,v2,True,True,6,108,process_item_0325 process_item_0136 process_item_0384 process_item_0269 process_item_0071 process_item_0156
function_name,10,325,process_item_0325,oracle,True,True,1,18,process_item_0325
function_name,10,199,process_item_0199,user_only,False,False,0,0,
function_name,10,199,process_item_0199,naive,True,True,21,378,process_item_0284 process_item_0075 process_item_0253 process_item_0233 process_item_0411 process_item_0252 process_item_0092 process_item_0289 process_item_0265 process_item_0120 process_item_0199 process_item_0353 process_item_0398 process_item_0097 process_item_0214 process_item_0346 process_item_0106 process_item_0084 process_item_0328 process_item_0088 process_item_0257
function_name,10,199,process_item_0199,v1,False,False,1,7,FAILED
function_name,10,199,process_item_0199,v2,True,True,6,108,process_item_0199 process_item_0106 process_item_0252 process_item_0257 process_item_0088 process_item_0328
function_name,10,199,process_item_0199,oracle,True,True,1,18,process_item_0199
function_name,10,284,process_item_0284,user_only,False,False,0,0,
function_name,10,284,process_item_0284,naive,False,True,21,378,process_item_0333 process_item_0448 process_item_0122 process_item_0159 process_item_0074 process_item_0248 process_item_0312 process_item_0359 process_item_0148 process_item_0165 process_item_0284 process_item_0140 process_item_0177 process_item_0330 process_item_0283 process_item_0302 process_item_0102 process_item_0255 process_item_0244 process_item_0212 process_item_0430
function_name,10,284,process_item_0284,v1,False,False,1,7,FAILED
function_name,10,284,process_item_0284,v2,True,True,6,108,process_item_0284 process_item_0102 process_item_0248 process_item_0430 process_item_0212 process_item_0244
function_name,10,284,process_item_0284,oracle,True,True,1,18,process_item_0284
function_name,10,122,process_item_0122,user_only,False,False,0,0,
function_name,10,122,process_item_0122,naive,True,True,21,378,process_item_0322 process_item_0067 process_item_0084 process_item_0229 process_item_0334 process_item_0150 process_item_0251 process_item_0175 process_item_0225 process_item_0281 process_item_0122 process_item_0301 process_item_0351 process_item_0202 process_item_0346 process_item_0269 process_item_0352 process_item_0100 process_item_0422 process_item_0227 process_item_0260
function_name,10,122,process_item_0122,v1,False,False,1,7,FAILED
function_name,10,122,process_item_0122,v2,True,True,6,108,process_item_0122 process_item_0352 process_item_0150 process_item_0260 process_item_0227 process_item_0422
function_name,10,122,process_item_0122,oracle,True,True,1,18,process_item_0122
function_name,30,110,process_item_0110,user_only,False,False,0,0,
function_name,30,110,process_item_0110,naive,True,True,21,378,process_item_0189 process_item_0416 process_item_0219 process_item_0156 process_item_0241 process_item_0402 process_item_0131 process_item_0368 process_item_0277 process_item_0340 process_item_0110 process_item_0196 process_item_0153 process_item_0349 process_item_0091 process_item_0267 process_item_0262 process_item_0391 process_item_0201 process_item_0257 process_item_0362
function_name,30,110,process_item_0110,v1,False,False,1,7,FAILED
function_name,30,110,process_item_0110,v2,True,True,6,108,process_item_0110 process_item_0262 process_item_0402 process_item_0362 process_item_0257 process_item_0201
function_name,30,110,process_item_0110,oracle,True,True,1,18,process_item_0110
function_name,30,213,process_item_0213,user_only,False,False,0,0,
function_name,30,213,process_item_0213,naive,True,True,21,378,process_item_0109 process_item_0417 process_item_0301 process_item_0154 process_item_0325 process_item_0165 process_item_0244 process_item_0350 process_item_0056 process_item_0176 process_item_0213 process_item_0310 process_item_0058 process_item_0139 process_item_0237 process_item_0151 process_item_0082 process_item_0239 process_item_0132 process_item_0106 process_item_0250
function_name,30,213,process_item_0213,v1,False,False,1,7,FAILED
function_name,30,213,process_item_0213,v2,True,True,6,108,process_item_0213 process_item_0082 process_item_0165 process_item_0250 process_item_0106 process_item_0132
function_name,30,213,process_item_0213,oracle,True,True,1,18,process_item_0213
function_name,30,307,process_item_0307,user_only,False,False,0,0,
function_name,30,307,process_item_0307,naive,True,True,21,378,process_item_0178 process_item_0181 process_item_0149 process_item_0349 process_item_0064 process_item_0139 process_item_0407 process_item_0154 process_item_0256 process_item_0250 process_item_0307 process_item_0152 process_item_0168 process_item_0290 process_item_0270 process_item_0333 process_item_0336 process_item_0170 process_item_0138 process_item_0163 process_item_0348
function_name,30,307,process_item_0307,v1,False,False,1,7,FAILED
function_name,30,307,process_item_0307,v2,True,True,6,108,process_item_0307 process_item_0336 process_item_0139 process_item_0348 process_item_0163 process_item_0138
function_name,30,307,process_item_0307,oracle,True,True,1,18,process_item_0307
function_name,30,312,process_item_0312,user_only,False,False,0,0,
function_name,30,312,process_item_0312,naive,True,True,21,378,process_item_0282 process_item_0286 process_item_0289 process_item_0283 process_item_0340 process_item_0442 process_item_0173 process_item_0225 process_item_0154 process_item_0398 process_item_0312 process_item_0335 process_item_0067 process_item_0435 process_item_0166 process_item_0325 process_item_0241 process_item_0363 process_item_0430 process_item_0076 process_item_0098
function_name,30,312,process_item_0312,v1,False,False,1,7,FAILED
function_name,30,312,process_item_0312,v2,True,True,6,108,process_item_0312 process_item_0241 process_item_0442 process_item_0098 process_item_0076 process_item_0430
function_name,30,312,process_item_0312,oracle,True,True,1,18,process_item_0312
function_name,30,381,process_item_0381,user_only,False,False,0,0,
function_name,30,381,process_item_0381,naive,True,True,21,378,process_item_0246 process_item_0079 process_item_0205 process_item_0138 process_item_0115 process_item_0226 process_item_0416 process_item_0068 process_item_0316 process_item_0319 process_item_0381 process_item_0367 process_item_0302 process_item_0275 process_item_0133 process_item_0287 process_item_0088 process_item_0198 process_item_0055 process_item_0362 process_item_0363
function_name,30,381,process_item_0381,v1,False,False,1,7,FAILED
function_name,30,381,process_item_0381,v2,True,True,6,108,process_item_0381 process_item_0088 process_item_0226 process_item_0363 process_item_0362 process_item_0055
function_name,30,381,process_item_0381,oracle,True,True,1,18,process_item_0381
function_name,30,102,process_item_0102,user_only,False,False,0,0,
function_name,30,102,process_item_0102,naive,True,True,21,378,process_item_0270 process_item_0188 process_item_0220 process_item_0307 process_item_0071 process_item_0276 process_item_0191 process_item_0363 process_item_0244 process_item_0126 process_item_0102 process_item_0090 process_item_0384 process_item_0295 process_item_0379 process_item_0362 process_item_0161 process_item_0350 process_item_0334 process_item_0153 process_item_0233
function_name,30,102,process_item_0102,v1,False,False,1,7,FAILED
function_name,30,102,process_item_0102,v2,True,True,6,108,process_item_0102 process_item_0161 process_item_0276 process_item_0233 process_item_0153 process_item_0334
function_name,30,102,process_item_0102,oracle,True,True,1,18,process_item_0102
function_name,30,164,process_item_0164,user_only,False,False,0,0,
function_name,30,164,process_item_0164,naive,True,True,21,378,process_item_0327 process_item_0208 process_item_0444 process_item_0395 process_item_0279 process_item_0071 process_item_0242 process_item_0169 process_item_0151 process_item_0429 process_item_0164 process_item_0102 process_item_0223 process_item_0394 process_item_0378 process_item_0230 process_item_0269 process_item_0381 process_item_0083 process_item_0277 process_item_0295
function_name,30,164,process_item_0164,v1,False,False,1,7,FAILED
function_name,30,164,process_item_0164,v2,True,True,6,108,process_item_0164 process_item_0269 process_item_0071 process_item_0295 process_item_0277 process_item_0083
function_name,30,164,process_item_0164,oracle,True,True,1,18,process_item_0164
function_name,30,357,process_item_0357,user_only,False,False,0,0,
function_name,30,357,process_item_0357,naive,True,True,21,378,process_item_0249 process_item_0180 process_item_0164 process_item_0122 process_item_0121 process_item_0141 process_item_0250 process_item_0150 process_item_0360 process_item_0285 process_item_0357 process_item_0423 process_item_0101 process_item_0382 process_item_0253 process_item_0219 process_item_0192 process_item_0156 process_item_0193 process_item_0413 process_item_0303
function_name,30,357,process_item_0357,v1,False,False,1,7,FAILED
function_name,30,357,process_item_0357,v2,True,True,6,108,process_item_0357 process_item_0192 process_item_0141 process_item_0303 process_item_0413 process_item_0193
function_name,30,357,process_item_0357,oracle,True,True,1,18,process_item_0357
function_name,30,368,process_item_0368,user_only,False,False,0,0,
function_name,30,368,process_item_0368,naive,True,True,21,378,process_item_0219 process_item_0200 process_item_0438 process_item_0139 process_item_0151 process_item_0153 process_item_0264 process_item_0393 process_item_0324 process_item_0427 process_item_0368 process_item_0266 process_item_0422 process_item_0280 process_item_0057 process_item_0276 process_item_0310 process_item_0252 process_item_0284 process_item_0297 process_item_0311
function_name,30,368,process_item_0368,v1,False,False,1,7,FAILED
function_name,30,368,process_item_0368,v2,True,True,6,108,process_item_0368 process_item_0310 process_item_0153 process_item_0311 process_item_0297 process_item_0284
function_name,30,368,process_item_0368,oracle,True,True,1,18,process_item_0368
function_name,30,334,process_item_0334,user_only,False,False,0,0,
function_name,30,334,process_item_0334,naive,True,True,21,378,process_item_0380 process_item_0436 process_item_0117 process_item_0354 process_item_0319 process_item_0186 process_item_0261 process_item_0069 process_item_0309 process_item_0423 process_item_0334 process_item_0184 process_item_0385 process_item_0421 process_item_0439 process_item_0229 process_item_0196 process_item_0156 process_item_0301 process_item_0332 process_item_0140
function_name,30,334,process_item_0334,v1,False,False,1,7,FAILED
function_name,30,334,process_item_0334,v2,True,True,6,108,process_item_0334 process_item_0196 process_item_0186 process_item_0140 process_item_0332 process_item_0301
function_name,30,334,process_item_0334,oracle,True,True,1,18,process_item_0334
function_name,30,265,process_item_0265,user_only,False,False,0,0,
function_name,30,265,process_item_0265,naive,True,True,21,378,process_item_0325 process_item_0230 process_item_0284 process_item_0431 process_item_0357 process_item_0418 process_item_0204 process_item_0185 process_item_0404 process_item_0139 process_item_0265 process_item_0407 process_item_0095 process_item_0271 process_item_0345 process_item_0092 process_item_0105 process_item_0205 process_item_0251 process_item_0434 process_item_0151
function_name,30,265,process_item_0265,v1,False,False,1,7,FAILED
function_name,30,265,process_item_0265,v2,True,True,6,108,process_item_0265 process_item_0105 process_item_0418 process_item_0151 process_item_0434 process_item_0251
function_name,30,265,process_item_0265,oracle,True,True,1,18,process_item_0265
function_name,30,343,process_item_0343,user_only,False,False,0,0,
function_name,30,343,process_item_0343,naive,True,True,21,378,process_item_0336 process_item_0421 process_item_0363 process_item_0180 process_item_0216 process_item_0229 process_item_0052 process_item_0331 process_item_0146 process_item_0309 process_item_0343 process_item_0203 process_item_0242 process_item_0319 process_item_0145 process_item_0442 process_item_0417 process_item_0274 process_item_0407 process_item_0344 process_item_0440
function_name,30,343,process_item_0343,v1,False,False,1,7,FAILED
function_name,30,343,process_item_0343,v2,True,True,6,108,process_item_0343 process_item_0417 process_item_0229 process_item_0440 process_item_0344 process_item_0407
function_name,30,343,process_item_0343,oracle,True,True,1,18,process_item_0343
function_name,30,330,process_item_0330,user_only,False,False,0,0,
function_name,30,330,process_item_0330,naive,True,True,21,378,process_item_0081 process_item_0192 process_item_0297 process_item_0200 process_item_0263 process_item_0405 process_item_0130 process_item_0300 process_item_0067 process_item_0364 process_item_0330 process_item_0129 process_item_0158 process_item_0143 process_item_0315 process_item_0350 process_item_0308 process_item_0153 process_item_0303 process_item_0238 process_item_0065
function_name,30,330,process_item_0330,v1,False,False,1,7,FAILED
function_name,30,330,process_item_0330,v2,True,True,6,108,process_item_0330 process_item_0308 process_item_0405 process_item_0065 process_item_0238 process_item_0303
function_name,30,330,process_item_0330,oracle,True,True,1,18,process_item_0330
function_name,30,424,process_item_0424,user_only,False,False,0,0,
function_name,30,424,process_item_0424,naive,True,True,21,378,process_item_0243 process_item_0266 process_item_0128 process_item_0315 process_item_0252 process_item_0263 process_item_0142 process_item_0440 process_item_0134 process_item_0136 process_item_0424 process_item_0145 process_item_0340 process_item_0148 process_item_0449 process_item_0212 process_item_0420 process_item_0416 process_item_0421 process_item_0061 process_item_0258
function_name,30,424,process_item_0424,v1,False,False,1,7,FAILED
function_name,30,424,process_item_0424,v2,True,True,6,108,process_item_0424 process_item_0420 process_item_0263 process_item_0258 process_item_0061 process_item_0421
function_name,30,424,process_item_0424,oracle,True,True,1,18,process_item_0424
function_name,30,447,process_item_0447,user_only,False,False,0,0,
function_name,30,447,process_item_0447,naive,True,True,21,378,process_item_0420 process_item_0054 process_item_0378 process_item_0413 process_item_0273 process_item_0200 process_item_0134 process_item_0331 process_item_0234 process_item_0126 process_item_0447 process_item_0445 process_item_0230 process_item_0122 process_item_0352 process_item_0358 process_item_0078 process_item_0406 process_item_0411 process_item_0319 process_item_0347
function_name,30,447,process_item_0447,v1,False,False,1,7,FAILED
function_name,30,447,process_item_0447,v2,True,True,6,108,process_item_0447 process_item_0078 process_item_0200 process_item_0347 process_item_0319 process_item_0411
function_name,30,447,process_item_0447,oracle,True,True,1,18,process_item_0447
function_name,30,443,process_item_0443,user_only,False,False,0,0,
function_name,30,443,process_item_0443,naive,True,True,21,378,process_item_0380 process_item_0295 process_item_0346 process_item_0407 process_item_0051 process_item_0333 process_item_0117 process_item_0258 process_item_0132 process_item_0193 process_item_0443 process_item_0309 process_item_0426 process_item_0111 process_item_0272 process_item_0082 process_item_0432 process_item_0237 process_item_0387 process_item_0105 process_item_0131
function_name,30,443,process_item_0443,v1,False,False,1,7,FAILED
function_name,30,443,process_item_0443,v2,True,True,6,108,process_item_0443 process_item_0432 process_item_0333 process_item_0131 process_item_0105 process_item_0387
function_name,30,443,process_item_0443,oracle,True,True,1,18,process_item_0443
function_name,30,301,process_item_0301,user_only,False,False,0,0,
function_name,30,301,process_item_0301,naive,True,True,21,378,process_item_0246 process_item_0062 process_item_0373 process_item_0362 process_item_0330 process_item_0324 process_item_0398 process_item_0387 process_item_0098 process_item_0328 process_item_0301 process_item_0090 process_item_0390 process_item_0152 process_item_0236 process_item_0312 process_item_0074 process_item_0187 process_item_0299 process_item_0169 process_item_0059
function_name,30,301,process_item_0301,v1,False,False,1,7,FAILED
function_name,30,301,process_item_0301,v2,True,True,6,108,process_item_0301 process_item_0074 process_item_0324 process_item_0059 process_item_0169 process_item_0299
function_name,30,301,process_item_0301,oracle,True,True,1,18,process_item_0301
function_name,30,434,process_item_0434,user_only,False,False,0,0,
function_name,30,434,process_item_0434,naive,True,True,21,378,process_item_0213 process_item_0069 process_item_0086 process_item_0191 process_item_0366 process_item_0254 process_item_0251 process_item_0277 process_item_0070 process_item_0266 process_item_0434 process_item_0275 process_item_0271 process_item_0394 process_item_0265 process_item_0088 process_item_0172 process_item_0430 process_item_0256 process_item_0128 process_item_0263
function_name,30,434,process_item_0434,v1,False,False,1,7,FAILED
function_name,30,434,process_item_0434,v2,True,True,6,108,process_item_0434 process_item_0172 process_item_0254 process_item_0263 process_item_0128 process_item_0256
function_name,30,434,process_item_0434,oracle,True,True,1,18,process_item_0434
function_name,30,445,process_item_0445,user_only,False,False,0,0,
function_name,30,445,process_item_0445,naive,True,True,21,378,process_item_0409 process_item_0369 process_item_0099 process_item_0101 process_item_0313 process_item_0419 process_item_0177 process_item_0054 process_item_0135 process_item_0269 process_item_0445 process_item_0250 process_item_0304 process_item_0375 process_item_0314 process_item_0064 process_item_0262 process_item_0339 process_item_0052 process_item_0076 process_item_0394
function_name,30,445,process_item_0445,v1,False,False,1,7,FAILED
function_name,30,445,process_item_0445,v2,True,True,6,108,process_item_0445 process_item_0262 process_item_0419 process_item_0394 process_item_0076 process_item_0052
function_name,30,445,process_item_0445,oracle,True,True,1,18,process_item_0445
function_name,30,350,process_item_0350,user_only,False,False,0,0,
function_name,30,350,process_item_0350,naive,True,True,21,378,process_item_0111 process_item_0384 process_item_0315 process_item_0249 process_item_0221 process_item_0065 process_item_0223 process_item_0192 process_item_0189 process_item_0310 process_item_0350 process_item_0103 process_item_0254 process_item_0238 process_item_0263 process_item_0211 process_item_0228 process_item_0141 process_item_0067 process_item_0212 process_item_0113
function_name,30,350,process_item_0350,v1,False,False,1,7,FAILED
function_name,30,350,process_item_0350,v2,True,True,6,108,process_item_0350 process_item_0228 process_item_0065 process_item_0113 process_item_0212 process_item_0067
function_name,30,350,process_item_0350,oracle,True,True,1,18,process_item_0350
function_name,30,275,process_item_0275,user_only,False,False,0,0,
function_name,30,275,process_item_0275,naive,True,True,21,378,process_item_0189 process_item_0404 process_item_0325 process_item_0172 process_item_0143 process_item_0203 process_item_0293 process_item_0154 process_item_0276 process_item_0349 process_item_0275 process_item_0445 process_item_0108 process_item_0393 process_item_0278 process_item_0100 process_item_0401 process_item_0426 process_item_0310 process_item_0322 process_item_0384
function_name,30,275,process_item_0275,v1,False,False,1,7,FAILED
function_name,30,275,process_item_0275,v2,True,True,6,108,process_item_0275 process_item_0401 process_item_0203 process_item_0384 process_item_0322 process_item_0310
function_name,30,275,process_item_0275,oracle,True,True,1,18,process_item_0275
function_name,30,172,process_item_0172,user_only,False,False,0,0,
function_name,30,172,process_item_0172,naive,True,True,21,378,process_item_0103 process_item_0077 process_item_0376 process_item_0216 process_item_0446 process_item_0440 process_item_0321 process_item_0327 process_item_0405 process_item_0403 process_item_0172 process_item_0428 process_item_0177 process_item_0351 process_item_0180 process_item_0280 process_item_0218 process_item_0271 process_item_0385 process_item_0395 process_item_0355
function_name,30,172,process_item_0172,v1,False,False,1,7,FAILED
function_name,30,172,process_item_0172,v2,True,True,6,108,process_item_0172 process_item_0218 process_item_0440 process_item_0355 process_item_0395 process_item_0385
function_name,30,172,process_item_0172,oracle,True,True,1,18,process_item_0172
function_name,30,51,process_item_0051,user_only,False,False,0,0,
function_name,30,51,process_item_0051,naive,True,True,21,378,process_item_0403 process_item_0163 process_item_0137 process_item_0391 process_item_0257 process_item_0375 process_item_0231 process_item_0091 process_item_0154 process_item_0116 process_item_0051 process_item_0196 process_item_0052 process_item_0253 process_item_0197 process_item_0317 process_item_0295 process_item_0332 process_item_0074 process_item_0414 process_item_0386
function_name,30,51,process_item_0051,v1,False,False,1,7,FAILED
function_name,30,51,process_item_0051,v2,True,True,6,108,process_item_0051 process_item_0295 process_item_0375 process_item_0386 process_item_0414 process_item_0074
function_name,30,51,process_item_0051,oracle,True,True,1,18,process_item_0051
function_name,30,364,process_item_0364,user_only,False,False,0,0,
function_name,30,364,process_item_0364,naive,True,True,21,378,process_item_0217 process_item_0315 process_item_0352 process_item_0289 process_item_0111 process_item_0132 process_item_0175 process_item_0085 process_item_0233 process_item_0418 process_item_0364 process_item_0286 process_item_0114 process_item_0305 process_item_0411 process_item_0272 process_item_0427 process_item_0388 process_item_0351 process_item_0129 process_item_0211
function_name,30,364,process_item_0364,v1,False,False,1,7,FAILED
function_name,30,364,process_item_0364,v2,True,True,6,108,process_item_0364 process_item_0427 process_item_0132 process_item_0211 process_item_0129 process_item_0351
function_name,30,364,process_item_0364,oracle,True,True,1,18,process_item_0364
function_name,30,91,process_item_0091,user_only,False,False,0,0,
function_name,30,91,process_item_0091,naive,True,True,21,378,process_item_0183 process_item_0108 process_item_0388 process_item_0099 process_item_0137 process_item_0167 process_item_0249 process_item_0415 process_item_0191 process_item_0380 process_item_0091 process_item_0111 process_item_0300 process_item_0405 process_item_0319 process_item_0082 process_item_0273 process_item_0255 process_item_0178 process_item_0120 process_item_0088
function_name,30,91,process_item_0091,v1,False,False,1,7,FAILED
function_name,30,91,process_item_0091,v2,True,True,6,108,process_item_0091 process_item_0273 process_item_0167 process_item_0088 process_item_0120 process_item_0178
function_name,30,91,process_item_0091,oracle,True,True,1,18,process_item_0091
function_name,30,106,process_item_0106,user_only,False,False,0,0,
function_name,30,106,process_item_0106,naive,True,True,21,378,process_item_0362 process_item_0177 process_item_0378 process_item_0215 process_item_0327 process_item_0338 process_item_0169 process_item_0294 process_item_0280 process_item_0064 process_item_0106 process_item_0347 process_item_0063 process_item_0321 process_item_0390 process_item_0093 process_item_0269 process_item_0069 process_item_0160 process_item_0424 process_item_0229
function_name,30,106,process_item_0106,v1,False,False,1,7,FAILED
function_name,30,106,process_item_0106,v2,True,True,6,108,process_item_0106 process_item_0269 process_item_0338 process_item_0229 process_item_0424 process_item_0160
function_name,30,106,process_item_0106,oracle,True,True,1,18,process_item_0106
function_name,30,197,process_item_0197,user_only,False,False,0,0,
function_name,30,197,process_item_0197,naive,True,True,21,378,process_item_0371 process_item_0254 process_item_0092 process_item_0409 process_item_0171 process_item_0186 process_item_0352 process_item_0098 process_item_0161 process_item_0151 process_item_0197 process_item_0421 process_item_0257 process_item_0177 process_item_0057 process_item_0157 process_item_0103 process_item_0097 process_item_0358 process_item_0316 process_item_0109
function_name,30,197,process_item_0197,v1,False,False,1,7,FAILED
function_name,30,197,process_item_0197,v2,True,True,6,108,process_item_0197 process_item_0103 process_item_0186 process_item_0109 process_item_0316 process_item_0358
function_name,30,197,process_item_0197,oracle,True,True,1,18,process_item_0197
function_name,30,100,process_item_0100,user_only,False,False,0,0,
function_name,30,100,process_item_0100,naive,True,True,21,378,process_item_0244 process_item_0312 process_item_0381 process_item_0090 process_item_0113 process_item_0139 process_item_0259 process_item_0233 process_item_0129 process_item_0440 process_item_0100 process_item_0342 process_item_0234 process_item_0265 process_item_0298 process_item_0238 process_item_0128 process_item_0325 process_item_0167 process_item_0083 process_item_0328
function_name,30,100,process_item_0100,v1,False,False,1,7,FAILED
function_name,30,100,process_item_0100,v2,True,True,6,108,process_item_0100 process_item_0128 process_item_0139 process_item_0328 process_item_0083 process_item_0167
function_name,30,100,process_item_0100,oracle,True,True,1,18,process_item_0100
function_name,30,280,process_item_0280,user_only,False,False,0,0,
function_name,30,280,process_item_0280,naive,True,True,21,378,process_item_0073 process_item_0327 process_item_0198 process_item_0216 process_item_0101 process_item_0334 process_item_0301 process_item_0356 process_item_0284 process_item_0260 process_item_0280 process_item_0178 process_item_0071 process_item_0202 process_item_0431 process_item_0407 process_item_0397 process_item_0405 process_item_0185 process_item_0136 process_item_0212
function_name,30,280,process_item_0280,v1,False,False,1,7,FAILED
function_name,30,280,process_item_0280,v2,True,True,6,108,process_item_0280 process_item_0397 process_item_0334 process_item_0212 process_item_0136 process_item_0185
function_name,30,280,process_item_0280,oracle,True,True,1,18,process_item_0280
function_name,30,55,process_item_0055,user_only,False,False,0,0,
function_name,30,55,process_item_0055,naive,True,True,21,378,process_item_0392 process_item_0367 process_item_0068 process_item_0258 process_item_0172 process_item_0268 process_item_0176 process_item_0352 process_item_0304 process_item_0395 process_item_0055 process_item_0326 process_item_0393 process_item_0095 process_item_0320 process_item_0362 process_item_0233 process_item_0390 process_item_0369 process_item_0234 process_item_0144
function_name,30,55,process_item_0055,v1,False,False,1,7,FAILED
function_name,30,55,process_item_0055,v2,True,True,6,108,process_item_0055 process_item_0233 process_item_0268 process_item_0144 process_item_0234 process_item_0369
function_name,30,55,process_item_0055,oracle,True,True,1,18,process_item_0055
function_name,30,400,process_item_0400,user_only,False,False,0,0,
function_name,30,400,process_item_0400,naive,True,True,21,378,process_item_0236 process_item_0309 process_item_0070 process_item_0214 process_item_0258 process_item_0066 process_item_0108 process_item_0084 process_item_0322 process_item_0054 process_item_0400 process_item_0132 process_item_0287 process_item_0178 process_item_0125 process_item_0355 process_item_0420 process_item_0113 process_item_0419 process_item_0246 process_item_0435
function_name,30,400,process_item_0400,v1,False,False,1,7,FAILED
function_name,30,400,process_item_0400,v2,True,True,6,108,process_item_0400 process_item_0420 process_item_0066 process_item_0435 process_item_0246 process_item_0419
function_name,30,400,process_item_0400,oracle,True,True,1,18,process_item_0400
function_name,30,397,process_item_0397,user_only,False,False,0,0,
function_name,30,397,process_item_0397,naive,True,True,21,378,process_item_0219 process_item_0174 process_item_0154 process_item_0155 process_item_0342 process_item_0146 process_item_0276 process_item_0408 process_item_0159 process_item_0347 process_item_0397 process_item_0189 process_item_0123 process_item_0448 process_item_0109 process_item_0090 process_item_0291 process_item_0084 process_item_0212 process_item_0122 process_item_0063
function_name,30,397,process_item_0397,v1,False,False,1,7,FAILED
function_name,30,397,process_item_0397,v2,True,True,6,108,process_item_0397 process_item_0291 process_item_0146 process_item_0063 process_item_0122 process_item_0212
function_name,30,397,process_item_0397,oracle,True,True,1,18,process_item_0397
function_name,30,210,process_item_0210,user_only,False,False,0,0,
function_name,30,210,process_item_0210,naive,True,True,21,378,process_item_0113 process_item_0241 process_item_0269 process_item_0206 process_item_0175 process_item_0349 process_item_0091 process_item_0280 process_item_0227 process_item_0248 process_item_0210 process_item_0258 process_item_0169 process_item_0304 process_item_0339 process_item_0403 process_item_0221 process_item_0250 process_item_0361 process_item_0163 process_item_0253
function_name,30,210,process_item_0210,v1,False,False,1,7,FAILED
function_name,30,210,process_item_0210,v2,True,True,6,108,process_item_0210 process_item_0221 process_item_0349 process_item_0253 process_item_0163 process_item_0361
function_name,30,210,process_item_0210,oracle,True,True,1,18,process_item_0210
function_name,30,157,process_item_0157,user_only,False,False,0,0,
function_name,30,157,process_item_0157,naive,True,True,21,378,process_item_0123 process_item_0345 process_item_0232 process_item_0363 process_item_0292 process_item_0250 process_item_0171 process_item_0252 process_item_0138 process_item_0365 process_item_0157 process_item_0425 process_item_0135 process_item_0188 process_item_0125 process_item_0095 process_item_0401 process_item_0255 process_item_0302 process_item_0179 process_item_0058
function_name,30,157,process_item_0157,v1,False,False,1,7,FAILED
function_name,30,157,process_item_0157,v2,True,True,6,108,process_item_0157 process_item_0401 process_item_0250 process_item_0058 process_item_0179 process_item_0302
function_name,30,157,process_item_0157,oracle,True,True,1,18,process_item_0157
function_name,30,253,process_item_0253,user_only,False,False,0,0,
function_name,30,253,process_item_0253,naive,True,True,21,378,process_item_0174 process_item_0069 process_item_0415 process_item_0068 process_item_0188 process_item_0300 process_item_0266 process_item_0315 process_item_0374 process_item_0365 process_item_0253 process_item_0129 process_item_0405 process_item_0406 process_item_0101 process_item_0111 process_item_0241 process_item_0317 process_item_0352 process_item_0114 process_item_0113
function_name,30,253,process_item_0253,v1,False,False,1,7,FAILED
function_name,30,253,process_item_0253,v2,True,True,6,108,process_item_0253 process_item_0241 process_item_0300 process_item_0113 process_item_0114 process_item_0352
function_name,30,253,process_item_0253,oracle,True,True,1,18,process_item_0253
function_name,30,178,process_item_0178,user_only,False,False,0,0,
function_name,30,178,process_item_0178,naive,True,True,21,378,process_item_0422 process_item_0314 process_item_0172 process_item_0069 process_item_0135 process_item_0450 process_item_0105 process_item_0075 process_item_0326 process_item_0199 process_item_0178 process_item_0205 process_item_0311 process_item_0336 process_item_0322 process_item_0175 process_item_0339 process_item_0358 process_item_0254 process_item_0285 process_item_0404
function_name,30,178,process_item_0178,v1,False,False,1,7,FAILED
function_name,30,178,process_item_0178,v2,True,True,6,108,process_item_0178 process_item_0339 process_item_0450 process_item_0404 process_item_0285 process_item_0254
function_name,30,178,process_item_0178,oracle,True,True,1,18,process_item_0178
function_name,30,228,process_item_0228,user_only,False,False,0,0,
function_name,30,228,process_item_0228,naive,True,True,21,378,process_item_0388 process_item_0118 process_item_0252 process_item_0217 process_item_0259 process_item_0413 process_item_0331 process_item_0390 process_item_0378 process_item_0182 process_item_0228 process_item_0287 process_item_0423 process_item_0133 process_item_0145 process_item_0409 process_item_0243 process_item_0340 process_item_0342 process_item_0225 process_item_0215
function_name,30,228,process_item_0228,v1,False,False,1,7,FAILED
function_name,30,228,process_item_0228,v2,True,True,6,108,process_item_0228 process_item_0243 process_item_0413 process_item_0215 process_item_0225 process_item_0342
function_name,30,228,process_item_0228,oracle,True,True,1,18,process_item_0228
function_name,30,232,process_item_0232,user_only,False,False,0,0,
function_name,30,232,process_item_0232,naive,True,True,21,378,process_item_0301 process_item_0372 process_item_0420 process_item_0435 process_item_0095 process_item_0271 process_item_0117 process_item_0267 process_item_0298 process_item_0198 process_item_0232 process_item_0194 process_item_0259 process_item_0207 process_item_0243 process_item_0381 process_item_0125 process_item_0209 process_item_0073 process_item_0329 process_item_0291
function_name,30,232,process_item_0232,v1,False,False,1,7,FAILED
function_name,30,232,process_item_0232,v2,True,True,6,108,process_item_0232 process_item_0125 process_item_0271 process_item_0291 process_item_0329 process_item_0073
function_name,30,232,process_item_0232,oracle,True,True,1,18,process_item_0232
function_name,30,242,process_item_0242,user_only,False,False,0,0,
function_name,30,242,process_item_0242,naive,True,True,21,378,process_item_0062 process_item_0185 process_item_0180 process_item_0298 process_item_0300 process_item_0391 process_item_0153 process_item_0342 process_item_0091 process_item_0417 process_item_0242 process_item_0212 process_item_0435 process_item_0364 process_item_0354 process_item_0430 process_item_0402 process_item_0372 process_item_0349 process_item_0312 process_item_0227
function_name,30,242,process_item_0242,v1,False,False,1,7,FAILED
function_name,30,242,process_item_0242,v2,True,True,6,108,process_item_0242 process_item_0402 process_item_0391 process_item_0227 process_item_0312 process_item_0349
function_name,30,242,process_item_0242,oracle,True,True,1,18,process_item_0242
function_name,30,431,process_item_0431,user_only,False,False,0,0,
function_name,30,431,process_item_0431,naive,True,True,21,378,process_item_0261 process_item_0364 process_item_0248 process_item_0314 process_item_0283 process_item_0257 process_item_0120 process_item_0118 process_item_0053 process_item_0444 process_item_0431 process_item_0221 process_item_0319 process_item_0381 process_item_0374 process_item_0365 process_item_0428 process_item_0301 process_item_0334 process_item_0373 process_item_0093
function_name,30,431,process_item_0431,v1,False,False,1,7,FAILED
function_name,30,431,process_item_0431,v2,True,True,6,108,process_item_0431 process_item_0428 process_item_0257 process_item_0093 process_item_0373 process_item_0334
function_name,30,431,process_item_0431,oracle,True,True,1,18,process_item_0431
function_name,30,376,process_item_0376,user_only,False,False,0,0,
function_name,30,376,process_item_0376,naive,True,True,21,378,process_item_0321 process_item_0313 process_item_0142 process_item_0282 process_item_0146 process_item_0126 process_item_0078 process_item_0076 process_item_0099 process_item_0442 process_item_0376 process_item_0177 process_item_0381 process_item_0186 process_item_0272 process_item_0291 process_item_0355 process_item_0129 process_item_0187 process_item_0201 process_item_0382
function_name,30,376,process_item_0376,v1,False,False,1,7,FAILED
function_name,30,376,process_item_0376,v2,True,True,6,108,process_item_0376 process_item_0355 process_item_0126 process_item_0382 process_item_0201 process_item_0187
function_name,30,376,process_item_0376,oracle,True,True,1,18,process_item_0376
function_name,30,89,process_item_0089,user_only,False,False,0,0,
function_name,30,89,process_item_0089,naive,True,True,21,378,process_item_0220 process_item_0075 process_item_0378 process_item_0146 process_item_0394 process_item_0298 process_item_0081 process_item_0149 process_item_0282 process_item_0086 process_item_0089 process_item_0176 process_item_0447 process_item_0265 process_item_0241 process_item_0310 process_item_0284 process_item_0281 process_item_0208 process_item_0332 process_item_0121
function_name,30,89,process_item_0089,v1,False,False,1,7,FAILED
function_name,30,89,process_item_0089,v2,True,True,6,108,process_item_0089 process_item_0284 process_item_0298 process_item_0121 process_item_0332 process_item_0208
function_name,30,89,process_item_0089,oracle,True,True,1,18,process_item_0089
function_name,30,420,process_item_0420,user_only,False,False,0,0,
function_name,30,420,process_item_0420,naive,True,True,21,378,process_item_0414 process_item_0173 process_item_0328 process_item_0385 process_item_0213 process_item_0240 process_item_0344 process_item_0111 process_item_0236 process_item_0205 process_item_0420 process_item_0210 process_item_0393 process_item_0239 process_item_0317 process_item_0081 process_item_0166 process_item_0110 process_item_0062 process_item_0066 process_item_0361
function_name,30,420,process_item_0420,v1,False,False,1,7,FAILED
function_name,30,420,process_item_0420,v2,True,True,6,108,process_item_0420 process_item_0166 process_item_0240 process_item_0361 process_item_0066 process_item_0062
function_name,30,420,process_item_0420,oracle,True,True,1,18,process_item_0420
function_name,30,224,process_item_0224,user_only,False,False,0,0,
function_name,30,224,process_item_0224,naive,True,True,21,378,process_item_0228 process_item_0318 process_item_0287 process_item_0449 process_item_0075 process_item_0107 process_item_0385 process_item_0072 process_item_0247 process_item_0118 process_item_0224 process_item_0172 process_item_0091 process_item_0220 process_item_0176 process_item_0267 process_item_0208 process_item_0066 process_item_0380 process_item_0199 process_item_0122
function_name,30,224,process_item_0224,v1,False,False,1,7,FAILED
function_name,30,224,process_item_0224,v2,True,True,6,108,process_item_0224 process_item_0208 process_item_0107 process_item_0122 process_item_0199 process_item_0380
function_name,30,224,process_item_0224,oracle,True,True,1,18,process_item_0224
function_name,30,95,process_item_0095,user_only,False,False,0,0,
function_name,30,95,process_item_0095,naive,True,True,21,378,process_item_0136 process_item_0413 process_item_0065 process_item_0333 process_item_0147 process_item_0170 process_item_0279 process_item_0109 process_item_0242 process_item_0151 process_item_0095 process_item_0420 process_item_0175 process_item_0348 process_item_0167 process_item_0173 process_item_0347 process_item_0403 process_item_0431 process_item_0360 process_item_0266
function_name,30,95,process_item_0095,v1,False,False,1,7,FAILED
function_name,30,95,process_item_0095,v2,True,True,6,108,process_item_0095 process_item_0347 process_item_0170 process_item_0266 process_item_0360 process_item_0431
function_name,30,95,process_item_0095,oracle,True,True,1,18,process_item_0095
function_name,30,335,process_item_0335,user_only,False,False,0,0,
function_name,30,335,process_item_0335,naive,True,True,21,378,process_item_0420 process_item_0088 process_item_0185 process_item_0304 process_item_0278 process_item_0144 process_item_0156 process_item_0181 process_item_0329 process_item_0195 process_item_0335 process_item_0355 process_item_0091 process_item_0386 process_item_0104 process_item_0159 process_item_0263 process_item_0251 process_item_0385 process_item_0439 process_item_0425
function_name,30,335,process_item_0335,v1,False,False,1,7,FAILED
function_name,30,335,process_item_0335,v2,True,True,6,108,process_item_0335 process_item_0263 process_item_0144 process_item_0425 process_item_0439 process_item_0385
function_name,30,335,process_item_0335,oracle,True,True,1,18,process_item_0335
function_name,30,325,process_item_0325,user_only,False,False,0,0,
function_name,30,325,process_item_0325,naive,True,True,21,378,process_item_0399 process_item_0390 process_item_0059 process_item_0352 process_item_0052 process_item_0210 process_item_0121 process_item_0226 process_item_0093 process_item_0364 process_item_0325 process_item_0224 process_item_0095 process_item_0370 process_item_0193 process_item_0133 process_item_0440 process_item_0306 process_item_0207 process_item_0171 process_item_0266
function_name,30,325,process_item_0325,v1,False,False,1,7,FAILED
function_name,30,325,process_item_0325,v2,True,True,6,108,process_item_0325 process_item_0440 process_item_0210 process_item_0266 process_item_0171 process_item_0207
function_name,30,325,process_item_0325,oracle,True,True,1,18,process_item_0325
function_name,30,199,process_item_0199,user_only,False,False,0,0,
function_name,30,199,process_item_0199,naive,True,True,21,378,process_item_0381 process_item_0103 process_item_0133 process_item_0159 process_item_0118 process_item_0198 process_item_0060 process_item_0138 process_item_0215 process_item_0292 process_item_0199 process_item_0300 process_item_0256 process_item_0425 process_item_0302 process_item_0343 process_item_0395 process_item_0219 process_item_0232 process_item_0082 process_item_0075
function_name,30,199,process_item_0199,v1,False,False,1,7,FAILED
function_name,30,199,process_item_0199,v2,True,True,6,108,process_item_0199 process_item_0395 process_item_0198 process_item_0075 process_item_0082 process_item_0232
function_name,30,199,process_item_0199,oracle,True,True,1,18,process_item_0199
function_name,30,284,process_item_0284,user_only,False,False,0,0,
function_name,30,284,process_item_0284,naive,True,True,21,378,process_item_0218 process_item_0166 process_item_0099 process_item_0058 process_item_0378 process_item_0404 process_item_0224 process_item_0077 process_item_0140 process_item_0386 process_item_0284 process_item_0119 process_item_0080 process_item_0401 process_item_0395 process_item_0314 process_item_0368 process_item_0093 process_item_0381 process_item_0128 process_item_0341
function_name,30,284,process_item_0284,v1,False,False,1,7,FAILED
function_name,30,284,process_item_0284,v2,True,True,6,108,process_item_0284 process_item_0368 process_item_0404 process_item_0341 process_item_0128 process_item_0381
function_name,30,284,process_item_0284,oracle,True,True,1,18,process_item_0284
function_name,30,122,process_item_0122,user_only,False,False,0,0,
function_name,30,122,process_item_0122,naive,True,True,21,378,process_item_0150 process_item_0226 process_item_0070 process_item_0419 process_item_0370 process_item_0425 process_item_0345 process_item_0069 process_item_0299 process_item_0117 process_item_0122 process_item_0402 process_item_0112 process_item_0177 process_item_0208 process_item_0415 process_item_0075 process_item_0108 process_item_0343 process_item_0173 process_item_0356
function_name,30,122,process_item_0122,v1,False,False,1,7,FAILED
function_name,30,122,process_item_0122,v2,True,True,6,108,process_item_0122 process_item_0075 process_item_0425 process_item_0356 process_item_0173 process_item_0343
function_name,30,122,process_item_0122,oracle,True,True,1,18,process_item_0122
function_name,100,110,process_item_0110,user_only,False,False,0,0,
function_name,100,110,process_item_0110,naive,True,True,21,378,process_item_0097 process_item_0252 process_item_0169 process_item_0228 process_item_0274 process_item_0265 process_item_0412 process_item_0342 process_item_0378 process_item_0132 process_item_0110 process_item_0051 process_item_0148 process_item_0365 process_item_0352 process_item_0163 process_item_0072 process_item_0276 process_item_0160 process_item_0370 process_item_0202
function_name,100,110,process_item_0110,v1,False,False,1,7,FAILED
function_name,100,110,process_item_0110,v2,True,True,6,108,process_item_0110 process_item_0072 process_item_0265 process_item_0202 process_item_0370 process_item_0160
function_name,100,110,process_item_0110,oracle,True,True,1,18,process_item_0110
function_name,100,213,process_item_0213,user_only,False,False,0,0,
function_name,100,213,process_item_0213,naive,True,True,21,378,process_item_0444 process_item_0425 process_item_0087 process_item_0194 process_item_0232 process_item_0349 process_item_0160 process_item_0092 process_item_0417 process_item_0399 process_item_0213 process_item_0196 process_item_0262 process_item_0338 process_item_0324 process_item_0074 process_item_0316 process_item_0313 process_item_0138 process_item_0281 process_item_0227
function_name,100,213,process_item_0213,v1,False,False,1,7,FAILED
function_name,100,213,process_item_0213,v2,True,True,6,108,process_item_0213 process_item_0316 process_item_0349 process_item_0227 process_item_0281 process_item_0138
function_name,100,213,process_item_0213,oracle,True,True,1,18,process_item_0213
function_name,100,307,process_item_0307,user_only,False,False,0,0,
function_name,100,307,process_item_0307,naive,True,True,21,378,process_item_0134 process_item_0143 process_item_0131 process_item_0384 process_item_0183 process_item_0447 process_item_0260 process_item_0340 process_item_0095 process_item_0102 process_item_0307 process_item_0071 process_item_0368 process_item_0353 process_item_0407 process_item_0197 process_item_0411 process_item_0189 process_item_0214 process_item_0200 process_item_0147
function_name,100,307,process_item_0307,v1,False,False,1,7,FAILED
function_name,100,307,process_item_0307,v2,True,True,6,108,process_item_0307 process_item_0411 process_item_0447 process_item_0147 process_item_0200 process_item_0214
function_name,100,307,process_item_0307,oracle,True,True,1,18,process_item_0307
function_name,100,312,process_item_0312,user_only,False,False,0,0,
function_name,100,312,process_item_0312,naive,True,True,21,378,process_item_0085 process_item_0433 process_item_0277 process_item_0051 process_item_0218 process_item_0435 process_item_0247 process_item_0282 process_item_0410 process_item_0278 process_item_0312 process_item_0156 process_item_0442 process_item_0345 process_item_0199 process_item_0229 process_item_0054 process_item_0351 process_item_0450 process_item_0281 process_item_0142
function_name,100,312,process_item_0312,v1,False,False,1,7,FAILED
function_name,100,312,process_item_0312,v2,True,True,6,108,process_item_0312 process_item_0054 process_item_0435 process_item_0142 process_item_0281 process_item_0450
function_name,100,312,process_item_0312,oracle,True,True,1,18,process_item_0312
function_name,100,381,process_item_0381,user_only,False,False,0,0,
function_name,100,381,process_item_0381,naive,True,True,21,378,process_item_0199 process_item_0416 process_item_0288 process_item_0085 process_item_0055 process_item_0080 process_item_0116 process_item_0271 process_item_0350 process_item_0375 process_item_0381 process_item_0172 process_item_0396 process_item_0169 process_item_0349 process_item_0107 process_item_0318 process_item_0204 process_item_0399 process_item_0394 process_item_0286
function_name,100,381,process_item_0381,v1,False,False,1,7,FAILED
function_name,100,381,process_item_0381,v2,True,True,6,108,process_item_0381 process_item_0318 process_item_0080 process_item_0286 process_item_0394 process_item_0399
function_name,100,381,process_item_0381,oracle,True,True,1,18,process_item_0381
function_name,100,102,process_item_0102,user_only,False,False,0,0,
function_name,100,102,process_item_0102,naive,True,True,21,378,process_item_0227 process_item_0439 process_item_0240 process_item_0259 process_item_0315 process_item_0396 process_item_0420 process_item_0219 process_item_0402 process_item_0116 process_item_0102 process_item_0264 process_item_0192 process_item_0292 process_item_0113 process_item_0274 process_item_0108 process_item_0132 process_item_0169 process_item_0417 process_item_0069
function_name,100,102,process_item_0102,v1,False,False,1,7,FAILED
function_name,100,102,process_item_0102,v2,True,True,6,108,process_item_0102 process_item_0108 process_item_0396 process_item_0069 process_item_0417 process_item_0169
function_name,100,102,process_item_0102,oracle,True,True,1,18,process_item_0102
function_name,100,164,process_item_0164,user_only,False,False,0,0,
function_name,100,164,process_item_0164,naive,True,True,21,378,process_item_0263 process_item_0359 process_item_0439 process_item_0363 process_item_0431 process_item_0126 process_item_0437 process_item_0189 process_item_0174 process_item_0119 process_item_0164 process_item_0116 process_item_0141 process_item_0212 process_item_0219 process_item_0125 process_item_0200 process_item_0130 process_item_0430 process_item_0050 process_item_0272
function_name,100,164,process_item_0164,v1,False,False,1,7,FAILED
function_name,100,164,process_item_0164,v2,True,True,6,108,process_item_0164 process_item_0200 process_item_0126 process_item_0272 process_item_0050 process_item_0430
function_name,100,164,process_item_0164,oracle,True,True,1,18,process_item_0164
function_name,100,357,process_item_0357,user_only,False,False,0,0,
function_name,100,357,process_item_0357,naive,True,True,21,378,process_item_0245 process_item_0288 process_item_0054 process_item_0164 process_item_0190 process_item_0195 process_item_0182 process_item_0294 process_item_0385 process_item_0383 process_item_0357 process_item_0244 process_item_0072 process_item_0316 process_item_0324 process_item_0366 process_item_0292 process_item_0425 process_item_0151 process_item_0068 process_item_0166
function_name,100,357,process_item_0357,v1,False,False,1,7,FAILED
function_name,100,357,process_item_0357,v2,True,True,6,108,process_item_0357 process_item_0292 process_item_0195 process_item_0166 process_item_0068 process_item_0151
function_name,100,357,process_item_0357,oracle,True,True,1,18,process_item_0357
function_name,100,368,process_item_0368,user_only,False,False,0,0,
function_name,100,368,process_item_0368,naive,True,True,21,378,process_item_0198 process_item_0180 process_item_0450 process_item_0246 process_item_0145 process_item_0098 process_item_0423 process_item_0399 process_item_0167 process_item_0197 process_item_0368 process_item_0437 process_item_0080 process_item_0297 process_item_0274 process_item_0427 process_item_0415 process_item_0343 process_item_0104 process_item_0387 process_item_0164
function_name,100,368,process_item_0368,v1,False,False,1,7,FAILED
function_name,100,368,process_item_0368,v2,True,True,6,108,process_item_0368 process_item_0415 process_item_0098 process_item_0164 process_item_0387 process_item_0104
function_name,100,368,process_item_0368,oracle,True,True,1,18,process_item_0368
function_name,100,334,process_item_0334,user_only,False,False,0,0,
function_name,100,334,process_item_0334,naive,True,True,21,378,process_item_0169 process_item_0106 process_item_0263 process_item_0087 process_item_0113 process_item_0068 process_item_0396 process_item_0367 process_item_0111 process_item_0141 process_item_0334 process_item_0101 process_item_0112 process_item_0107 process_item_0218 process_item_0157 process_item_0387 process_item_0213 process_item_0120 process_item_0437 process_item_0302
function_name,100,334,process_item_0334,v1,False,False,1,7,FAILED
function_name,100,334,process_item_0334,v2,True,True,6,108,process_item_0334 process_item_0387 process_item_0068 process_item_0302 process_item_0437 process_item_0120
function_name,100,334,process_item_0334,oracle,True,True,1,18,process_item_0334
function_name,100,265,process_item_0265,user_only,False,False,0,0,
function_name,100,265,process_item_0265,naive,True,True,21,378,process_item_0317 process_item_0190 process_item_0063 process_item_0279 process_item_0391 process_item_0423 process_item_0058 process_item_0286 process_item_0091 process_item_0381 process_item_0265 process_item_0416 process_item_0314 process_item_0312 process_item_0061 process_item_0331 process_item_0429 process_item_0102 process_item_0235 process_item_0137 process_item_0088
function_name,100,265,process_item_0265,v1,False,False,1,7,FAILED
function_name,100,265,process_item_0265,v2,True,True,6,108,process_item_0265 process_item_0429 process_item_0423 process_item_0088 process_item_0137 process_item_0235
function_name,100,265,process_item_0265,oracle,True,True,1,18,process_item_0265
function_name,100,343,process_item_0343,user_only,False,False,0,0,
function_name,100,343,process_item_0343,naive,True,True,21,378,process_item_0428 process_item_0213 process_item_0288 process_item_0369 process_item_0061 process_item_0060 process_item_0175 process_item_0282 process_item_0258 process_item_0362 process_item_0343 process_item_0073 process_item_0228 process_item_0272 process_item_0250 process_item_0352 process_item_0379 process_item_0393 process_item_0090 process_item_0382 process_item_0204
function_name,100,343,process_item_0343,v1,False,False,1,7,FAILED
function_name,100,343,process_item_0343,v2,True,True,6,108,process_item_0343 process_item_0379 process_item_0060 process_item_0204 process_item_0382 process_item_0090
function_name,100,343,process_item_0343,oracle,True,True,1,18,process_item_0343
function_name,100,330,process_item_0330,user_only,False,False,0,0,
function_name,100,330,process_item_0330,naive,True,True,21,378,process_item_0191 process_item_0209 process_item_0050 process_item_0383 process_item_0153 process_item_0117 process_item_0348 process_item_0301 process_item_0183 process_item_0413 process_item_0330 process_item_0307 process_item_0129 process_item_0134 process_item_0398 process_item_0103 process_item_0267 process_item_0212 process_item_0282 process_item_0123 process_item_0291
function_name,100,330,process_item_0330,v1,False,False,1,7,FAILED
function_name,100,330,process_item_0330,v2,True,True,6,108,process_item_0330 process_item_0267 process_item_0117 process_item_0291 process_item_0123 process_item_0282
function_name,100,330,process_item_0330,oracle,True,True,1,18,process_item_0330
function_name,100,424,process_item_0424,user_only,False,False,0,0,
function_name,100,424,process_item_0424,naive,True,True,21,378,process_item_0066 process_item_0138 process_item_0106 process_item_0347 process_item_0300 process_item_0213 process_item_0329 process_item_0110 process_item_0112 process_item_0239 process_item_0424 process_item_0419 process_item_0168 process_item_0113 process_item_0373 process_item_0075 process_item_0092 process_item_0190 process_item_0230 process_item_0079 process_item_0191
function_name,100,424,process_item_0424,v1,False,False,1,7,FAILED
function_name,100,424,process_item_0424,v2,True,True,6,108,process_item_0424 process_item_0092 process_item_0213 process_item_0191 process_item_0079 process_item_0230
function_name,100,424,process_item_0424,oracle,True,True,1,18,process_item_0424
function_name,100,447,process_item_0447,user_only,False,False,0,0,
function_name,100,447,process_item_0447,naive,True,True,21,378,process_item_0332 process_item_0304 process_item_0271 process_item_0300 process_item_0072 process_item_0344 process_item_0389 process_item_0116 process_item_0216 process_item_0240 process_item_0447 process_item_0153 process_item_0363 process_item_0293 process_item_0311 process_item_0360 process_item_0060 process_item_0120 process_item_0180 process_item_0282 process_item_0255
function_name,100,447,process_item_0447,v1,False,False,1,7,FAILED
function_name,100,447,process_item_0447,v2,True,True,6,108,process_item_0447 process_item_0060 process_item_0344 process_item_0255 process_item_0282 process_item_0180
function_name,100,447,process_item_0447,oracle,True,True,1,18,process_item_0447
function_name,100,443,process_item_0443,user_only,False,False,0,0,
function_name,100,443,process_item_0443,naive,True,True,21,378,process_item_0348 process_item_0367 process_item_0241 process_item_0432 process_item_0130 process_item_0129 process_item_0366 process_item_0053 process_item_0445 process_item_0327 process_item_0443 process_item_0225 process_item_0092 process_item_0229 process_item_0426 process_item_0090 process_item_0323 process_item_0091 process_item_0137 process_item_0318 process_item_0355
function_name,100,443,process_item_0443,v1,False,False,1,7,FAILED
function_name,100,443,process_item_0443,v2,True,True,6,108,process_item_0443 process_item_0323 process_item_0129 process_item_0355 process_item_0318 process_item_0137
function_name,100,443,process_item_0443,oracle,True,True,1,18,process_item_0443
function_name,100,301,process_item_0301,user_only,False,False,0,0,
function_name,100,301,process_item_0301,naive,True,True,21,378,process_item_0448 process_item_0060 process_item_0201 process_item_0316 process_item_0376 process_item_0221 process_item_0414 process_item_0393 process_item_0180 process_item_0068 process_item_0301 process_item_0080 process_item_0148 process_item_0386 process_item_0069 process_item_0292 process_item_0388 process_item_0267 process_item_0297 process_item_0417 process_item_0335
function_name,100,301,process_item_0301,v1,False,False,1,7,FAILED
function_name,100,301,process_item_0301,v2,True,True,6,108,process_item_0301 process_item_0388 process_item_0221 process_item_0335 process_item_0417 process_item_0297
function_name,100,301,process_item_0301,oracle,True,True,1,18,process_item_0301
function_name,100,434,process_item_0434,user_only,False,False,0,0,
function_name,100,434,process_item_0434,naive,True,True,21,378,process_item_0055 process_item_0405 process_item_0412 process_item_0219 process_item_0172 process_item_0086 process_item_0378 process_item_0057 process_item_0091 process_item_0344 process_item_0434 process_item_0330 process_item_0449 process_item_0212 process_item_0074 process_item_0262 process_item_0109 process_item_0140 process_item_0218 process_item_0436 process_item_0157
function_name,100,434,process_item_0434,v1,False,False,1,7,FAILED
function_name,100,434,process_item_0434,v2,True,True,6,108,process_item_0434 process_item_0109 process_item_0086 process_item_0157 process_item_0436 process_item_0218
function_name,100,434,process_item_0434,oracle,True,True,1,18,process_item_0434
function_name,100,445,process_item_0445,user_only,False,False,0,0,
function_name,100,445,process_item_0445,naive,True,True,21,378,process_item_0388 process_item_0351 process_item_0121 process_item_0189 process_item_0259 process_item_0114 process_item_0300 process_item_0324 process_item_0093 process_item_0148 process_item_0445 process_item_0244 process_item_0086 process_item_0235 process_item_0278 process_item_0129 process_item_0410 process_item_0144 process_item_0149 process_item_0206 process_item_0290
function_name,100,445,process_item_0445,v1,False,False,1,7,FAILED
function_name,100,445,process_item_0445,v2,True,True,6,108,process_item_0445 process_item_0410 process_item_0114 process_item_0290 process_item_0206 process_item_0149
function_name,100,445,process_item_0445,oracle,True,True,1,18,process_item_0445
function_name,100,350,process_item_0350,user_only,False,False,0,0,
function_name,100,350,process_item_0350,naive,True,True,21,378,process_item_0050 process_item_0139 process_item_0403 process_item_0125 process_item_0418 process_item_0146 process_item_0292 process_item_0171 process_item_0422 process_item_0399 process_item_0350 process_item_0055 process_item_0200 process_item_0122 process_item_0340 process_item_0416 process_item_0274 process_item_0051 process_item_0191 process_item_0054 process_item_0354
function_name,100,350,process_item_0350,v1,False,False,1,7,FAILED
function_name,100,350,process_item_0350,v2,True,True,6,108,process_item_0350 process_item_0274 process_item_0146 process_item_0354 process_item_0054 process_item_0191
function_name,100,350,process_item_0350,oracle,True,True,1,18,process_item_0350
function_name,100,275,process_item_0275,user_only,False,False,0,0,
function_name,100,275,process_item_0275,naive,True,True,21,378,process_item_0355 process_item_0081 process_item_0169 process_item_0337 process_item_0123 process_item_0344 process_item_0438 process_item_0301 process_item_0432 process_item_0201 process_item_0275 process_item_0327 process_item_0409 process_item_0295 process_item_0394 process_item_0402 process_item_0138 process_item_0183 process_item_0342 process_item_0412 process_item_0062
function_name,100,275,process_item_0275,v1,False,False,1,7,FAILED
function_name,100,275,process_item_0275,v2,True,True,6,108,process_item_0275 process_item_0138 process_item_0344 process_item_0062 process_item_0412 process_item_0342
function_name,100,275,process_item_0275,oracle,True,True,1,18,process_item_0275
function_name,100,172,process_item_0172,user_only,False,False,0,0,
function_name,100,172,process_item_0172,naive,True,True,21,378,process_item_0126 process_item_0170 process_item_0188 process_item_0256 process_item_0402 process_item_0195 process_item_0076 process_item_0196 process_item_0243 process_item_0181 process_item_0172 process_item_0366 process_item_0213 process_item_0285 process_item_0132 process_item_0313 process_item_0383 process_item_0295 process_item_0343 process_item_0210 process_item_0104
function_name,100,172,process_item_0172,v1,False,False,1,7,FAILED
function_name,100,172,process_item_0172,v2,True,True,6,108,process_item_0172 process_item_0383 process_item_0195 process_item_0104 process_item_0210 process_item_0343
function_name,100,172,process_item_0172,oracle,True,True,1,18,process_item_0172
function_name,100,51,process_item_0051,user_only,True,False,0,0,
function_name,100,51,process_item_0051,naive,True,True,21,378,process_item_0342 process_item_0143 process_item_0399 process_item_0147 process_item_0216 process_item_0090 process_item_0299 process_item_0121 process_item_0422 process_item_0304 process_item_0051 process_item_0365 process_item_0215 process_item_0389 process_item_0088 process_item_0248 process_item_0264 process_item_0403 process_item_0329 process_item_0362 process_item_0393
function_name,100,51,process_item_0051,v1,True,False,1,7,FAILED
function_name,100,51,process_item_0051,v2,True,True,6,108,process_item_0051 process_item_0264 process_item_0090 process_item_0393 process_item_0362 process_item_0329
function_name,100,51,process_item_0051,oracle,True,True,1,18,process_item_0051
function_name,100,364,process_item_0364,user_only,False,False,0,0,
function_name,100,364,process_item_0364,naive,True,True,21,378,process_item_0224 process_item_0271 process_item_0411 process_item_0405 process_item_0444 process_item_0083 process_item_0070 process_item_0283 process_item_0166 process_item_0396 process_item_0364 process_item_0441 process_item_0326 process_item_0193 process_item_0391 process_item_0254 process_item_0260 process_item_0092 process_item_0401 process_item_0051 process_item_0065
function_name,100,364,process_item_0364,v1,False,False,1,7,FAILED
function_name,100,364,process_item_0364,v2,True,True,6,108,process_item_0364 process_item_0260 process_item_0083 process_item_0065 process_item_0051 process_item_0401
function_name,100,364,process_item_0364,oracle,True,True,1,18,process_item_0364
function_name,100,91,process_item_0091,user_only,True,False,0,0,
function_name,100,91,process_item_0091,naive,True,True,21,378,process_item_0150 process_item_0252 process_item_0192 process_item_0174 process_item_0232 process_item_0444 process_item_0204 process_item_0197 process_item_0387 process_item_0342 process_item_0091 process_item_0256 process_item_0312 process_item_0138 process_item_0440 process_item_0159 process_item_0189 process_item_0414 process_item_0231 process_item_0416 process_item_0273
function_name,100,91,process_item_0091,v1,True,False,1,7,FAILED
function_name,100,91,process_item_0091,v2,True,True,6,108,process_item_0091 process_item_0189 process_item_0444 process_item_0273 process_item_0416 process_item_0231
function_name,100,91,process_item_0091,oracle,True,True,1,18,process_item_0091
function_name,100,106,process_item_0106,user_only,False,False,0,0,
function_name,100,106,process_item_0106,naive,True,True,21,378,process_item_0430 process_item_0174 process_item_0406 process_item_0337 process_item_0117 process_item_0396 process_item_0209 process_item_0231 process_item_0066 process_item_0189 process_item_0106 process_item_0266 process_item_0427 process_item_0425 process_item_0130 process_item_0126 process_item_0399 process_item_0055 process_item_0377 process_item_0133 process_item_0090
function_name,100,106,process_item_0106,v1,False,False,1,7,FAILED
function_name,100,106,process_item_0106,v2,True,True,6,108,process_item_0106 process_item_0399 process_item_0396 process_item_0090 process_item_0133 process_item_0377
function_name,100,106,process_item_0106,oracle,True,True,1,18,process_item_0106
function_name,100,197,process_item_0197,user_only,False,False,0,0,
function_name,100,197,process_item_0197,naive,True,True,21,378,process_item_0181 process_item_0203 process_item_0260 process_item_0287 process_item_0380 process_item_0331 process_item_0219 process_item_0415 process_item_0061 process_item_0354 process_item_0197 process_item_0413 process_item_0165 process_item_0339 process_item_0179 process_item_0093 process_item_0245 process_item_0090 process_item_0333 process_item_0317 process_item_0100
function_name,100,197,process_item_0197,v1,False,False,1,7,FAILED
function_name,100,197,process_item_0197,v2,True,True,6,108,process_item_0197 process_item_0245 process_item_0331 process_item_0100 process_item_0317 process_item_0333
function_name,100,197,process_item_0197,oracle,True,True,1,18,process_item_0197
function_name,100,100,process_item_0100,user_only,False,False,0,0,
function_name,100,100,process_item_0100,naive,True,True,21,378,process_item_0281 process_item_0446 process_item_0186 process_item_0156 process_item_0323 process_item_0344 process_item_0233 process_item_0317 process_item_0297 process_item_0097 process_item_0100 process_item_0214 process_item_0144 process_item_0057 process_item_0225 process_item_0444 process_item_0068 process_item_0428 process_item_0388 process_item_0305 process_item_0113
function_name,100,100,process_item_0100,v1,False,False,1,7,FAILED
function_name,100,100,process_item_0100,v2,True,True,6,108,process_item_0100 process_item_0068 process_item_0344 process_item_0113 process_item_0305 process_item_0388
function_name,100,100,process_item_0100,oracle,True,True,1,18,process_item_0100
function_name,100,280,process_item_0280,user_only,False,False,0,0,
function_name,100,280,process_item_0280,naive,True,True,21,378,process_item_0382 process_item_0357 process_item_0243 process_item_0327 process_item_0196 process_item_0265 process_item_0170 process_item_0251 process_item_0184 process_item_0360 process_item_0280 process_item_0244 process_item_0067 process_item_0292 process_item_0436 process_item_0128 process_item_0075 process_item_0272 process_item_0110 process_item_0325 process_item_0396
function_name,100,280,process_item_0280,v1,False,False,1,7,FAILED
function_name,100,280,process_item_0280,v2,True,True,6,108,process_item_0280 process_item_0075 process_item_0265 process_item_0396 process_item_0325 process_item_0110
function_name,100,280,process_item_0280,oracle,True,True,1,18,process_item_0280
function_name,100,55,process_item_0055,user_only,True,False,0,0,
function_name,100,55,process_item_0055,naive,True,True,21,378,process_item_0280 process_item_0306 process_item_0150 process_item_0313 process_item_0227 process_item_0058 process_item_0131 process_item_0415 process_item_0287 process_item_0136 process_item_0055 process_item_0406 process_item_0242 process_item_0232 process_item_0326 process_item_0218 process_item_0091 process_item_0385 process_item_0184 process_item_0270 process_item_0164
function_name,100,55,process_item_0055,v1,True,False,1,7,FAILED
function_name,100,55,process_item_0055,v2,True,True,6,108,process_item_0055 process_item_0091 process_item_0058 process_item_0164 process_item_0270 process_item_0184
function_name,100,55,process_item_0055,oracle,True,True,1,18,process_item_0055
function_name,100,400,process_item_0400,user_only,False,False,0,0,
function_name,100,400,process_item_0400,naive,True,True,21,378,process_item_0199 process_item_0264 process_item_0351 process_item_0136 process_item_0287 process_item_0218 process_item_0357 process_item_0229 process_item_0286 process_item_0433 process_item_0400 process_item_0079 process_item_0219 process_item_0211 process_item_0084 process_item_0256 process_item_0154 process_item_0099 process_item_0062 process_item_0065 process_item_0240
function_name,100,400,process_item_0400,v1,False,False,1,7,FAILED
function_name,100,400,process_item_0400,v2,True,True,6,108,process_item_0400 process_item_0154 process_item_0218 process_item_0240 process_item_0065 process_item_0062
function_name,100,400,process_item_0400,oracle,True,True,1,18,process_item_0400
function_name,100,397,process_item_0397,user_only,False,False,0,0,
function_name,100,397,process_item_0397,naive,True,True,21,378,process_item_0283 process_item_0179 process_item_0408 process_item_0096 process_item_0190 process_item_0131 process_item_0072 process_item_0400 process_item_0078 process_item_0371 process_item_0397 process_item_0056 process_item_0331 process_item_0116 process_item_0051 process_item_0128 process_item_0447 process_item_0431 process_item_0225 process_item_0255 process_item_0211
function_name,100,397,process_item_0397,v1,False,False,1,7,FAILED
function_name,100,397,process_item_0397,v2,True,True,6,108,process_item_0397 process_item_0447 process_item_0131 process_item_0211 process_item_0255 process_item_0225
function_name,100,397,process_item_0397,oracle,True,True,1,18,process_item_0397
function_name,100,210,process_item_0210,user_only,False,False,0,0,
function_name,100,210,process_item_0210,naive,True,True,21,378,process_item_0340 process_item_0272 process_item_0349 process_item_0107 process_item_0401 process_item_0183 process_item_0396 process_item_0417 process_item_0283 process_item_0273 process_item_0210 process_item_0117 process_item_0235 process_item_0152 process_item_0101 process_item_0295 process_item_0355 process_item_0257 process_item_0431 process_item_0108 process_item_0301
function_name,100,210,process_item_0210,v1,False,False,1,7,FAILED
function_name,100,210,process_item_0210,v2,True,True,6,108,process_item_0210 process_item_0355 process_item_0183 process_item_0301 process_item_0108 process_item_0431
function_name,100,210,process_item_0210,oracle,True,True,1,18,process_item_0210
function_name,100,157,process_item_0157,user_only,False,False,0,0,
function_name,100,157,process_item_0157,naive,True,True,21,378,process_item_0426 process_item_0424 process_item_0370 process_item_0089 process_item_0243 process_item_0249 process_item_0075 process_item_0436 process_item_0448 process_item_0373 process_item_0157 process_item_0275 process_item_0108 process_item_0364 process_item_0328 process_item_0450 process_item_0303 process_item_0192 process_item_0200 process_item_0257 process_item_0347
function_name,100,157,process_item_0157,v1,False,False,1,7,FAILED
function_name,100,157,process_item_0157,v2,True,True,6,108,process_item_0157 process_item_0303 process_item_0249 process_item_0347 process_item_0257 process_item_0200
function_name,100,157,process_item_0157,oracle,True,True,1,18,process_item_0157
function_name,100,253,process_item_0253,user_only,False,False,0,0,
function_name,100,253,process_item_0253,naive,True,True,21,378,process_item_0323 process_item_0308 process_item_0094 process_item_0421 process_item_0058 process_item_0416 process_item_0241 process_item_0324 process_item_0333 process_item_0434 process_item_0253 process_item_0312 process_item_0115 process_item_0177 process_item_0290 process_item_0257 process_item_0380 process_item_0192 process_item_0310 process_item_0341 process_item_0239
function_name,100,253,process_item_0253,v1,False,False,1,7,FAILED
function_name,100,253,process_item_0253,v2,True,True,6,108,process_item_0253 process_item_0380 process_item_0416 process_item_0239 process_item_0341 process_item_0310
function_name,100,253,process_item_0253,oracle,True,True,1,18,process_item_0253
function_name,100,178,process_item_0178,user_only,False,False,0,0,
function_name,100,178,process_item_0178,naive,True,True,21,378,process_item_0154 process_item_0059 process_item_0282 process_item_0395 process_item_0162 process_item_0137 process_item_0218 process_item_0324 process_item_0201 process_item_0354 process_item_0178 process_item_0106 process_item_0187 process_item_0251 process_item_0268 process_item_0347 process_item_0305 process_item_0109 process_item_0295 process_item_0080 process_item_0375
function_name,100,178,process_item_0178,v1,False,False,1,7,FAILED
function_name,100,178,process_item_0178,v2,True,True,6,108,process_item_0178 process_item_0305 process_item_0137 process_item_0375 process_item_0080 process_item_0295
function_name,100,178,process_item_0178,oracle,True,True,1,18,process_item_0178
function_name,100,228,process_item_0228,user_only,False,False,0,0,
function_name,100,228,process_item_0228,naive,True,True,21,378,process_item_0138 process_item_0062 process_item_0433 process_item_0121 process_item_0109 process_item_0341 process_item_0393 process_item_0221 process_item_0390 process_item_0104 process_item_0228 process_item_0100 process_item_0294 process_item_0245 process_item_0222 process_item_0259 process_item_0079 process_item_0241 process_item_0146 process_item_0313 process_item_0307
function_name,100,228,process_item_0228,v1,False,False,1,7,FAILED
function_name,100,228,process_item_0228,v2,True,True,6,108,process_item_0228 process_item_0079 process_item_0341 process_item_0307 process_item_0313 process_item_0146
function_name,100,228,process_item_0228,oracle,True,True,1,18,process_item_0228
function_name,100,232,process_item_0232,user_only,False,False,0,0,
function_name,100,232,process_item_0232,naive,True,True,21,378,process_item_0176 process_item_0058 process_item_0264 process_item_0430 process_item_0306 process_item_0278 process_item_0242 process_item_0427 process_item_0447 process_item_0220 process_item_0232 process_item_0239 process_item_0190 process_item_0061 process_item_0166 process_item_0351 process_item_0408 process_item_0138 process_item_0078 process_item_0390 process_item_0211
function_name,100,232,process_item_0232,v1,False,False,1,7,FAILED
function_name,100,232,process_item_0232,v2,True,True,6,108,process_item_0232 process_item_0408 process_item_0278 process_item_0211 process_item_0390 process_item_0078
function_name,100,232,process_item_0232,oracle,True,True,1,18,process_item_0232
function_name,100,242,process_item_0242,user_only,False,False,0,0,
function_name,100,242,process_item_0242,naive,True,True,21,378,process_item_0339 process_item_0362 process_item_0130 process_item_0058 process_item_0309 process_item_0195 process_item_0129 process_item_0407 process_item_0214 process_item_0434 process_item_0242 process_item_0099 process_item_0095 process_item_0199 process_item_0381 process_item_0360 process_item_0296 process_item_0113 process_item_0059 process_item_0275 process_item_0240
function_name,100,242,process_item_0242,v1,False,False,1,7,FAILED
function_name,100,242,process_item_0242,v2,True,True,6,108,process_item_0242 process_item_0296 process_item_0195 process_item_0240 process_item_0275 process_item_0059
function_name,100,242,process_item_0242,oracle,True,True,1,18,process_item_0242
function_name,100,431,process_item_0431,user_only,False,False,0,0,
function_name,100,431,process_item_0431,naive,True,True,21,378,process_item_0068 process_item_0059 process_item_0434 process_item_0405 process_item_0191 process_item_0223 process_item_0313 process_item_0319 process_item_0265 process_item_0178 process_item_0431 process_item_0330 process_item_0185 process_item_0435 process_item_0261 process_item_0252 process_item_0246 process_item_0408 process_item_0181 process_item_0164 process_item_0359
function_name,100,431,process_item_0431,v1,False,False,1,7,FAILED
function_name,100,431,process_item_0431,v2,True,True,6,108,process_item_0431 process_item_0246 process_item_0223 process_item_0359 process_item_0164 process_item_0181
function_name,100,431,process_item_0431,oracle,True,True,1,18,process_item_0431
function_name,100,376,process_item_0376,user_only,False,False,0,0,
function_name,100,376,process_item_0376,naive,True,True,21,378,process_item_0121 process_item_0077 process_item_0228 process_item_0109 process_item_0122 process_item_0361 process_item_0085 process_item_0422 process_item_0251 process_item_0314 process_item_0376 process_item_0081 process_item_0309 process_item_0089 process_item_0163 process_item_0159 process_item_0241 process_item_0061 process_item_0385 process_item_0168 process_item_0306
function_name,100,376,process_item_0376,v1,False,False,1,7,FAILED
function_name,100,376,process_item_0376,v2,True,True,6,108,process_item_0376 process_item_0241 process_item_0361 process_item_0306 process_item_0168 process_item_0385
function_name,100,376,process_item_0376,oracle,True,True,1,18,process_item_0376
function_name,100,89,process_item_0089,user_only,True,False,0,0,
function_name,100,89,process_item_0089,naive,True,True,21,378,process_item_0287 process_item_0396 process_item_0393 process_item_0082 process_item_0129 process_item_0425 process_item_0443 process_item_0361 process_item_0427 process_item_0109 process_item_0089 process_item_0257 process_item_0057 process_item_0354 process_item_0207 process_item_0116 process_item_0148 process_item_0237 process_item_0225 process_item_0139 process_item_0446
function_name,100,89,process_item_0089,v1,True,False,1,7,FAILED
function_name,100,89,process_item_0089,v2,True,True,6,108,process_item_0089 process_item_0148 process_item_0425 process_item_0446 process_item_0139 process_item_0225
function_name,100,89,process_item_0089,oracle,True,True,1,18,process_item_0089
function_name,100,420,process_item_0420,user_only,False,False,0,0,
function_name,100,420,process_item_0420,naive,True,True,21,378,process_item_0189 process_item_0151 process_item_0401 process_item_0441 process_item_0204 process_item_0262 process_item_0331 process_item_0437 process_item_0405 process_item_0215 process_item_0420 process_item_0124 process_item_0087 process_item_0353 process_item_0328 process_item_0375 process_item_0113 process_item_0399 process_item_0140 process_item_0282 process_item_0298
function_name,100,420,process_item_0420,v1,False,False,1,7,FAILED
function_name,100,420,process_item_0420,v2,True,True,6,108,process_item_0420 process_item_0113 process_item_0262 process_item_0298 process_item_0282 process_item_0140
function_name,100,420,process_item_0420,oracle,True,True,1,18,process_item_0420
function_name,100,224,process_item_0224,user_only,False,False,0,0,
function_name,100,224,process_item_0224,naive,True,True,21,378,process_item_0371 process_item_0367 process_item_0331 process_item_0403 process_item_0397 process_item_0155 process_item_0383 process_item_0348 process_item_0144 process_item_0390 process_item_0224 process_item_0418 process_item_0106 process_item_0170 process_item_0359 process_item_0064 process_item_0222 process_item_0426 process_item_0321 process_item_0414 process_item_0121
function_name,100,224,process_item_0224,v1,False,False,1,7,FAILED
function_name,100,224,process_item_0224,v2,True,True,6,108,process_item_0224 process_item_0222 process_item_0155 process_item_0121 process_item_0414 process_item_0321
function_name,100,224,process_item_0224,oracle,True,True,1,18,process_item_0224
function_name,100,95,process_item_0095,user_only,True,False,0,0,
function_name,100,95,process_item_0095,naive,True,True,21,378,process_item_0202 process_item_0175 process_item_0189 process_item_0117 process_item_0197 process_item_0293 process_item_0079 process_item_0167 process_item_0301 process_item_0258 process_item_0095 process_item_0291 process_item_0154 process_item_0219 process_item_0116 process_item_0261 process_item_0121 process_item_0413 process_item_0314 process_item_0350 process_item_0188
function_name,100,95,process_item_0095,v1,True,False,1,7,FAILED
function_name,100,95,process_item_0095,v2,True,True,6,108,process_item_0095 process_item_0121 process_item_0293 process_item_0188 process_item_0350 process_item_0314
function_name,100,95,process_item_0095,oracle,True,True,1,18,process_item_0095
function_name,100,335,process_item_0335,user_only,False,False,0,0,
function_name,100,335,process_item_0335,naive,True,True,21,378,process_item_0421 process_item_0440 process_item_0129 process_item_0104 process_item_0217 process_item_0144 process_item_0310 process_item_0176 process_item_0242 process_item_0149 process_item_0335 process_item_0303 process_item_0100 process_item_0362 process_item_0405 process_item_0118 process_item_0406 process_item_0194 process_item_0318 process_item_0182 process_item_0141
function_name,100,335,process_item_0335,v1,False,False,1,7,FAILED
function_name,100,335,process_item_0335,v2,True,True,6,108,process_item_0335 process_item_0406 process_item_0144 process_item_0141 process_item_0182 process_item_0318
function_name,100,335,process_item_0335,oracle,True,True,1,18,process_item_0335
function_name,100,325,process_item_0325,user_only,False,False,0,0,
function_name,100,325,process_item_0325,naive,True,True,21,378,process_item_0218 process_item_0296 process_item_0090 process_item_0264 process_item_0099 process_item_0310 process_item_0132 process_item_0373 process_item_0437 process_item_0349 process_item_0325 process_item_0320 process_item_0239 process_item_0212 process_item_0431 process_item_0211 process_item_0213 process_item_0394 process_item_0230 process_item_0283 process_item_0103
function_name,100,325,process_item_0325,v1,False,False,1,7,FAILED
function_name,100,325,process_item_0325,v2,True,True,6,108,process_item_0325 process_item_0213 process_item_0310 process_item_0103 process_item_0283 process_item_0230
function_name,100,325,process_item_0325,oracle,True,True,1,18,process_item_0325
function_name,100,199,process_item_0199,user_only,False,False,0,0,
function_name,100,199,process_item_0199,naive,True,True,21,378,process_item_0218 process_item_0309 process_item_0287 process_item_0239 process_item_0181 process_item_0342 process_item_0170 process_item_0394 process_item_0212 process_item_0165 process_item_0199 process_item_0285 process_item_0225 process_item_0404 process_item_0428 process_item_0158 process_item_0385 process_item_0370 process_item_0229 process_item_0308 process_item_0112
function_name,100,199,process_item_0199,v1,False,False,1,7,FAILED
function_name,100,199,process_item_0199,v2,True,True,6,108,process_item_0199 process_item_0385 process_item_0342 process_item_0112 process_item_0308 process_item_0229
function_name,100,199,process_item_0199,oracle,True,True,1,18,process_item_0199
function_name,100,284,process_item_0284,user_only,False,False,0,0,
function_name,100,284,process_item_0284,naive,True,True,21,378,process_item_0106 process_item_0113 process_item_0325 process_item_0215 process_item_0138 process_item_0083 process_item_0160 process_item_0291 process_item_0071 process_item_0123 process_item_0284 process_item_0057 process_item_0197 process_item_0335 process_item_0217 process_item_0413 process_item_0304 process_item_0398 process_item_0240 process_item_0076 process_item_0333
function_name,100,284,process_item_0284,v1,False,False,1,7,FAILED
function_name,100,284,process_item_0284,v2,True,True,6,108,process_item_0284 process_item_0304 process_item_0083 process_item_0333 process_item_0076 process_item_0240
function_name,100,284,process_item_0284,oracle,True,True,1,18,process_item_0284
function_name,100,122,process_item_0122,user_only,False,False,0,0,
function_name,100,122,process_item_0122,naive,True,True,21,378,process_item_0194 process_item_0285 process_item_0209 process_item_0244 process_item_0337 process_item_0269 process_item_0196 process_item_0101 process_item_0139 process_item_0370 process_item_0122 process_item_0424 process_item_0433 process_item_0405 process_item_0051 process_item_0132 process_item_0197 process_item_0103 process_item_0281 process_item_0273 process_item_0093
function_name,100,122,process_item_0122,v1,False,False,1,7,FAILED
function_name,100,122,process_item_0122,v2,True,True,6,108,process_item_0122 process_item_0197 process_item_0269 process_item_0093 process_item_0273 process_item_0281
function_name,100,122,process_item_0122,oracle,True,True,1,18,process_item_0122
class_name,10,110,WorkerClass0110,user_only,False,False,0,0,
class_name,10,110,WorkerClass0110,naive,True,True,21,336,WorkerClass0253 WorkerClass0244 WorkerClass0105 WorkerClass0438 WorkerClass0194 WorkerClass0297 WorkerClass0259 WorkerClass0228 WorkerClass0118 WorkerClass0284 WorkerClass0110 WorkerClass0223 WorkerClass0221 WorkerClass0212 WorkerClass0151 WorkerClass0142 WorkerClass0352 WorkerClass0100 WorkerClass0135 WorkerClass0050 WorkerClass0354
class_name,10,110,WorkerClass0110,v1,False,False,1,7,FAILED
class_name,10,110,WorkerClass0110,v2,True,True,6,96,WorkerClass0110 WorkerClass0352 WorkerClass0297 WorkerClass0354 WorkerClass0050 WorkerClass0135
class_name,10,110,WorkerClass0110,oracle,True,True,1,16,WorkerClass0110
class_name,10,213,WorkerClass0213,user_only,False,False,0,0,
class_name,10,213,WorkerClass0213,naive,False,True,21,336,WorkerClass0375 WorkerClass0278 WorkerClass0361 WorkerClass0196 WorkerClass0210 WorkerClass0256 WorkerClass0241 WorkerClass0394 WorkerClass0117 WorkerClass0380 WorkerClass0213 WorkerClass0416 WorkerClass0208 WorkerClass0272 WorkerClass0270 WorkerClass0127 WorkerClass0156 WorkerClass0350 WorkerClass0242 WorkerClass0065 WorkerClass0151
class_name,10,213,WorkerClass0213,v1,False,False,1,7,FAILED
class_name,10,213,WorkerClass0213,v2,True,True,6,96,WorkerClass0213 WorkerClass0156 WorkerClass0256 WorkerClass0151 WorkerClass0065 WorkerClass0242
class_name,10,213,WorkerClass0213,oracle,True,True,1,16,WorkerClass0213
class_name,10,307,WorkerClass0307,user_only,False,False,0,0,
class_name,10,307,WorkerClass0307,naive,False,True,21,336,WorkerClass0075 WorkerClass0223 WorkerClass0425 WorkerClass0303 WorkerClass0392 WorkerClass0249 WorkerClass0109 WorkerClass0344 WorkerClass0217 WorkerClass0284 WorkerClass0307 WorkerClass0270 WorkerClass0374 WorkerClass0200 WorkerClass0218 WorkerClass0281 WorkerClass0427 WorkerClass0158 WorkerClass0148 WorkerClass0192 WorkerClass0370
class_name,10,307,WorkerClass0307,v1,False,False,1,7,FAILED
class_name,10,307,WorkerClass0307,v2,True,True,6,96,WorkerClass0307 WorkerClass0427 WorkerClass0249 WorkerClass0370 WorkerClass0192 WorkerClass0148
class_name,10,307,WorkerClass0307,oracle,True,True,1,16,WorkerClass0307
class_name,10,312,WorkerClass0312,user_only,False,False,0,0,
class_name,10,312,WorkerClass0312,naive,False,True,21,336,WorkerClass0449 WorkerClass0238 WorkerClass0410 WorkerClass0142 WorkerClass0155 WorkerClass0281 WorkerClass0442 WorkerClass0120 WorkerClass0102 WorkerClass0287 WorkerClass0312 WorkerClass0261 WorkerClass0240 WorkerClass0309 WorkerClass0119 WorkerClass0374 WorkerClass0426 WorkerClass0192 WorkerClass0131 WorkerClass0187 WorkerClass0193
class_name,10,312,WorkerClass0312,v1,False,False,1,7,FAILED
class_name,10,312,WorkerClass0312,v2,True,True,6,96,WorkerClass0312 WorkerClass0426 WorkerClass0281 WorkerClass0193 WorkerClass0187 WorkerClass0131
class_name,10,312,WorkerClass0312,oracle,True,True,1,16,WorkerClass0312
class_name,10,381,WorkerClass0381,user_only,False,False,0,0,
class_name,10,381,WorkerClass0381,naive,False,True,21,336,WorkerClass0213 WorkerClass0443 WorkerClass0101 WorkerClass0200 WorkerClass0439 WorkerClass0247 WorkerClass0110 WorkerClass0294 WorkerClass0290 WorkerClass0367 WorkerClass0381 WorkerClass0366 WorkerClass0264 WorkerClass0282 WorkerClass0164 WorkerClass0171 WorkerClass0142 WorkerClass0149 WorkerClass0304 WorkerClass0137 WorkerClass0375
class_name,10,381,WorkerClass0381,v1,False,False,1,7,FAILED
class_name,10,381,WorkerClass0381,v2,True,True,6,96,WorkerClass0381 WorkerClass0142 WorkerClass0247 WorkerClass0375 WorkerClass0137 WorkerClass0304
class_name,10,381,WorkerClass0381,oracle,True,True,1,16,WorkerClass0381
class_name,10,102,WorkerClass0102,user_only,False,False,0,0,
class_name,10,102,WorkerClass0102,naive,True,True,21,336,WorkerClass0111 WorkerClass0384 WorkerClass0085 WorkerClass0362 WorkerClass0218 WorkerClass0445 WorkerClass0063 WorkerClass0068 WorkerClass0239 WorkerClass0354 WorkerClass0102 WorkerClass0187 WorkerClass0359 WorkerClass0259 WorkerClass0304 WorkerClass0318 WorkerClass0154 WorkerClass0312 WorkerClass0200 WorkerClass0114 WorkerClass0315
class_name,10,102,WorkerClass0102,v1,False,False,1,7,FAILED
class_name,10,102,WorkerClass0102,v2,True,True,6,96,WorkerClass0102 WorkerClass0154 WorkerClass0445 WorkerClass0315 WorkerClass0114 WorkerClass0200
class_name,10,102,WorkerClass0102,oracle,True,True,1,16,WorkerClass0102
class_name,10,164,WorkerClass0164,user_only,False,False,0,0,
class_name,10,164,WorkerClass0164,naive,True,True,21,336,WorkerClass0437 WorkerClass0261 WorkerClass0098 WorkerClass0389 WorkerClass0097 WorkerClass0266 WorkerClass0156 WorkerClass0154 WorkerClass0314 WorkerClass0317 WorkerClass0164 WorkerClass0193 WorkerClass0205 WorkerClass0391 WorkerClass0135 WorkerClass0183 WorkerClass0197 WorkerClass0184 WorkerClass0178 WorkerClass0124 WorkerClass0372
class_name,10,164,WorkerClass0164,v1,False,False,1,7,FAILED
class_name,10,164,WorkerClass0164,v2,True,True,6,96,WorkerClass0164 WorkerClass0197 WorkerClass0266 WorkerClass0372 WorkerClass0124 WorkerClass0178
class_name,10,164,WorkerClass0164,oracle,True,True,1,16,WorkerClass0164
class_name,10,357,WorkerClass0357,user_only,False,False,0,0,
class_name,10,357,WorkerClass0357,naive,False,True,21,336,WorkerClass0088 WorkerClass0191 WorkerClass0060 WorkerClass0147 WorkerClass0073 WorkerClass0148 WorkerClass0334 WorkerClass0186 WorkerClass0249 WorkerClass0126 WorkerClass0357 WorkerClass0268 WorkerClass0299 WorkerClass0226 WorkerClass0112 WorkerClass0108 WorkerClass0351 WorkerClass0355 WorkerClass0123 WorkerClass0165 WorkerClass0098
class_name,10,357,WorkerClass0357,v1,False,False,1,7,FAILED
class_name,10,357,WorkerClass0357,v2,True,True,6,96,WorkerClass0357 WorkerClass0351 WorkerClass0148 WorkerClass0098 WorkerClass0165 WorkerClass0123
class_name,10,357,WorkerClass0357,oracle,True,True,1,16,WorkerClass0357
class_name,10,368,WorkerClass0368,user_only,False,False,0,0,
class_name,10,368,WorkerClass0368,naive,False,True,21,336,WorkerClass0270 WorkerClass0130 WorkerClass0285 WorkerClass0377 WorkerClass0286 WorkerClass0360 WorkerClass0393 WorkerClass0277 WorkerClass0253 WorkerClass0450 WorkerClass0368 WorkerClass0322 WorkerClass0437 WorkerClass0067 WorkerClass0157 WorkerClass0051 WorkerClass0341 WorkerClass0244 WorkerClass0435 WorkerClass0334 WorkerClass0215
class_name,10,368,WorkerClass0368,v1,False,False,1,7,FAILED
class_name,10,368,WorkerClass0368,v2,True,True,6,96,WorkerClass0368 WorkerClass0341 WorkerClass0360 WorkerClass0215 WorkerClass0334 WorkerClass0435
class_name,10,368,WorkerClass0368,oracle,True,True,1,16,WorkerClass0368
class_name,10,334,WorkerClass0334,user_only,False,False,0,0,
class_name,10,334,WorkerClass0334,naive,False,True,21,336,WorkerClass0392 WorkerClass0255 WorkerClass0413 WorkerClass0073 WorkerClass0181 WorkerClass0446 WorkerClass0147 WorkerClass0242 WorkerClass0206 WorkerClass0063 WorkerClass0334 WorkerClass0325 WorkerClass0315 WorkerClass0411 WorkerClass0432 WorkerClass0331 WorkerClass0256 WorkerClass0297 WorkerClass0416 WorkerClass0249 WorkerClass0110
class_name,10,334,WorkerClass0334,v1,False,False,1,7,FAILED
class_name,10,334,WorkerClass0334,v2,True,True,6,96,WorkerClass0334 WorkerClass0256 WorkerClass0446 WorkerClass0110 WorkerClass0249 WorkerClass0416
class_name,10,334,WorkerClass0334,oracle,True,True,1,16,WorkerClass0334
class_name,10,265,WorkerClass0265,user_only,False,False,0,0,
class_name,10,265,WorkerClass0265,naive,False,True,21,336,WorkerClass0124 WorkerClass0242 WorkerClass0227 WorkerClass0056 WorkerClass0107 WorkerClass0445 WorkerClass0434 WorkerClass0421 WorkerClass0424 WorkerClass0304 WorkerClass0265 WorkerClass0086 WorkerClass0437 WorkerClass0353 WorkerClass0146 WorkerClass0328 WorkerClass0251 WorkerClass0203 WorkerClass0414 WorkerClass0337 WorkerClass0094
class_name,10,265,WorkerClass0265,v1,False,False,1,7,FAILED
class_name,10,265,WorkerClass0265,v2,True,True,6,96,WorkerClass0265 WorkerClass0251 WorkerClass0445 WorkerClass0094 WorkerClass0337 WorkerClass0414
class_name,10,265,WorkerClass0265,oracle,True,True,1,16,WorkerClass0265
class_name,10,343,WorkerClass0343,user_only,False,False,0,0,
class_name,10,343,WorkerClass0343,naive,False,True,21,336,WorkerClass0297 WorkerClass0320 WorkerClass0137 WorkerClass0076 WorkerClass0387 WorkerClass0339 WorkerClass0230 WorkerClass0133 WorkerClass0381 WorkerClass0450 WorkerClass0343 WorkerClass0120 WorkerClass0125 WorkerClass0172 WorkerClass0368 WorkerClass0287 WorkerClass0326 WorkerClass0196 WorkerClass0247 WorkerClass0318 WorkerClass0126
class_name,10,343,WorkerClass0343,v1,False,False,1,7,FAILED
class_name,10,343,WorkerClass0343,v2,True,True,6,96,WorkerClass0343 WorkerClass0326 WorkerClass0339 WorkerClass0126 WorkerClass0318 WorkerClass0247
class_name,10,343,WorkerClass0343,oracle,True,True,1,16,WorkerClass0343
class_name,10,330,WorkerClass0330,user_only,False,False,0,0,
class_name,10,330,WorkerClass0330,naive,False,True,21,336,WorkerClass0423 WorkerClass0129 WorkerClass0099 WorkerClass0378 WorkerClass0258 WorkerClass0074 WorkerClass0085 WorkerClass0052 WorkerClass0196 WorkerClass0101 WorkerClass0330 WorkerClass0306 WorkerClass0131 WorkerClass0094 WorkerClass0117 WorkerClass0149 WorkerClass0106 WorkerClass0055 WorkerClass0273 WorkerClass0331 WorkerClass0274
class_name,10,330,WorkerClass0330,v1,False,False,1,7,FAILED
class_name,10,330,WorkerClass0330,v2,True,True,6,96,WorkerClass0330 WorkerClass0106 WorkerClass0074 WorkerClass0274 WorkerClass0331 WorkerClass0273
class_name,10,330,WorkerClass0330,oracle,True,True,1,16,WorkerClass0330
class_name,10,424,WorkerClass0424,user_only,False,False,0,0,
class_name,10,424,WorkerClass0424,naive,False,True,21,336,WorkerClass0315 WorkerClass0341 WorkerClass0395 WorkerClass0410 WorkerClass0155 WorkerClass0247 WorkerClass0148 WorkerClass0289 WorkerClass0343 WorkerClass0121 WorkerClass0424 WorkerClass0159 WorkerClass0369 WorkerClass0107 WorkerClass0408 WorkerClass0282 WorkerClass0286 WorkerClass0220 WorkerClass0139 WorkerClass0449 WorkerClass0177
class_name,10,424,WorkerClass0424,v1,False,False,1,7,FAILED
class_name,10,424,WorkerClass0424,v2,True,True,6,96,WorkerClass0424 WorkerClass0286 WorkerClass0247 WorkerClass0177 WorkerClass0449 WorkerClass0139
class_name,10,424,WorkerClass0424,oracle,True,True,1,16,WorkerClass0424
class_name,10,447,WorkerClass0447,user_only,False,False,0,0,
class_name,10,447,WorkerClass0447,naive,False,True,21,336,WorkerClass0403 WorkerClass0440 WorkerClass0383 WorkerClass0123 WorkerClass0322 WorkerClass0149 WorkerClass0374 WorkerClass0245 WorkerClass0239 WorkerClass0413 WorkerClass0447 WorkerClass0109 WorkerClass0127 WorkerClass0409 WorkerClass0287 WorkerClass0237 WorkerClass0218 WorkerClass0091 WorkerClass0172 WorkerClass0064 WorkerClass0092
class_name,10,447,WorkerClass0447,v1,False,False,1,7,FAILED
class_name,10,447,WorkerClass0447,v2,True,True,6,96,WorkerClass0447 WorkerClass0218 WorkerClass0149 WorkerClass0092 WorkerClass0064 WorkerClass0172
class_name,10,447,WorkerClass0447,oracle,True,True,1,16,WorkerClass0447
class_name,10,443,WorkerClass0443,user_only,False,False,0,0,
class_name,10,443,WorkerClass0443,naive,False,True,21,336,WorkerClass0184 WorkerClass0273 WorkerClass0177 WorkerClass0109 WorkerClass0126 WorkerClass0107 WorkerClass0286 WorkerClass0176 WorkerClass0267 WorkerClass0075 WorkerClass0443 WorkerClass0416 WorkerClass0140 WorkerClass0333 WorkerClass0183 WorkerClass0249 WorkerClass0427 WorkerClass0133 WorkerClass0087 WorkerClass0278 WorkerClass0114
class_name,10,443,WorkerClass0443,v1,False,False,1,7,FAILED
class_name,10,443,WorkerClass0443,v2,True,True,6,96,WorkerClass0443 WorkerClass0427 WorkerClass0107 WorkerClass0114 WorkerClass0278 WorkerClass0087
class_name,10,443,WorkerClass0443,oracle,True,True,1,16,WorkerClass0443
class_name,10,301,WorkerClass0301,user_only,False,False,0,0,
class_name,10,301,WorkerClass0301,naive,False,True,21,336,WorkerClass0202 WorkerClass0210 WorkerClass0098 WorkerClass0121 WorkerClass0324 WorkerClass0428 WorkerClass0385 WorkerClass0420 WorkerClass0410 WorkerClass0136 WorkerClass0301 WorkerClass0248 WorkerClass0269 WorkerClass0381 WorkerClass0292 WorkerClass0077 WorkerClass0064 WorkerClass0083 WorkerClass0123 WorkerClass0070 WorkerClass0398
class_name,10,301,WorkerClass0301,v1,False,False,1,7,FAILED
class_name,10,301,WorkerClass0301,v2,True,True,6,96,WorkerClass0301 WorkerClass0064 WorkerClass0428 WorkerClass0398 WorkerClass0070 WorkerClass0123
class_name,10,301,WorkerClass0301,oracle,True,True,1,16,WorkerClass0301
class_name,10,434,WorkerClass0434,user_only,False,False,0,0,
class_name,10,434,WorkerClass0434,naive,False,True,21,336,WorkerClass0303 WorkerClass0094 WorkerClass0081 WorkerClass0282 WorkerClass0181 WorkerClass0148 WorkerClass0365 WorkerClass0225 WorkerClass0196 WorkerClass0287 WorkerClass0434 WorkerClass0116 WorkerClass0059 WorkerClass0068 WorkerClass0162 WorkerClass0433 WorkerClass0155 WorkerClass0051 WorkerClass0165 WorkerClass0182 WorkerClass0304
class_name,10,434,WorkerClass0434,v1,False,False,1,7,FAILED
class_name,10,434,WorkerClass0434,v2,True,True,6,96,WorkerClass0434 WorkerClass0155 WorkerClass0148 WorkerClass0304 WorkerClass0182 WorkerClass0165
class_name,10,434,WorkerClass0434,oracle,True,True,1,16,WorkerClass0434
class_name,10,445,WorkerClass0445,user_only,False,False,0,0,
class_name,10,445,WorkerClass0445,naive,False,True,21,336,WorkerClass0275 WorkerClass0243 WorkerClass0420 WorkerClass0320 WorkerClass0123 WorkerClass0183 WorkerClass0225 WorkerClass0410 WorkerClass0267 WorkerClass0112 WorkerClass0445 WorkerClass0393 WorkerClass0226 WorkerClass0391 WorkerClass0221 WorkerClass0406 WorkerClass0155 WorkerClass0093 WorkerClass0364 WorkerClass0162 WorkerClass0255
class_name,10,445,WorkerClass0445,v1,False,False,1,7,FAILED
class_name,10,445,WorkerClass0445,v2,True,True,6,96,WorkerClass0445 WorkerClass0155 WorkerClass0183 WorkerClass0255 WorkerClass0162 WorkerClass0364
class_name,10,445,WorkerClass0445,oracle,True,True,1,16,WorkerClass0445
class_name,10,350,WorkerClass0350,user_only,False,False,0,0,
class_name,10,350,WorkerClass0350,naive,False,True,21,336,WorkerClass0424 WorkerClass0168 WorkerClass0421 WorkerClass0364 WorkerClass0081 WorkerClass0162 WorkerClass0295 WorkerClass0444 WorkerClass0366 WorkerClass0096 WorkerClass0350 WorkerClass0327 WorkerClass0060 WorkerClass0386 WorkerClass0219 WorkerClass0243 WorkerClass0175 WorkerClass0408 WorkerClass0427 WorkerClass0083 WorkerClass0240
class_name,10,350,WorkerClass0350,v1,False,False,1,7,FAILED
class_name,10,350,WorkerClass0350,v2,True,True,6,96,WorkerClass0350 WorkerClass0175 WorkerClass0162 WorkerClass0240 WorkerClass0083 WorkerClass0427
class_name,10,350,WorkerClass0350,oracle,True,True,1,16,WorkerClass0350
class_name,10,275,WorkerClass0275,user_only,False,False,0,0,
class_name,10,275,WorkerClass0275,naive,False,True,21,336,WorkerClass0253 WorkerClass0297 WorkerClass0420 WorkerClass0087 WorkerClass0144 WorkerClass0233 WorkerClass0118 WorkerClass0246 WorkerClass0143 WorkerClass0322 WorkerClass0275 WorkerClass0150 WorkerClass0359 WorkerClass0243 WorkerClass0331 WorkerClass0209 WorkerClass0215 WorkerClass0165 WorkerClass0378 WorkerClass0358 WorkerClass0244
class_name,10,275,WorkerClass0275,v1,False,False,1,7,FAILED
class_name,10,275,WorkerClass0275,v2,True,True,6,96,WorkerClass0275 WorkerClass0215 WorkerClass0233 WorkerClass0244 WorkerClass0358 WorkerClass0378
class_name,10,275,WorkerClass0275,oracle,True,True,1,16,WorkerClass0275
class_name,10,172,WorkerClass0172,user_only,False,False,0,0,
class_name,10,172,WorkerClass0172,naive,True,True,21,336,WorkerClass0434 WorkerClass0337 WorkerClass0299 WorkerClass0241 WorkerClass0135 WorkerClass0118 WorkerClass0334 WorkerClass0348 WorkerClass0093 WorkerClass0292 WorkerClass0172 WorkerClass0244 WorkerClass0124 WorkerClass0158 WorkerClass0061 WorkerClass0221 WorkerClass0392 WorkerClass0282 WorkerClass0207 WorkerClass0435 WorkerClass0226
class_name,10,172,WorkerClass0172,v1,False,False,1,7,FAILED
class_name,10,172,WorkerClass0172,v2,True,True,6,96,WorkerClass0172 WorkerClass0392 WorkerClass0118 WorkerClass0226 WorkerClass0435 WorkerClass0207
class_name,10,172,WorkerClass0172,oracle,True,True,1,16,WorkerClass0172
class_name,10,51,WorkerClass0051,user_only,False,False,0,0,
class_name,10,51,WorkerClass0051,naive,True,True,21,336,WorkerClass0262 WorkerClass0311 WorkerClass0208 WorkerClass0280 WorkerClass0274 WorkerClass0259 WorkerClass0214 WorkerClass0199 WorkerClass0115 WorkerClass0261 WorkerClass0051 WorkerClass0197 WorkerClass0185 WorkerClass0215 WorkerClass0329 WorkerClass0142 WorkerClass0170 WorkerClass0073 WorkerClass0130 WorkerClass0368 WorkerClass0112
class_name,10,51,WorkerClass0051,v1,False,False,1,7,FAILED
class_name,10,51,WorkerClass0051,v2,True,True,6,96,WorkerClass0051 WorkerClass0170 WorkerClass0259 WorkerClass0112 WorkerClass0368 WorkerClass0130
class_name,10,51,WorkerClass0051,oracle,True,True,1,16,WorkerClass0051
class_name,10,364,WorkerClass0364,user_only,False,False,0,0,
class_name,10,364,WorkerClass0364,naive,False,True,21,336,WorkerClass0134 WorkerClass0173 WorkerClass0068 WorkerClass0235 WorkerClass0193 WorkerClass0404 WorkerClass0258 WorkerClass0123 WorkerClass0241 WorkerClass0414 WorkerClass0364 WorkerClass0079 WorkerClass0306 WorkerClass0186 WorkerClass0238 WorkerClass0382 WorkerClass0109 WorkerClass0371 WorkerClass0293 WorkerClass0171 WorkerClass0326
class_name,10,364,WorkerClass0364,v1,False,False,1,7,FAILED
class_name,10,364,WorkerClass0364,v2,True,True,6,96,WorkerClass0364 WorkerClass0109 WorkerClass0404 WorkerClass0326 WorkerClass0171 WorkerClass0293
class_name,10,364,WorkerClass0364,oracle,True,True,1,16,WorkerClass0364
class_name,10,91,WorkerClass0091,user_only,False,False,0,0,
class_name,10,91,WorkerClass0091,naive,True,True,21,336,WorkerClass0112 WorkerClass0434 WorkerClass0373 WorkerClass0160 WorkerClass0110 WorkerClass0174 WorkerClass0290 WorkerClass0153 WorkerClass0100 WorkerClass0362 WorkerClass0091 WorkerClass0353 WorkerClass0303 WorkerClass0402 WorkerClass0381 WorkerClass0398 WorkerClass0168 WorkerClass0099 WorkerClass0283 WorkerClass0389 WorkerClass0378
class_name,10,91,WorkerClass0091,v1,False,False,1,7,FAILED
class_name,10,91,WorkerClass0091,v2,True,True,6,96,WorkerClass0091 WorkerClass0168 WorkerClass0174 WorkerClass0378 WorkerClass0389 WorkerClass0283
class_name,10,91,WorkerClass0091,oracle,True,True,1,16,WorkerClass0091
class_name,10,106,WorkerClass0106,user_only,False,False,0,0,
class_name,10,106,WorkerClass0106,naive,True,True,21,336,WorkerClass0245 WorkerClass0087 WorkerClass0059 WorkerClass0191 WorkerClass0097 WorkerClass0114 WorkerClass0443 WorkerClass0426 WorkerClass0101 WorkerClass0271 WorkerClass0106 WorkerClass0251 WorkerClass0187 WorkerClass0164 WorkerClass0362 WorkerClass0414 WorkerClass0122 WorkerClass0069 WorkerClass0392 WorkerClass0301 WorkerClass0223
class_name,10,106,WorkerClass0106,v1,False,False,1,7,FAILED
class_name,10,106,WorkerClass0106,v2,True,True,6,96,WorkerClass0106 WorkerClass0122 WorkerClass0114 WorkerClass0223 WorkerClass0301 WorkerClass0392
class_name,10,106,WorkerClass0106,oracle,True,True,1,16,WorkerClass0106
class_name,10,197,WorkerClass0197,user_only,False,False,0,0,
class_name,10,197,WorkerClass0197,naive,False,True,21,336,WorkerClass0278 WorkerClass0394 WorkerClass0120 WorkerClass0340 WorkerClass0358 WorkerClass0308 WorkerClass0136 WorkerClass0133 WorkerClass0165 WorkerClass0275 WorkerClass0197 WorkerClass0297 WorkerClass0109 WorkerClass0064 WorkerClass0081 WorkerClass0263 WorkerClass0194 WorkerClass0401 WorkerClass0061 WorkerClass0350 WorkerClass0098
class_name,10,197,WorkerClass0197,v1,False,False,1,7,FAILED
class_name,10,197,WorkerClass0197,v2,True,True,6,96,WorkerClass0197 WorkerClass0194 WorkerClass0308 WorkerClass0098 WorkerClass0350 WorkerClass0061
class_name,10,197,WorkerClass0197,oracle,True,True,1,16,WorkerClass0197
class_name,10,100,WorkerClass0100,user_only,False,False,0,0,
class_name,10,100,WorkerClass0100,naive,True,True,21,336,WorkerClass0411 WorkerClass0050 WorkerClass0402 WorkerClass0379 WorkerClass0263 WorkerClass0280 WorkerClass0233 WorkerClass0097 WorkerClass0151 WorkerClass0438 WorkerClass0100 WorkerClass0235 WorkerClass0287 WorkerClass0267 WorkerClass0201 WorkerClass0324 WorkerClass0196 WorkerClass0350 WorkerClass0398 WorkerClass0104 WorkerClass0254
class_name,10,100,WorkerClass0100,v1,False,False,1,7,FAILED
class_name,10,100,WorkerClass0100,v2,True,True,6,96,WorkerClass0100 WorkerClass0196 WorkerClass0280 WorkerClass0254 WorkerClass0104 WorkerClass0398
class_name,10,100,WorkerClass0100,oracle,True,True,1,16,WorkerClass0100
class_name,10,280,WorkerClass0280,user_only,False,False,0,0,
class_name,10,280,WorkerClass0280,naive,False,True,21,336,WorkerClass0443 WorkerClass0378 WorkerClass0263 WorkerClass0054 WorkerClass0090 WorkerClass0115 WorkerClass0205 WorkerClass0440 WorkerClass0204 WorkerClass0387 WorkerClass0280 WorkerClass0401 WorkerClass0431 WorkerClass0284 WorkerClass0163 WorkerClass0064 WorkerClass0390 WorkerClass0341 WorkerClass0351 WorkerClass0340 WorkerClass0303
class_name,10,280,WorkerClass0280,v1,False,False,1,7,FAILED
class_name,10,280,WorkerClass0280,v2,True,True,6,96,WorkerClass0280 WorkerClass0390 WorkerClass0115 WorkerClass0303 WorkerClass0340 WorkerClass0351
class_name,10,280,WorkerClass0280,oracle,True,True,1,16,WorkerClass0280
class_name,10,55,WorkerClass0055,user_only,False,False,0,0,
class_name,10,55,WorkerClass0055,naive,True,True,21,336,WorkerClass0287 WorkerClass0193 WorkerClass0150 WorkerClass0323 WorkerClass0192 WorkerClass0353 WorkerClass0272 WorkerClass0090 WorkerClass0238 WorkerClass0394 WorkerClass0055 WorkerClass0202 WorkerClass0370 WorkerClass0289 WorkerClass0362 WorkerClass0351 WorkerClass0191 WorkerClass0219 WorkerClass0273 WorkerClass0223 WorkerClass0427
class_name,10,55,WorkerClass0055,v1,False,False,1,7,FAILED
class_name,10,55,WorkerClass0055,v2,True,True,6,96,WorkerClass0055 WorkerClass0191 WorkerClass0353 WorkerClass0427 WorkerClass0223 WorkerClass0273
class_name,10,55,WorkerClass0055,oracle,True,True,1,16,WorkerClass0055
class_name,10,400,WorkerClass0400,user_only,False,False,0,0,
class_name,10,400,WorkerClass0400,naive,False,True,21,336,WorkerClass0050 WorkerClass0324 WorkerClass0340 WorkerClass0150 WorkerClass0158 WorkerClass0177 WorkerClass0130 WorkerClass0404 WorkerClass0162 WorkerClass0071 WorkerClass0400 WorkerClass0382 WorkerClass0408 WorkerClass0401 WorkerClass0337 WorkerClass0297 WorkerClass0097 WorkerClass0093 WorkerClass0369 WorkerClass0289 WorkerClass0299
class_name,10,400,WorkerClass0400,v1,False,False,1,7,FAILED
class_name,10,400,WorkerClass0400,v2,True,True,6,96,WorkerClass0400 WorkerClass0097 WorkerClass0177 WorkerClass0299 WorkerClass0289 WorkerClass0369
class_name,10,400,WorkerClass0400,oracle,True,True,1,16,WorkerClass0400
class_name,10,397,WorkerClass0397,user_only,False,False,0,0,
class_name,10,397,WorkerClass0397,naive,False,True,21,336,WorkerClass0303 WorkerClass0243 WorkerClass0084 WorkerClass0438 WorkerClass0380 WorkerClass0314 WorkerClass0112 WorkerClass0296 WorkerClass0302 WorkerClass0072 WorkerClass0397 WorkerClass0312 WorkerClass0152 WorkerClass0365 WorkerClass0269 WorkerClass0273 WorkerClass0332 WorkerClass0170 WorkerClass0111 WorkerClass0247 WorkerClass0355
class_name,10,397,WorkerClass0397,v1,False,False,1,7,FAILED
class_name,10,397,WorkerClass0397,v2,True,True,6,96,WorkerClass0397 WorkerClass0332 WorkerClass0314 WorkerClass0355 WorkerClass0247 WorkerClass0111
class_name,10,397,WorkerClass0397,oracle,True,True,1,16,WorkerClass0397
class_name,10,210,WorkerClass0210,user_only,False,False,0,0,
class_name,10,210,WorkerClass0210,naive,True,True,21,336,WorkerClass0211 WorkerClass0322 WorkerClass0197 WorkerClass0250 WorkerClass0095 WorkerClass0267 WorkerClass0181 WorkerClass0239 WorkerClass0358 WorkerClass0214 WorkerClass0210 WorkerClass0409 WorkerClass0205 WorkerClass0233 WorkerClass0074 WorkerClass0125 WorkerClass0348 WorkerClass0212 WorkerClass0291 WorkerClass0251 WorkerClass0371
class_name,10,210,WorkerClass0210,v1,False,False,1,7,FAILED
class_name,10,210,WorkerClass0210,v2,True,True,6,96,WorkerClass0210 WorkerClass0348 WorkerClass0267 WorkerClass0371 WorkerClass0251 WorkerClass0291
class_name,10,210,WorkerClass0210,oracle,True,True,1,16,WorkerClass0210
class_name,10,157,WorkerClass0157,user_only,False,False,0,0,
class_name,10,157,WorkerClass0157,naive,True,True,21,336,WorkerClass0231 WorkerClass0392 WorkerClass0106 WorkerClass0307 WorkerClass0395 WorkerClass0142 WorkerClass0123 WorkerClass0360 WorkerClass0260 WorkerClass0185 WorkerClass0157 WorkerClass0059 WorkerClass0095 WorkerClass0447 WorkerClass0312 WorkerClass0384 WorkerClass0252 WorkerClass0414 WorkerClass0371 WorkerClass0223 WorkerClass0198
class_name,10,157,WorkerClass0157,v1,False,False,1,7,FAILED
class_name,10,157,WorkerClass0157,v2,True,True,6,96,WorkerClass0157 WorkerClass0252 WorkerClass0142 WorkerClass0198 WorkerClass0223 WorkerClass0371
class_name,10,157,WorkerClass0157,oracle,True,True,1,16,WorkerClass0157
class_name,10,253,WorkerClass0253,user_only,False,False,0,0,
class_name,10,253,WorkerClass0253,naive,False,True,21,336,WorkerClass0317 WorkerClass0227 WorkerClass0131 WorkerClass0119 WorkerClass0289 WorkerClass0158 WorkerClass0153 WorkerClass0301 WorkerClass0186 WorkerClass0389 WorkerClass0253 WorkerClass0387 WorkerClass0082 WorkerClass0295 WorkerClass0318 WorkerClass0322 WorkerClass0160 WorkerClass0277 WorkerClass0075 WorkerClass0171 WorkerClass0290
class_name,10,253,WorkerClass0253,v1,False,False,1,7,FAILED
class_name,10,253,WorkerClass0253,v2,True,True,6,96,WorkerClass0253 WorkerClass0160 WorkerClass0158 WorkerClass0290 WorkerClass0171 WorkerClass0075
class_name,10,253,WorkerClass0253,oracle,True,True,1,16,WorkerClass0253
class_name,10,178,WorkerClass0178,user_only,False,False,0,0,
class_name,10,178,WorkerClass0178,naive,True,True,21,336,WorkerClass0248 WorkerClass0199 WorkerClass0303 WorkerClass0334 WorkerClass0168 WorkerClass0219 WorkerClass0119 WorkerClass0329 WorkerClass0438 WorkerClass0179 WorkerClass0178 WorkerClass0163 WorkerClass0274 WorkerClass0197 WorkerClass0449 WorkerClass0427 WorkerClass0144 WorkerClass0101 WorkerClass0430 WorkerClass0287 WorkerClass0136
class_name,10,178,WorkerClass0178,v1,False,False,1,7,FAILED
class_name,10,178,WorkerClass0178,v2,True,True,6,96,WorkerClass0178 WorkerClass0144 WorkerClass0219 WorkerClass0136 WorkerClass0287 WorkerClass0430
class_name,10,178,WorkerClass0178,oracle,True,True,1,16,WorkerClass0178
class_name,10,228,WorkerClass0228,user_only,False,False,0,0,
class_name,10,228,WorkerClass0228,naive,False,True,21,336,WorkerClass0389 WorkerClass0340 WorkerClass0198 WorkerClass0335 WorkerClass0275 WorkerClass0285 WorkerClass0122 WorkerClass0142 WorkerClass0226 WorkerClass0148 WorkerClass0228 WorkerClass0090 WorkerClass0261 WorkerClass0214 WorkerClass0191 WorkerClass0059 WorkerClass0254 WorkerClass0282 WorkerClass0118 WorkerClass0123 WorkerClass0174
class_name,10,228,WorkerClass0228,v1,False,False,1,7,FAILED
class_name,10,228,WorkerClass0228,v2,True,True,6,96,WorkerClass0228 WorkerClass0254 WorkerClass0285 WorkerClass0174 WorkerClass0123 WorkerClass0118
class_name,10,228,WorkerClass0228,oracle,True,True,1,16,WorkerClass0228
class_name,10,232,WorkerClass0232,user_only,False,False,0,0,
class_name,10,232,WorkerClass0232,naive,False,True,21,336,WorkerClass0156 WorkerClass0221 WorkerClass0165 WorkerClass0303 WorkerClass0185 WorkerClass0300 WorkerClass0191 WorkerClass0140 WorkerClass0120 WorkerClass0102 WorkerClass0232 WorkerClass0341 WorkerClass0438 WorkerClass0295 WorkerClass0260 WorkerClass0254 WorkerClass0364 WorkerClass0081 WorkerClass0403 WorkerClass0346 WorkerClass0111
class_name,10,232,WorkerClass0232,v1,False,False,1,7,FAILED
class_name,10,232,WorkerClass0232,v2,True,True,6,96,WorkerClass0232 WorkerClass0364 WorkerClass0300 WorkerClass0111 WorkerClass0346 WorkerClass0403
class_name,10,232,WorkerClass0232,oracle,True,True,1,16,WorkerClass0232
class_name,10,242,WorkerClass0242,user_only,False,False,0,0,
class_name,10,242,WorkerClass0242,naive,False,True,21,336,WorkerClass0258 WorkerClass0404 WorkerClass0115 WorkerClass0135 WorkerClass0190 WorkerClass0400 WorkerClass0261 WorkerClass0078 WorkerClass0169 WorkerClass0070 WorkerClass0242 WorkerClass0358 WorkerClass0260 WorkerClass0361 WorkerClass0320 WorkerClass0415 WorkerClass0441 WorkerClass0355 WorkerClass0057 WorkerClass0447 WorkerClass0239
class_name,10,242,WorkerClass0242,v1,False,False,1,7,FAILED
class_name,10,242,WorkerClass0242,v2,True,True,6,96,WorkerClass0242 WorkerClass0441 WorkerClass0400 WorkerClass0239 WorkerClass0447 WorkerClass0057
class_name,10,242,WorkerClass0242,oracle,True,True,1,16,WorkerClass0242
class_name,10,431,WorkerClass0431,user_only,False,False,0,0,
class_name,10,431,WorkerClass0431,naive,False,True,21,336,WorkerClass0341 WorkerClass0432 WorkerClass0090 WorkerClass0326 WorkerClass0109 WorkerClass0393 WorkerClass0211 WorkerClass0113 WorkerClass0444 WorkerClass0070 WorkerClass0431 WorkerClass0084 WorkerClass0099 WorkerClass0293 WorkerClass0386 WorkerClass0277 WorkerClass0173 WorkerClass0114 WorkerClass0324 WorkerClass0145 WorkerClass0097
class_name,10,431,WorkerClass0431,v1,False,False,1,7,FAILED
class_name,10,431,WorkerClass0431,v2,True,True,6,96,WorkerClass0431 WorkerClass0173 WorkerClass0393 WorkerClass0097 WorkerClass0145 WorkerClass0324
class_name,10,431,WorkerClass0431,oracle,True,True,1,16,WorkerClass0431
class_name,10,376,WorkerClass0376,user_only,False,False,0,0,
class_name,10,376,WorkerClass0376,naive,False,True,21,336,WorkerClass0110 WorkerClass0330 WorkerClass0370 WorkerClass0142 WorkerClass0127 WorkerClass0176 WorkerClass0357 WorkerClass0179 WorkerClass0173 WorkerClass0238 WorkerClass0376 WorkerClass0447 WorkerClass0093 WorkerClass0086 WorkerClass0403 WorkerClass0391 WorkerClass0448 WorkerClass0160 WorkerClass0441 WorkerClass0319 WorkerClass0199
class_name,10,376,WorkerClass0376,v1,False,False,1,7,FAILED
class_name,10,376,WorkerClass0376,v2,True,True,6,96,WorkerClass0376 WorkerClass0448 WorkerClass0176 WorkerClass0199 WorkerClass0319 WorkerClass0441
class_name,10,376,WorkerClass0376,oracle,True,True,1,16,WorkerClass0376
class_name,10,89,WorkerClass0089,user_only,False,False,0,0,
class_name,10,89,WorkerClass0089,naive,True,True,21,336,WorkerClass0375 WorkerClass0420 WorkerClass0347 WorkerClass0068 WorkerClass0241 WorkerClass0118 WorkerClass0382 WorkerClass0151 WorkerClass0051 WorkerClass0216 WorkerClass0089 WorkerClass0075 WorkerClass0366 WorkerClass0136 WorkerClass0326 WorkerClass0165 WorkerClass0205 WorkerClass0208 WorkerClass0327 WorkerClass0415 WorkerClass0407
class_name,10,89,WorkerClass0089,v1,False,False,1,7,FAILED
class_name,10,89,WorkerClass0089,v2,True,True,6,96,WorkerClass0089 WorkerClass0205 WorkerClass0118 WorkerClass0407 WorkerClass0415 WorkerClass0327
class_name,10,89,WorkerClass0089,oracle,True,True,1,16,WorkerClass0089
class_name,10,420,WorkerClass0420,user_only,False,False,0,0,
class_name,10,420,WorkerClass0420,naive,False,True,21,336,WorkerClass0134 WorkerClass0296 WorkerClass0357 WorkerClass0199 WorkerClass0219 WorkerClass0394 WorkerClass0410 WorkerClass0245 WorkerClass0263 WorkerClass0227 WorkerClass0420 WorkerClass0187 WorkerClass0335 WorkerClass0090 WorkerClass0279 WorkerClass0109 WorkerClass0123 WorkerClass0418 WorkerClass0343 WorkerClass0379 WorkerClass0230
class_name,10,420,WorkerClass0420,v1,False,False,1,7,FAILED
class_name,10,420,WorkerClass0420,v2,True,True,6,96,WorkerClass0420 WorkerClass0123 WorkerClass0394 WorkerClass0230 WorkerClass0379 WorkerClass0343
class_name,10,420,WorkerClass0420,oracle,True,True,1,16,WorkerClass0420
class_name,10,224,WorkerClass0224,user_only,False,False,0,0,
class_name,10,224,WorkerClass0224,naive,False,True,21,336,WorkerClass0359 WorkerClass0091 WorkerClass0443 WorkerClass0069 WorkerClass0092 WorkerClass0152 WorkerClass0094 WorkerClass0167 WorkerClass0196 WorkerClass0117 WorkerClass0224 WorkerClass0280 WorkerClass0387 WorkerClass0168 WorkerClass0450 WorkerClass0178 WorkerClass0262 WorkerClass0277 WorkerClass0235 WorkerClass0351 WorkerClass0099
class_name,10,224,WorkerClass0224,v1,False,False,1,7,FAILED
class_name,10,224,WorkerClass0224,v2,True,True,6,96,WorkerClass0224 WorkerClass0262 WorkerClass0152 WorkerClass0099 WorkerClass0351 WorkerClass0235
class_name,10,224,WorkerClass0224,oracle,True,True,1,16,WorkerClass0224
class_name,10,95,WorkerClass0095,user_only,False,False,0,0,
class_name,10,95,WorkerClass0095,naive,True,True,21,336,WorkerClass0153 WorkerClass0179 WorkerClass0262 WorkerClass0067 WorkerClass0276 WorkerClass0314 WorkerClass0161 WorkerClass0382 WorkerClass0225 WorkerClass0368 WorkerClass0095 WorkerClass0348 WorkerClass0297 WorkerClass0369 WorkerClass0335 WorkerClass0086 WorkerClass0268 WorkerClass0404 WorkerClass0092 WorkerClass0338 WorkerClass0391
class_name,10,95,WorkerClass0095,v1,False,False,1,7,FAILED
class_name,10,95,WorkerClass0095,v2,True,True,6,96,WorkerClass0095 WorkerClass0268 WorkerClass0314 WorkerClass0391 WorkerClass0338 WorkerClass0092
class_name,10,95,WorkerClass0095,oracle,True,True,1,16,WorkerClass0095
class_name,10,335,WorkerClass0335,user_only,False,False,0,0,
class_name,10,335,WorkerClass0335,naive,False,True,21,336,WorkerClass0171 WorkerClass0109 WorkerClass0381 WorkerClass0230 WorkerClass0166 WorkerClass0155 WorkerClass0296 WorkerClass0241 WorkerClass0416 WorkerClass0240 WorkerClass0335 WorkerClass0228 WorkerClass0256 WorkerClass0268 WorkerClass0106 WorkerClass0077 WorkerClass0192 WorkerClass0397 WorkerClass0103 WorkerClass0265 WorkerClass0062
class_name,10,335,WorkerClass0335,v1,False,False,1,7,FAILED
class_name,10,335,WorkerClass0335,v2,True,True,6,96,WorkerClass0335 WorkerClass0192 WorkerClass0155 WorkerClass0062 WorkerClass0265 WorkerClass0103
class_name,10,335,WorkerClass0335,oracle,True,True,1,16,WorkerClass0335
class_name,10,325,WorkerClass0325,user_only,False,False,0,0,
class_name,10,325,WorkerClass0325,naive,False,True,21,336,WorkerClass0394 WorkerClass0245 WorkerClass0407 WorkerClass0162 WorkerClass0092 WorkerClass0236 WorkerClass0243 WorkerClass0369 WorkerClass0400 WorkerClass0133 WorkerClass0325 WorkerClass0050 WorkerClass0420 WorkerClass0130 WorkerClass0211 WorkerClass0160 WorkerClass0330 WorkerClass0314 WorkerClass0421 WorkerClass0306 WorkerClass0214
class_name,10,325,WorkerClass0325,v1,False,False,1,7,FAILED
class_name,10,325,WorkerClass0325,v2,True,True,6,96,WorkerClass0325 WorkerClass0330 WorkerClass0236 WorkerClass0214 WorkerClass0306 WorkerClass0421
class_name,10,325,WorkerClass0325,oracle,True,True,1,16,WorkerClass0325
class_name,10,199,WorkerClass0199,user_only,False,False,0,0,
class_name,10,199,WorkerClass0199,naive,False,True,21,336,WorkerClass0209 WorkerClass0182 WorkerClass0272 WorkerClass0292 WorkerClass0299 WorkerClass0168 WorkerClass0094 WorkerClass0275 WorkerClass0082 WorkerClass0059 WorkerClass0199 WorkerClass0296 WorkerClass0102 WorkerClass0212 WorkerClass0387 WorkerClass0302 WorkerClass0369 WorkerClass0216 WorkerClass0233 WorkerClass0056 WorkerClass0123
class_name,10,199,WorkerClass0199,v1,False,False,1,7,FAILED
class_name,10,199,WorkerClass0199,v2,True,True,6,96,WorkerClass0199 WorkerClass0369 WorkerClass0168 WorkerClass0123 WorkerClass0056 WorkerClass0233
class_name,10,199,WorkerClass0199,oracle,True,True,1,16,WorkerClass0199
class_name,10,284,WorkerClass0284,user_only,False,False,0,0,
class_name,10,284,WorkerClass0284,naive,False,True,21,336,WorkerClass0340 WorkerClass0128 WorkerClass0417 WorkerClass0217 WorkerClass0141 WorkerClass0121 WorkerClass0135 WorkerClass0414 WorkerClass0148 WorkerClass0053 WorkerClass0284 WorkerClass0159 WorkerClass0051 WorkerClass0371 WorkerClass0264 WorkerClass0243 WorkerClass0267 WorkerClass0398 WorkerClass0290 WorkerClass0099 WorkerClass0440
class_name,10,284,WorkerClass0284,v1,False,False,1,7,FAILED
class_name,10,284,WorkerClass0284,v2,True,True,6,96,WorkerClass0284 WorkerClass0267 WorkerClass0121 WorkerClass0440 WorkerClass0099 WorkerClass0290
class_name,10,284,WorkerClass0284,oracle,True,True,1,16,WorkerClass0284
class_name,10,122,WorkerClass0122,user_only,False,False,0,0,
class_name,10,122,WorkerClass0122,naive,True,True,21,336,WorkerClass0256 WorkerClass0066 WorkerClass0127 WorkerClass0120 WorkerClass0094 WorkerClass0137 WorkerClass0347 WorkerClass0368 WorkerClass0059 WorkerClass0118 WorkerClass0122 WorkerClass0093 WorkerClass0299 WorkerClass0322 WorkerClass0304 WorkerClass0435 WorkerClass0072 WorkerClass0312 WorkerClass0337 WorkerClass0153 WorkerClass0380
class_name,10,122,WorkerClass0122,v1,False,False,1,7,FAILED
class_name,10,122,WorkerClass0122,v2,True,True,6,96,WorkerClass0122 WorkerClass0072 WorkerClass0137 WorkerClass0380 WorkerClass0153 WorkerClass0337
class_name,10,122,WorkerClass0122,oracle,True,True,1,16,WorkerClass0122
class_name,30,110,WorkerClass0110,user_only,False,False,0,0,
class_name,30,110,WorkerClass0110,naive,True,True,21,336,WorkerClass0078 WorkerClass0320 WorkerClass0235 WorkerClass0226 WorkerClass0428 WorkerClass0191 WorkerClass0065 WorkerClass0285 WorkerClass0202 WorkerClass0386 WorkerClass0110 WorkerClass0166 WorkerClass0282 WorkerClass0241 WorkerClass0253 WorkerClass0186 WorkerClass0148 WorkerClass0145 WorkerClass0168 WorkerClass0248 WorkerClass0053
class_name,30,110,WorkerClass0110,v1,False,False,1,7,FAILED
class_name,30,110,WorkerClass0110,v2,True,True,6,96,WorkerClass0110 WorkerClass0148 WorkerClass0191 WorkerClass0053 WorkerClass0248 WorkerClass0168
class_name,30,110,WorkerClass0110,oracle,True,True,1,16,WorkerClass0110
class_name,30,213,WorkerClass0213,user_only,False,False,0,0,
class_name,30,213,WorkerClass0213,naive,True,True,21,336,WorkerClass0424 WorkerClass0299 WorkerClass0171 WorkerClass0356 WorkerClass0069 WorkerClass0389 WorkerClass0381 WorkerClass0384 WorkerClass0373 WorkerClass0116 WorkerClass0213 WorkerClass0226 WorkerClass0097 WorkerClass0139 WorkerClass0377 WorkerClass0369 WorkerClass0391 WorkerClass0191 WorkerClass0112 WorkerClass0142 WorkerClass0193
class_name,30,213,WorkerClass0213,v1,False,False,1,7,FAILED
class_name,30,213,WorkerClass0213,v2,True,True,6,96,WorkerClass0213 WorkerClass0391 WorkerClass0389 WorkerClass0193 WorkerClass0142 WorkerClass0112
class_name,30,213,WorkerClass0213,oracle,True,True,1,16,WorkerClass0213
class_name,30,307,WorkerClass0307,user_only,False,False,0,0,
class_name,30,307,WorkerClass0307,naive,True,True,21,336,WorkerClass0113 WorkerClass0174 WorkerClass0311 WorkerClass0349 WorkerClass0277 WorkerClass0187 WorkerClass0090 WorkerClass0287 WorkerClass0434 WorkerClass0362 WorkerClass0307 WorkerClass0202 WorkerClass0108 WorkerClass0098 WorkerClass0196 WorkerClass0339 WorkerClass0111 WorkerClass0293 WorkerClass0352 WorkerClass0059 WorkerClass0391
class_name,30,307,WorkerClass0307,v1,False,False,1,7,FAILED
class_name,30,307,WorkerClass0307,v2,True,True,6,96,WorkerClass0307 WorkerClass0111 WorkerClass0187 WorkerClass0391 WorkerClass0059 WorkerClass0352
class_name,30,307,WorkerClass0307,oracle,True,True,1,16,WorkerClass0307
class_name,30,312,WorkerClass0312,user_only,False,False,0,0,
class_name,30,312,WorkerClass0312,naive,True,True,21,336,WorkerClass0264 WorkerClass0213 WorkerClass0120 WorkerClass0057 WorkerClass0170 WorkerClass0111 WorkerClass0352 WorkerClass0225 WorkerClass0300 WorkerClass0169 WorkerClass0312 WorkerClass0335 WorkerClass0366 WorkerClass0360 WorkerClass0237 WorkerClass0278 WorkerClass0060 WorkerClass0150 WorkerClass0387 WorkerClass0235 WorkerClass0421
class_name,30,312,WorkerClass0312,v1,False,False,1,7,FAILED
class_name,30,312,WorkerClass0312,v2,True,True,6,96,WorkerClass0312 WorkerClass0060 WorkerClass0111 WorkerClass0421 WorkerClass0235 WorkerClass0387
class_name,30,312,WorkerClass0312,oracle,True,True,1,16,WorkerClass0312
class_name,30,381,WorkerClass0381,user_only,False,False,0,0,
class_name,30,381,WorkerClass0381,naive,True,True,21,336,WorkerClass0075 WorkerClass0335 WorkerClass0260 WorkerClass0377 WorkerClass0281 WorkerClass0076 WorkerClass0133 WorkerClass0439 WorkerClass0055 WorkerClass0054 WorkerClass0381 WorkerClass0220 WorkerClass0419 WorkerClass0271 WorkerClass0405 WorkerClass0236 WorkerClass0380 WorkerClass0282 WorkerClass0164 WorkerClass0230 WorkerClass0373
class_name,30,381,WorkerClass0381,v1,False,False,1,7,FAILED
class_name,30,381,WorkerClass0381,v2,True,True,6,96,WorkerClass0381 WorkerClass0380 WorkerClass0076 WorkerClass0373 WorkerClass0230 WorkerClass0164
class_name,30,381,WorkerClass0381,oracle,True,True,1,16,WorkerClass0381
class_name,30,102,WorkerClass0102,user_only,False,False,0,0,
class_name,30,102,WorkerClass0102,naive,True,True,21,336,WorkerClass0059 WorkerClass0153 WorkerClass0407 WorkerClass0238 WorkerClass0309 WorkerClass0105 WorkerClass0117 WorkerClass0251 WorkerClass0101 WorkerClass0210 WorkerClass0102 WorkerClass0430 WorkerClass0214 WorkerClass0330 WorkerClass0149 WorkerClass0209 WorkerClass0264 WorkerClass0189 WorkerClass0388 WorkerClass0068 WorkerClass0380
class_name,30,102,WorkerClass0102,v1,False,False,1,7,FAILED
class_name,30,102,WorkerClass0102,v2,True,True,6,96,WorkerClass0102 WorkerClass0264 WorkerClass0105 WorkerClass0380 WorkerClass0068 WorkerClass0388
class_name,30,102,WorkerClass0102,oracle,True,True,1,16,WorkerClass0102
class_name,30,164,WorkerClass0164,user_only,False,False,0,0,
class_name,30,164,WorkerClass0164,naive,True,True,21,336,WorkerClass0400 WorkerClass0192 WorkerClass0416 WorkerClass0116 WorkerClass0236 WorkerClass0264 WorkerClass0189 WorkerClass0375 WorkerClass0325 WorkerClass0231 WorkerClass0164 WorkerClass0079 WorkerClass0246 WorkerClass0129 WorkerClass0052 WorkerClass0210 WorkerClass0216 WorkerClass0187 WorkerClass0104 WorkerClass0360 WorkerClass0362
class_name,30,164,WorkerClass0164,v1,False,False,1,7,FAILED
class_name,30,164,WorkerClass0164,v2,True,True,6,96,WorkerClass0164 WorkerClass0216 WorkerClass0264 WorkerClass0362 WorkerClass0360 WorkerClass0104
class_name,30,164,WorkerClass0164,oracle,True,True,1,16,WorkerClass0164
class_name,30,357,WorkerClass0357,user_only,False,False,0,0,
class_name,30,357,WorkerClass0357,naive,True,True,21,336,WorkerClass0094 WorkerClass0355 WorkerClass0424 WorkerClass0422 WorkerClass0410 WorkerClass0242 WorkerClass0230 WorkerClass0201 WorkerClass0297 WorkerClass0205 WorkerClass0357 WorkerClass0212 WorkerClass0149 WorkerClass0183 WorkerClass0208 WorkerClass0221 WorkerClass0116 WorkerClass0125 WorkerClass0137 WorkerClass0343 WorkerClass0295
class_name,30,357,WorkerClass0357,v1,False,False,1,7,FAILED
class_name,30,357,WorkerClass0357,v2,True,True,6,96,WorkerClass0357 WorkerClass0116 WorkerClass0242 WorkerClass0295 WorkerClass0343 WorkerClass0137
class_name,30,357,WorkerClass0357,oracle,True,True,1,16,WorkerClass0357
class_name,30,368,WorkerClass0368,user_only,False,False,0,0,
class_name,30,368,WorkerClass0368,naive,True,True,21,336,WorkerClass0347 WorkerClass0446 WorkerClass0336 WorkerClass0123 WorkerClass0341 WorkerClass0314 WorkerClass0256 WorkerClass0450 WorkerClass0259 WorkerClass0112 WorkerClass0368 WorkerClass0264 WorkerClass0261 WorkerClass0171 WorkerClass0184 WorkerClass0213 WorkerClass0272 WorkerClass0277 WorkerClass0321 WorkerClass0275 WorkerClass0117
class_name,30,368,WorkerClass0368,v1,False,False,1,7,FAILED
class_name,30,368,WorkerClass0368,v2,True,True,6,96,WorkerClass0368 WorkerClass0272 WorkerClass0314 WorkerClass0117 WorkerClass0275 WorkerClass0321
class_name,30,368,WorkerClass0368,oracle,True,True,1,16,WorkerClass0368
class_name,30,334,WorkerClass0334,user_only,False,False,0,0,
class_name,30,334,WorkerClass0334,naive,True,True,21,336,WorkerClass0068 WorkerClass0341 WorkerClass0082 WorkerClass0112 WorkerClass0413 WorkerClass0293 WorkerClass0261 WorkerClass0427 WorkerClass0391 WorkerClass0152 WorkerClass0334 WorkerClass0405 WorkerClass0176 WorkerClass0262 WorkerClass0338 WorkerClass0125 WorkerClass0252 WorkerClass0228 WorkerClass0070 WorkerClass0322 WorkerClass0347
class_name,30,334,WorkerClass0334,v1,False,False,1,7,FAILED
class_name,30,334,WorkerClass0334,v2,True,True,6,96,WorkerClass0334 WorkerClass0252 WorkerClass0293 WorkerClass0347 WorkerClass0322 WorkerClass0070
class_name,30,334,WorkerClass0334,oracle,True,True,1,16,WorkerClass0334
class_name,30,265,WorkerClass0265,user_only,False,False,0,0,
class_name,30,265,WorkerClass0265,naive,True,True,21,336,WorkerClass0138 WorkerClass0291 WorkerClass0060 WorkerClass0427 WorkerClass0084 WorkerClass0178 WorkerClass0148 WorkerClass0337 WorkerClass0356 WorkerClass0216 WorkerClass0265 WorkerClass0424 WorkerClass0377 WorkerClass0344 WorkerClass0441 WorkerClass0295 WorkerClass0177 WorkerClass0388 WorkerClass0440 WorkerClass0199 WorkerClass0245
class_name,30,265,WorkerClass0265,v1,False,False,1,7,FAILED
class_name,30,265,WorkerClass0265,v2,True,True,6,96,WorkerClass0265 WorkerClass0177 WorkerClass0178 WorkerClass0245 WorkerClass0199 WorkerClass0440
class_name,30,265,WorkerClass0265,oracle,True,True,1,16,WorkerClass0265
class_name,30,343,WorkerClass0343,user_only,False,False,0,0,
class_name,30,343,WorkerClass0343,naive,True,True,21,336,WorkerClass0058 WorkerClass0224 WorkerClass0325 WorkerClass0226 WorkerClass0176 WorkerClass0152 WorkerClass0168 WorkerClass0427 WorkerClass0377 WorkerClass0362 WorkerClass0343 WorkerClass0378 WorkerClass0297 WorkerClass0269 WorkerClass0391 WorkerClass0435 WorkerClass0288 WorkerClass0084 WorkerClass0301 WorkerClass0292 WorkerClass0132
class_name,30,343,WorkerClass0343,v1,False,False,1,7,FAILED
class_name,30,343,WorkerClass0343,v2,True,True,6,96,WorkerClass0343 WorkerClass0288 WorkerClass0152 WorkerClass0132 WorkerClass0292 WorkerClass0301
class_name,30,343,WorkerClass0343,oracle,True,True,1,16,WorkerClass0343
class_name,30,330,WorkerClass0330,user_only,False,False,0,0,
class_name,30,330,WorkerClass0330,naive,True,True,21,336,WorkerClass0356 WorkerClass0245 WorkerClass0247 WorkerClass0412 WorkerClass0092 WorkerClass0310 WorkerClass0391 WorkerClass0448 WorkerClass0135 WorkerClass0349 WorkerClass0330 WorkerClass0237 WorkerClass0218 WorkerClass0369 WorkerClass0252 WorkerClass0378 WorkerClass0066 WorkerClass0112 WorkerClass0270 WorkerClass0131 WorkerClass0425
class_name,30,330,WorkerClass0330,v1,False,False,1,7,FAILED
class_name,30,330,WorkerClass0330,v2,True,True,6,96,WorkerClass0330 WorkerClass0066 WorkerClass0310 WorkerClass0425 WorkerClass0131 WorkerClass0270
class_name,30,330,WorkerClass0330,oracle,True,True,1,16,WorkerClass0330
class_name,30,424,WorkerClass0424,user_only,False,False,0,0,
class_name,30,424,WorkerClass0424,naive,True,True,21,336,WorkerClass0232 WorkerClass0438 WorkerClass0257 WorkerClass0255 WorkerClass0216 WorkerClass0163 WorkerClass0344 WorkerClass0090 WorkerClass0261 WorkerClass0084 WorkerClass0424 WorkerClass0272 WorkerClass0165 WorkerClass0321 WorkerClass0373 WorkerClass0135 WorkerClass0245 WorkerClass0316 WorkerClass0057 WorkerClass0110 WorkerClass0422
class_name,30,424,WorkerClass0424,v1,False,False,1,7,FAILED
class_name,30,424,WorkerClass0424,v2,True,True,6,96,WorkerClass0424 WorkerClass0245 WorkerClass0163 WorkerClass0422 WorkerClass0110 WorkerClass0057
class_name,30,424,WorkerClass0424,oracle,True,True,1,16,WorkerClass0424
class_name,30,447,WorkerClass0447,user_only,False,False,0,0,
class_name,30,447,WorkerClass0447,naive,True,True,21,336,WorkerClass0050 WorkerClass0227 WorkerClass0105 WorkerClass0197 WorkerClass0088 WorkerClass0404 WorkerClass0109 WorkerClass0251 WorkerClass0312 WorkerClass0391 WorkerClass0447 WorkerClass0194 WorkerClass0325 WorkerClass0084 WorkerClass0222 WorkerClass0100 WorkerClass0111 WorkerClass0072 WorkerClass0120 WorkerClass0427 WorkerClass0334
class_name,30,447,WorkerClass0447,v1,False,False,1,7,FAILED
class_name,30,447,WorkerClass0447,v2,True,True,6,96,WorkerClass0447 WorkerClass0111 WorkerClass0404 WorkerClass0334 WorkerClass0427 WorkerClass0120
class_name,30,447,WorkerClass0447,oracle,True,True,1,16,WorkerClass0447
class_name,30,443,WorkerClass0443,user_only,False,False,0,0,
class_name,30,443,WorkerClass0443,naive,True,True,21,336,WorkerClass0305 WorkerClass0174 WorkerClass0062 WorkerClass0359 WorkerClass0287 WorkerClass0075 WorkerClass0440 WorkerClass0196 WorkerClass0158 WorkerClass0175 WorkerClass0443 WorkerClass0224 WorkerClass0118 WorkerClass0142 WorkerClass0405 WorkerClass0192 WorkerClass0354 WorkerClass0221 WorkerClass0307 WorkerClass0078 WorkerClass0301
class_name,30,443,WorkerClass0443,v1,False,False,1,7,FAILED
class_name,30,443,WorkerClass0443,v2,True,True,6,96,WorkerClass0443 WorkerClass0354 WorkerClass0075 WorkerClass0301 WorkerClass0078 WorkerClass0307
class_name,30,443,WorkerClass0443,oracle,True,True,1,16,WorkerClass0443
class_name,30,301,WorkerClass0301,user_only,False,False,0,0,
class_name,30,301,WorkerClass0301,naive,True,True,21,336,WorkerClass0449 WorkerClass0275 WorkerClass0205 WorkerClass0107 WorkerClass0191 WorkerClass0168 WorkerClass0183 WorkerClass0271 WorkerClass0095 WorkerClass0335 WorkerClass0301 WorkerClass0080 WorkerClass0188 WorkerClass0149 WorkerClass0348 WorkerClass0135 WorkerClass0184 WorkerClass0207 WorkerClass0264 WorkerClass0240 WorkerClass0374
class_name,30,301,WorkerClass0301,v1,False,False,1,7,FAILED
class_name,30,301,WorkerClass0301,v2,True,True,6,96,WorkerClass0301 WorkerClass0184 WorkerClass0168 WorkerClass0374 WorkerClass0240 WorkerClass0264
class_name,30,301,WorkerClass0301,oracle,True,True,1,16,WorkerClass0301
class_name,30,434,WorkerClass0434,user_only,False,False,0,0,
class_name,30,434,WorkerClass0434,naive,True,True,21,336,WorkerClass0287 WorkerClass0321 WorkerClass0407 WorkerClass0097 WorkerClass0212 WorkerClass0304 WorkerClass0256 WorkerClass0149 WorkerClass0388 WorkerClass0188 WorkerClass0434 WorkerClass0427 WorkerClass0066 WorkerClass0442 WorkerClass0446 WorkerClass0390 WorkerClass0375 WorkerClass0274 WorkerClass0174 WorkerClass0387 WorkerClass0168
class_name,30,434,WorkerClass0434,v1,False,False,1,7,FAILED
class_name,30,434,WorkerClass0434,v2,True,True,6,96,WorkerClass0434 WorkerClass0375 WorkerClass0304 WorkerClass0168 WorkerClass0387 WorkerClass0174
class_name,30,434,WorkerClass0434,oracle,True,True,1,16,WorkerClass0434
class_name,30,445,WorkerClass0445,user_only,False,False,0,0,
class_name,30,445,WorkerClass0445,naive,True,True,21,336,WorkerClass0278 WorkerClass0413 WorkerClass0293 WorkerClass0067 WorkerClass0395 WorkerClass0288 WorkerClass0416 WorkerClass0444 WorkerClass0237 WorkerClass0089 WorkerClass0445 WorkerClass0196 WorkerClass0281 WorkerClass0146 WorkerClass0431 WorkerClass0126 WorkerClass0088 WorkerClass0267 WorkerClass0242 WorkerClass0095 WorkerClass0382
class_name,30,445,WorkerClass0445,v1,False,False,1,7,FAILED
class_name,30,445,WorkerClass0445,v2,True,True,6,96,WorkerClass0445 WorkerClass0088 WorkerClass0288 WorkerClass0382 WorkerClass0095 WorkerClass0242
class_name,30,445,WorkerClass0445,oracle,True,True,1,16,WorkerClass0445
class_name,30,350,WorkerClass0350,user_only,False,False,0,0,
class_name,30,350,WorkerClass0350,naive,True,True,21,336,WorkerClass0344 WorkerClass0105 WorkerClass0355 WorkerClass0324 WorkerClass0358 WorkerClass0326 WorkerClass0147 WorkerClass0086 WorkerClass0239 WorkerClass0373 WorkerClass0350 WorkerClass0422 WorkerClass0253 WorkerClass0165 WorkerClass0320 WorkerClass0063 WorkerClass0327 WorkerClass0357 WorkerClass0171 WorkerClass0331 WorkerClass0354
class_name,30,350,WorkerClass0350,v1,False,False,1,7,FAILED
class_name,30,350,WorkerClass0350,v2,True,True,6,96,WorkerClass0350 WorkerClass0327 WorkerClass0326 WorkerClass0354 WorkerClass0331 WorkerClass0171
class_name,30,350,WorkerClass0350,oracle,True,True,1,16,WorkerClass0350
class_name,30,275,WorkerClass0275,user_only,False,False,0,0,
class_name,30,275,WorkerClass0275,naive,True,True,21,336,WorkerClass0225 WorkerClass0280 WorkerClass0331 WorkerClass0386 WorkerClass0402 WorkerClass0082 WorkerClass0229 WorkerClass0074 WorkerClass0210 WorkerClass0169 WorkerClass0275 WorkerClass0401 WorkerClass0418 WorkerClass0241 WorkerClass0219 WorkerClass0068 WorkerClass0158 WorkerClass0181 WorkerClass0099 WorkerClass0179 WorkerClass0085
class_name,30,275,WorkerClass0275,v1,False,False,1,7,FAILED
class_name,30,275,WorkerClass0275,v2,True,True,6,96,WorkerClass0275 WorkerClass0158 WorkerClass0082 WorkerClass0085 WorkerClass0179 WorkerClass0099
class_name,30,275,WorkerClass0275,oracle,True,True,1,16,WorkerClass0275
class_name,30,172,WorkerClass0172,user_only,False,False,0,0,
class_name,30,172,WorkerClass0172,naive,True,True,21,336,WorkerClass0401 WorkerClass0259 WorkerClass0247 WorkerClass0168 WorkerClass0296 WorkerClass0312 WorkerClass0309 WorkerClass0183 WorkerClass0381 WorkerClass0223 WorkerClass0172 WorkerClass0166 WorkerClass0356 WorkerClass0431 WorkerClass0149 WorkerClass0364 WorkerClass0379 WorkerClass0107 WorkerClass0156 WorkerClass0357 WorkerClass0233
class_name,30,172,WorkerClass0172,v1,False,False,1,7,FAILED
class_name,30,172,WorkerClass0172,v2,True,True,6,96,WorkerClass0172 WorkerClass0379 WorkerClass0312 WorkerClass0233 WorkerClass0357 WorkerClass0156
class_name,30,172,WorkerClass0172,oracle,True,True,1,16,WorkerClass0172
class_name,30,51,WorkerClass0051,user_only,False,False,0,0,
class_name,30,51,WorkerClass0051,naive,True,True,21,336,WorkerClass0344 WorkerClass0251 WorkerClass0348 WorkerClass0236 WorkerClass0382 WorkerClass0216 WorkerClass0116 WorkerClass0350 WorkerClass0074 WorkerClass0225 WorkerClass0051 WorkerClass0145 WorkerClass0419 WorkerClass0186 WorkerClass0214 WorkerClass0346 WorkerClass0325 WorkerClass0220 WorkerClass0155 WorkerClass0300 WorkerClass0343
class_name,30,51,WorkerClass0051,v1,False,False,1,7,FAILED
class_name,30,51,WorkerClass0051,v2,True,True,6,96,WorkerClass0051 WorkerClass0325 WorkerClass0216 WorkerClass0343 WorkerClass0300 WorkerClass0155
class_name,30,51,WorkerClass0051,oracle,True,True,1,16,WorkerClass0051
class_name,30,364,WorkerClass0364,user_only,False,False,0,0,
class_name,30,364,WorkerClass0364,naive,True,True,21,336,WorkerClass0441 WorkerClass0383 WorkerClass0327 WorkerClass0142 WorkerClass0110 WorkerClass0075 WorkerClass0390 WorkerClass0152 WorkerClass0156 WorkerClass0097 WorkerClass0364 WorkerClass0360 WorkerClass0073 WorkerClass0210 WorkerClass0346 WorkerClass0330 WorkerClass0179 WorkerClass0238 WorkerClass0448 WorkerClass0380 WorkerClass0262
class_name,30,364,WorkerClass0364,v1,False,False,1,7,FAILED
class_name,30,364,WorkerClass0364,v2,True,True,6,96,WorkerClass0364 WorkerClass0179 WorkerClass0075 WorkerClass0262 WorkerClass0380 WorkerClass0448
class_name,30,364,WorkerClass0364,oracle,True,True,1,16,WorkerClass0364
class_name,30,91,WorkerClass0091,user_only,False,False,0,0,
class_name,30,91,WorkerClass0091,naive,True,True,21,336,WorkerClass0420 WorkerClass0345 WorkerClass0240 WorkerClass0350 WorkerClass0283 WorkerClass0244 WorkerClass0208 WorkerClass0161 WorkerClass0219 WorkerClass0081 WorkerClass0091 WorkerClass0265 WorkerClass0134 WorkerClass0187 WorkerClass0051 WorkerClass0245 WorkerClass0050 WorkerClass0177 WorkerClass0402 WorkerClass0334 WorkerClass0450
class_name,30,91,WorkerClass0091,v1,False,False,1,7,FAILED
class_name,30,91,WorkerClass0091,v2,True,True,6,96,WorkerClass0091 WorkerClass0050 WorkerClass0244 WorkerClass0450 WorkerClass0334 WorkerClass0402
class_name,30,91,WorkerClass0091,oracle,True,True,1,16,WorkerClass0091
class_name,30,106,WorkerClass0106,user_only,False,False,0,0,
class_name,30,106,WorkerClass0106,naive,True,True,21,336,WorkerClass0434 WorkerClass0068 WorkerClass0132 WorkerClass0102 WorkerClass0441 WorkerClass0373 WorkerClass0374 WorkerClass0104 WorkerClass0310 WorkerClass0211 WorkerClass0106 WorkerClass0423 WorkerClass0200 WorkerClass0138 WorkerClass0194 WorkerClass0443 WorkerClass0195 WorkerClass0128 WorkerClass0351 WorkerClass0130 WorkerClass0308
class_name,30,106,WorkerClass0106,v1,False,False,1,7,FAILED
class_name,30,106,WorkerClass0106,v2,True,True,6,96,WorkerClass0106 WorkerClass0195 WorkerClass0373 WorkerClass0308 WorkerClass0130 WorkerClass0351
class_name,30,106,WorkerClass0106,oracle,True,True,1,16,WorkerClass0106
class_name,30,197,WorkerClass0197,user_only,False,False,0,0,
class_name,30,197,WorkerClass0197,naive,True,True,21,336,WorkerClass0427 WorkerClass0131 WorkerClass0150 WorkerClass0442 WorkerClass0226 WorkerClass0321 WorkerClass0259 WorkerClass0429 WorkerClass0391 WorkerClass0126 WorkerClass0197 WorkerClass0067 WorkerClass0060 WorkerClass0446 WorkerClass0311 WorkerClass0338 WorkerClass0316 WorkerClass0134 WorkerClass0059 WorkerClass0058 WorkerClass0250
class_name,30,197,WorkerClass0197,v1,False,False,1,7,FAILED
class_name,30,197,WorkerClass0197,v2,True,True,6,96,WorkerClass0197 WorkerClass0316 WorkerClass0321 WorkerClass0250 WorkerClass0058 WorkerClass0059
class_name,30,197,WorkerClass0197,oracle,True,True,1,16,WorkerClass0197
class_name,30,100,WorkerClass0100,user_only,False,False,0,0,
class_name,30,100,WorkerClass0100,naive,True,True,21,336,WorkerClass0292 WorkerClass0221 WorkerClass0107 WorkerClass0064 WorkerClass0409 WorkerClass0412 WorkerClass0114 WorkerClass0302 WorkerClass0122 WorkerClass0261 WorkerClass0100 WorkerClass0370 WorkerClass0305 WorkerClass0335 WorkerClass0193 WorkerClass0159 WorkerClass0328 WorkerClass0316 WorkerClass0389 WorkerClass0118 WorkerClass0315
class_name,30,100,WorkerClass0100,v1,False,False,1,7,FAILED
class_name,30,100,WorkerClass0100,v2,True,True,6,96,WorkerClass0100 WorkerClass0328 WorkerClass0412 WorkerClass0315 WorkerClass0118 WorkerClass0389
class_name,30,100,WorkerClass0100,oracle,True,True,1,16,WorkerClass0100
class_name,30,280,WorkerClass0280,user_only,False,False,0,0,
class_name,30,280,WorkerClass0280,naive,True,True,21,336,WorkerClass0289 WorkerClass0086 WorkerClass0173 WorkerClass0170 WorkerClass0129 WorkerClass0118 WorkerClass0081 WorkerClass0260 WorkerClass0109 WorkerClass0376 WorkerClass0280 WorkerClass0093 WorkerClass0428 WorkerClass0242 WorkerClass0423 WorkerClass0106 WorkerClass0426 WorkerClass0429 WorkerClass0189 WorkerClass0080 WorkerClass0113
class_name,30,280,WorkerClass0280,v1,False,False,1,7,FAILED
class_name,30,280,WorkerClass0280,v2,True,True,6,96,WorkerClass0280 WorkerClass0426 WorkerClass0118 WorkerClass0113 WorkerClass0080 WorkerClass0189
class_name,30,280,WorkerClass0280,oracle,True,True,1,16,WorkerClass0280
class_name,30,55,WorkerClass0055,user_only,False,False,0,0,
class_name,30,55,WorkerClass0055,naive,True,True,21,336,WorkerClass0068 WorkerClass0268 WorkerClass0232 WorkerClass0078 WorkerClass0310 WorkerClass0178 WorkerClass0450 WorkerClass0067 WorkerClass0101 WorkerClass0341 WorkerClass0055 WorkerClass0113 WorkerClass0436 WorkerClass0352 WorkerClass0219 WorkerClass0357 WorkerClass0368 WorkerClass0176 WorkerClass0321 WorkerClass0137 WorkerClass0425
class_name,30,55,WorkerClass0055,v1,False,False,1,7,FAILED
class_name,30,55,WorkerClass0055,v2,True,True,6,96,WorkerClass0055 WorkerClass0368 WorkerClass0178 WorkerClass0425 WorkerClass0137 WorkerClass0321
class_name,30,55,WorkerClass0055,oracle,True,True,1,16,WorkerClass0055
class_name,30,400,WorkerClass0400,user_only,False,False,0,0,
class_name,30,400,WorkerClass0400,naive,True,True,21,336,WorkerClass0156 WorkerClass0232 WorkerClass0231 WorkerClass0120 WorkerClass0298 WorkerClass0174 WorkerClass0407 WorkerClass0141 WorkerClass0080 WorkerClass0101 WorkerClass0400 WorkerClass0220 WorkerClass0408 WorkerClass0227 WorkerClass0251 WorkerClass0250 WorkerClass0278 WorkerClass0197 WorkerClass0062 WorkerClass0116 WorkerClass0336
class_name,30,400,WorkerClass0400,v1,False,False,1,7,FAILED
class_name,30,400,WorkerClass0400,v2,True,True,6,96,WorkerClass0400 WorkerClass0278 WorkerClass0174 WorkerClass0336 WorkerClass0116 WorkerClass0062
class_name,30,400,WorkerClass0400,oracle,True,True,1,16,WorkerClass0400
class_name,30,397,WorkerClass0397,user_only,False,False,0,0,
class_name,30,397,WorkerClass0397,naive,True,True,21,336,WorkerClass0432 WorkerClass0067 WorkerClass0134 WorkerClass0286 WorkerClass0184 WorkerClass0187 WorkerClass0204 WorkerClass0099 WorkerClass0097 WorkerClass0092 WorkerClass0397 WorkerClass0430 WorkerClass0382 WorkerClass0175 WorkerClass0218 WorkerClass0135 WorkerClass0064 WorkerClass0351 WorkerClass0232 WorkerClass0062 WorkerClass0228
class_name,30,397,WorkerClass0397,v1,False,False,1,7,FAILED
class_name,30,397,WorkerClass0397,v2,True,True,6,96,WorkerClass0397 WorkerClass0064 WorkerClass0187 WorkerClass0228 WorkerClass0062 WorkerClass0232
class_name,30,397,WorkerClass0397,oracle,True,True,1,16,WorkerClass0397
class_name,30,210,WorkerClass0210,user_only,False,False,0,0,
class_name,30,210,WorkerClass0210,naive,True,True,21,336,WorkerClass0370 WorkerClass0202 WorkerClass0371 WorkerClass0056 WorkerClass0267 WorkerClass0401 WorkerClass0164 WorkerClass0161 WorkerClass0445 WorkerClass0347 WorkerClass0210 WorkerClass0363 WorkerClass0332 WorkerClass0150 WorkerClass0191 WorkerClass0306 WorkerClass0085 WorkerClass0230 WorkerClass0054 WorkerClass0071 WorkerClass0195
class_name,30,210,WorkerClass0210,v1,False,False,1,7,FAILED
class_name,30,210,WorkerClass0210,v2,True,True,6,96,WorkerClass0210 WorkerClass0085 WorkerClass0401 WorkerClass0195 WorkerClass0071 WorkerClass0054
class_name,30,210,WorkerClass0210,oracle,True,True,1,16,WorkerClass0210
class_name,30,157,WorkerClass0157,user_only,False,False,0,0,
class_name,30,157,WorkerClass0157,naive,True,True,21,336,WorkerClass0360 WorkerClass0355 WorkerClass0434 WorkerClass0246 WorkerClass0056 WorkerClass0248 WorkerClass0098 WorkerClass0426 WorkerClass0133 WorkerClass0071 WorkerClass0157 WorkerClass0103 WorkerClass0051 WorkerClass0187 WorkerClass0150 WorkerClass0317 WorkerClass0080 WorkerClass0439 WorkerClass0305 WorkerClass0237 WorkerClass0417
class_name,30,157,WorkerClass0157,v1,False,False,1,7,FAILED
class_name,30,157,WorkerClass0157,v2,True,True,6,96,WorkerClass0157 WorkerClass0080 WorkerClass0248 WorkerClass0417 WorkerClass0237 WorkerClass0305
class_name,30,157,WorkerClass0157,oracle,True,True,1,16,WorkerClass0157
class_name,30,253,WorkerClass0253,user_only,False,False,0,0,
class_name,30,253,WorkerClass0253,naive,True,True,21,336,WorkerClass0195 WorkerClass0054 WorkerClass0083 WorkerClass0391 WorkerClass0389 WorkerClass0373 WorkerClass0086 WorkerClass0176 WorkerClass0414 WorkerClass0442 WorkerClass0253 WorkerClass0418 WorkerClass0110 WorkerClass0152 WorkerClass0288 WorkerClass0088 WorkerClass0154 WorkerClass0429 WorkerClass0102 WorkerClass0250 WorkerClass0182
class_name,30,253,WorkerClass0253,v1,False,False,1,7,FAILED
class_name,30,253,WorkerClass0253,v2,True,True,6,96,WorkerClass0253 WorkerClass0154 WorkerClass0373 WorkerClass0182 WorkerClass0250 WorkerClass0102
class_name,30,253,WorkerClass0253,oracle,True,True,1,16,WorkerClass0253
class_name,30,178,WorkerClass0178,user_only,False,False,0,0,
class_name,30,178,WorkerClass0178,naive,True,True,21,336,WorkerClass0060 WorkerClass0212 WorkerClass0287 WorkerClass0334 WorkerClass0231 WorkerClass0115 WorkerClass0132 WorkerClass0422 WorkerClass0438 WorkerClass0123 WorkerClass0178 WorkerClass0210 WorkerClass0430 WorkerClass0247 WorkerClass0366 WorkerClass0237 WorkerClass0216 WorkerClass0371 WorkerClass0244 WorkerClass0122 WorkerClass0306
class_name,30,178,WorkerClass0178,v1,False,False,1,7,FAILED
class_name,30,178,WorkerClass0178,v2,True,True,6,96,WorkerClass0178 WorkerClass0216 WorkerClass0115 WorkerClass0306 WorkerClass0122 WorkerClass0244
class_name,30,178,WorkerClass0178,oracle,True,True,1,16,WorkerClass0178
class_name,30,228,WorkerClass0228,user_only,False,False,0,0,
class_name,30,228,WorkerClass0228,naive,True,True,21,336,WorkerClass0419 WorkerClass0083 WorkerClass0160 WorkerClass0050 WorkerClass0196 WorkerClass0163 WorkerClass0199 WorkerClass0161 WorkerClass0162 WorkerClass0442 WorkerClass0228 WorkerClass0065 WorkerClass0425 WorkerClass0370 WorkerClass0418 WorkerClass0389 WorkerClass0183 WorkerClass0352 WorkerClass0326 WorkerClass0135 WorkerClass0071
class_name,30,228,WorkerClass0228,v1,False,False,1,7,FAILED
class_name,30,228,WorkerClass0228,v2,True,True,6,96,WorkerClass0228 WorkerClass0183 WorkerClass0163 WorkerClass0071 WorkerClass0135 WorkerClass0326
class_name,30,228,WorkerClass0228,oracle,True,True,1,16,WorkerClass0228
class_name,30,232,WorkerClass0232,user_only,False,False,0,0,
class_name,30,232,WorkerClass0232,naive,True,True,21,336,WorkerClass0299 WorkerClass0180 WorkerClass0412 WorkerClass0054 WorkerClass0328 WorkerClass0109 WorkerClass0276 WorkerClass0402 WorkerClass0266 WorkerClass0293 WorkerClass0232 WorkerClass0286 WorkerClass0102 WorkerClass0070 WorkerClass0056 WorkerClass0267 WorkerClass0393 WorkerClass0381 WorkerClass0322 WorkerClass0224 WorkerClass0273
class_name,30,232,WorkerClass0232,v1,False,False,1,7,FAILED
class_name,30,232,WorkerClass0232,v2,True,True,6,96,WorkerClass0232 WorkerClass0393 WorkerClass0109 WorkerClass0273 WorkerClass0224 WorkerClass0322
class_name,30,232,WorkerClass0232,oracle,True,True,1,16,WorkerClass0232
class_name,30,242,WorkerClass0242,user_only,False,False,0,0,
class_name,30,242,WorkerClass0242,naive,True,True,21,336,WorkerClass0092 WorkerClass0112 WorkerClass0116 WorkerClass0332 WorkerClass0370 WorkerClass0147 WorkerClass0115 WorkerClass0172 WorkerClass0448 WorkerClass0427 WorkerClass0242 WorkerClass0128 WorkerClass0229 WorkerClass0098 WorkerClass0442 WorkerClass0359 WorkerClass0166 WorkerClass0063 WorkerClass0402 WorkerClass0353 WorkerClass0061
class_name,30,242,WorkerClass0242,v1,False,False,1,7,FAILED
class_name,30,242,WorkerClass0242,v2,True,True,6,96,WorkerClass0242 WorkerClass0166 WorkerClass0147 WorkerClass0061 WorkerClass0353 WorkerClass0402
class_name,30,242,WorkerClass0242,oracle,True,True,1,16,WorkerClass0242
class_name,30,431,WorkerClass0431,user_only,False,False,0,0,
class_name,30,431,WorkerClass0431,naive,True,True,21,336,WorkerClass0340 WorkerClass0334 WorkerClass0294 WorkerClass0417 WorkerClass0075 WorkerClass0129 WorkerClass0226 WorkerClass0255 WorkerClass0099 WorkerClass0174 WorkerClass0431 WorkerClass0054 WorkerClass0265 WorkerClass0076 WorkerClass0274 WorkerClass0439 WorkerClass0165 WorkerClass0434 WorkerClass0093 WorkerClass0304 WorkerClass0130
class_name,30,431,WorkerClass0431,v1,False,False,1,7,FAILED
class_name,30,431,WorkerClass0431,v2,True,True,6,96,WorkerClass0431 WorkerClass0165 WorkerClass0129 WorkerClass0130 WorkerClass0304 WorkerClass0093
class_name,30,431,WorkerClass0431,oracle,True,True,1,16,WorkerClass0431
class_name,30,376,WorkerClass0376,user_only,False,False,0,0,
class_name,30,376,WorkerClass0376,naive,True,True,21,336,WorkerClass0057 WorkerClass0093 WorkerClass0055 WorkerClass0180 WorkerClass0255 WorkerClass0299 WorkerClass0229 WorkerClass0391 WorkerClass0099 WorkerClass0210 WorkerClass0376 WorkerClass0260 WorkerClass0338 WorkerClass0113 WorkerClass0247 WorkerClass0418 WorkerClass0220 WorkerClass0304 WorkerClass0309 WorkerClass0233 WorkerClass0156
class_name,30,376,WorkerClass0376,v1,False,False,1,7,FAILED
class_name,30,376,WorkerClass0376,v2,True,True,6,96,WorkerClass0376 WorkerClass0220 WorkerClass0299 WorkerClass0156 WorkerClass0233 WorkerClass0309
class_name,30,376,WorkerClass0376,oracle,True,True,1,16,WorkerClass0376
class_name,30,89,WorkerClass0089,user_only,False,False,0,0,
class_name,30,89,WorkerClass0089,naive,True,True,21,336,WorkerClass0205 WorkerClass0246 WorkerClass0439 WorkerClass0412 WorkerClass0064 WorkerClass0107 WorkerClass0117 WorkerClass0152 WorkerClass0093 WorkerClass0060 WorkerClass0089 WorkerClass0283 WorkerClass0081 WorkerClass0177 WorkerClass0368 WorkerClass0441 WorkerClass0079 WorkerClass0387 WorkerClass0290 WorkerClass0391 WorkerClass0157
class_name,30,89,WorkerClass0089,v1,False,False,1,7,FAILED
class_name,30,89,WorkerClass0089,v2,True,True,6,96,WorkerClass0089 WorkerClass0079 WorkerClass0107 WorkerClass0157 WorkerClass0391 WorkerClass0290
class_name,30,89,WorkerClass0089,oracle,True,True,1,16,WorkerClass0089
class_name,30,420,WorkerClass0420,user_only,False,False,0,0,
class_name,30,420,WorkerClass0420,naive,True,True,21,336,WorkerClass0193 WorkerClass0410 WorkerClass0211 WorkerClass0313 WorkerClass0328 WorkerClass0132 WorkerClass0219 WorkerClass0386 WorkerClass0229 WorkerClass0342 WorkerClass0420 WorkerClass0306 WorkerClass0301 WorkerClass0367 WorkerClass0441 WorkerClass0304 WorkerClass0272 WorkerClass0288 WorkerClass0285 WorkerClass0212 WorkerClass0106
class_name,30,420,WorkerClass0420,v1,False,False,1,7,FAILED
class_name,30,420,WorkerClass0420,v2,True,True,6,96,WorkerClass0420 WorkerClass0272 WorkerClass0132 WorkerClass0106 WorkerClass0212 WorkerClass0285
class_name,30,420,WorkerClass0420,oracle,True,True,1,16,WorkerClass0420
class_name,30,224,WorkerClass0224,user_only,False,False,0,0,
class_name,30,224,WorkerClass0224,naive,True,True,21,336,WorkerClass0327 WorkerClass0448 WorkerClass0398 WorkerClass0251 WorkerClass0450 WorkerClass0068 WorkerClass0314 WorkerClass0225 WorkerClass0167 WorkerClass0390 WorkerClass0224 WorkerClass0138 WorkerClass0136 WorkerClass0231 WorkerClass0332 WorkerClass0377 WorkerClass0308 WorkerClass0215 WorkerClass0211 WorkerClass0263 WorkerClass0338
class_name,30,224,WorkerClass0224,v1,False,False,1,7,FAILED
class_name,30,224,WorkerClass0224,v2,True,True,6,96,WorkerClass0224 WorkerClass0308 WorkerClass0068 WorkerClass0338 WorkerClass0263 WorkerClass0211
class_name,30,224,WorkerClass0224,oracle,True,True,1,16,WorkerClass0224
class_name,30,95,WorkerClass0095,user_only,False,False,0,0,
class_name,30,95,WorkerClass0095,naive,True,True,21,336,WorkerClass0223 WorkerClass0326 WorkerClass0255 WorkerClass0266 WorkerClass0366 WorkerClass0265 WorkerClass0129 WorkerClass0161 WorkerClass0364 WorkerClass0445 WorkerClass0095 WorkerClass0298 WorkerClass0068 WorkerClass0184 WorkerClass0211 WorkerClass0125 WorkerClass0168 WorkerClass0226 WorkerClass0149 WorkerClass0368 WorkerClass0118
class_name,30,95,WorkerClass0095,v1,False,False,1,7,FAILED
class_name,30,95,WorkerClass0095,v2,True,True,6,96,WorkerClass0095 WorkerClass0168 WorkerClass0265 WorkerClass0118 WorkerClass0368 WorkerClass0149
class_name,30,95,WorkerClass0095,oracle,True,True,1,16,WorkerClass0095
class_name,30,335,WorkerClass0335,user_only,False,False,0,0,
class_name,30,335,WorkerClass0335,naive,True,True,21,336,WorkerClass0122 WorkerClass0196 WorkerClass0318 WorkerClass0160 WorkerClass0115 WorkerClass0446 WorkerClass0385 WorkerClass0090 WorkerClass0192 WorkerClass0171 WorkerClass0335 WorkerClass0421 WorkerClass0126 WorkerClass0217 WorkerClass0435 WorkerClass0308 WorkerClass0434 WorkerClass0332 WorkerClass0315 WorkerClass0441 WorkerClass0135
class_name,30,335,WorkerClass0335,v1,False,False,1,7,FAILED
class_name,30,335,WorkerClass0335,v2,True,True,6,96,WorkerClass0335 WorkerClass0434 WorkerClass0446 WorkerClass0135 WorkerClass0441 WorkerClass0315
class_name,30,335,WorkerClass0335,oracle,True,True,1,16,WorkerClass0335
class_name,30,325,WorkerClass0325,user_only,False,False,0,0,
class_name,30,325,WorkerClass0325,naive,True,True,21,336,WorkerClass0207 WorkerClass0153 WorkerClass0116 WorkerClass0185 WorkerClass0086 WorkerClass0354 WorkerClass0115 WorkerClass0148 WorkerClass0193 WorkerClass0337 WorkerClass0325 WorkerClass0322 WorkerClass0247 WorkerClass0078 WorkerClass0331 WorkerClass0308 WorkerClass0321 WorkerClass0280 WorkerClass0162 WorkerClass0056 WorkerClass0184
class_name,30,325,WorkerClass0325,v1,False,False,1,7,FAILED
class_name,30,325,WorkerClass0325,v2,True,True,6,96,WorkerClass0325 WorkerClass0321 WorkerClass0354 WorkerClass0184 WorkerClass0056 WorkerClass0162
class_name,30,325,WorkerClass0325,oracle,True,True,1,16,WorkerClass0325
class_name,30,199,WorkerClass0199,user_only,False,False,0,0,
class_name,30,199,WorkerClass0199,naive,True,True,21,336,WorkerClass0384 WorkerClass0308 WorkerClass0269 WorkerClass0345 WorkerClass0354 WorkerClass0110 WorkerClass0344 WorkerClass0439 WorkerClass0425 WorkerClass0339 WorkerClass0199 WorkerClass0078 WorkerClass0203 WorkerClass0349 WorkerClass0247 WorkerClass0407 WorkerClass0318 WorkerClass0309 WorkerClass0393 WorkerClass0436 WorkerClass0124
class_name,30,199,WorkerClass0199,v1,False,False,1,7,FAILED
class_name,30,199,WorkerClass0199,v2,True,True,6,96,WorkerClass0199 WorkerClass0318 WorkerClass0110 WorkerClass0124 WorkerClass0436 WorkerClass0393
class_name,30,199,WorkerClass0199,oracle,True,True,1,16,WorkerClass0199
class_name,30,284,WorkerClass0284,user_only,False,False,0,0,
class_name,30,284,WorkerClass0284,naive,True,True,21,336,WorkerClass0158 WorkerClass0128 WorkerClass0244 WorkerClass0178 WorkerClass0142 WorkerClass0077 WorkerClass0299 WorkerClass0416 WorkerClass0161 WorkerClass0326 WorkerClass0284 WorkerClass0188 WorkerClass0314 WorkerClass0427 WorkerClass0071 WorkerClass0099 WorkerClass0107 WorkerClass0147 WorkerClass0405 WorkerClass0194 WorkerClass0440
class_name,30,284,WorkerClass0284,v1,False,False,1,7,FAILED
class_name,30,284,WorkerClass0284,v2,True,True,6,96,WorkerClass0284 WorkerClass0107 WorkerClass0077 WorkerClass0440 WorkerClass0194 WorkerClass0405
class_name,30,284,WorkerClass0284,oracle,True,True,1,16,WorkerClass0284
class_name,30,122,WorkerClass0122,user_only,False,False,0,0,
class_name,30,122,WorkerClass0122,naive,True,True,21,336,WorkerClass0204 WorkerClass0210 WorkerClass0064 WorkerClass0362 WorkerClass0372 WorkerClass0196 WorkerClass0346 WorkerClass0285 WorkerClass0425 WorkerClass0320 WorkerClass0122 WorkerClass0114 WorkerClass0297 WorkerClass0085 WorkerClass0213 WorkerClass0343 WorkerClass0116 WorkerClass0357 WorkerClass0124 WorkerClass0338 WorkerClass0142
class_name,30,122,WorkerClass0122,v1,False,False,1,7,FAILED
class_name,30,122,WorkerClass0122,v2,True,True,6,96,WorkerClass0122 WorkerClass0116 WorkerClass0196 WorkerClass0142 WorkerClass0338 WorkerClass0124
class_name,30,122,WorkerClass0122,oracle,True,True,1,16,WorkerClass0122
class_name,100,110,WorkerClass0110,user_only,False,False,0,0,
class_name,100,110,WorkerClass0110,naive,True,True,21,336,WorkerClass0265 WorkerClass0072 WorkerClass0185 WorkerClass0424 WorkerClass0094 WorkerClass0128 WorkerClass0271 WorkerClass0189 WorkerClass0431 WorkerClass0329 WorkerClass0110 WorkerClass0389 WorkerClass0435 WorkerClass0448 WorkerClass0203 WorkerClass0314 WorkerClass0187 WorkerClass0449 WorkerClass0269 WorkerClass0340 WorkerClass0062
class_name,100,110,WorkerClass0110,v1,False,False,1,7,FAILED
class_name,100,110,WorkerClass0110,v2,True,True,6,96,WorkerClass0110 WorkerClass0187 WorkerClass0128 WorkerClass0062 WorkerClass0340 WorkerClass0269
class_name,100,110,WorkerClass0110,oracle,True,True,1,16,WorkerClass0110
class_name,100,213,WorkerClass0213,user_only,False,False,0,0,
class_name,100,213,WorkerClass0213,naive,True,True,21,336,WorkerClass0177 WorkerClass0091 WorkerClass0433 WorkerClass0101 WorkerClass0443 WorkerClass0428 WorkerClass0079 WorkerClass0418 WorkerClass0353 WorkerClass0241 WorkerClass0213 WorkerClass0407 WorkerClass0303 WorkerClass0150 WorkerClass0363 WorkerClass0427 WorkerClass0358 WorkerClass0365 WorkerClass0146 WorkerClass0334 WorkerClass0417
class_name,100,213,WorkerClass0213,v1,False,False,1,7,FAILED
class_name,100,213,WorkerClass0213,v2,True,True,6,96,WorkerClass0213 WorkerClass0358 WorkerClass0428 WorkerClass0417 WorkerClass0334 WorkerClass0146
class_name,100,213,WorkerClass0213,oracle,True,True,1,16,WorkerClass0213
class_name,100,307,WorkerClass0307,user_only,False,False,0,0,
class_name,100,307,WorkerClass0307,naive,True,True,21,336,WorkerClass0056 WorkerClass0351 WorkerClass0255 WorkerClass0341 WorkerClass0112 WorkerClass0290 WorkerClass0369 WorkerClass0386 WorkerClass0061 WorkerClass0137 WorkerClass0307 WorkerClass0162 WorkerClass0244 WorkerClass0195 WorkerClass0109 WorkerClass0217 WorkerClass0064 WorkerClass0399 WorkerClass0158 WorkerClass0357 WorkerClass0417
class_name,100,307,WorkerClass0307,v1,False,False,1,7,FAILED
class_name,100,307,WorkerClass0307,v2,True,True,6,96,WorkerClass0307 WorkerClass0064 WorkerClass0290 WorkerClass0417 WorkerClass0357 WorkerClass0158
class_name,100,307,WorkerClass0307,oracle,True,True,1,16,WorkerClass0307
class_name,100,312,WorkerClass0312,user_only,False,False,0,0,
class_name,100,312,WorkerClass0312,naive,True,True,21,336,WorkerClass0325 WorkerClass0372 WorkerClass0254 WorkerClass0074 WorkerClass0162 WorkerClass0182 WorkerClass0293 WorkerClass0253 WorkerClass0053 WorkerClass0173 WorkerClass0312 WorkerClass0192 WorkerClass0059 WorkerClass0239 WorkerClass0054 WorkerClass0444 WorkerClass0107 WorkerClass0062 WorkerClass0330 WorkerClass0339 WorkerClass0422
class_name,100,312,WorkerClass0312,v1,False,False,1,7,FAILED
class_name,100,312,WorkerClass0312,v2,True,True,6,96,WorkerClass0312 WorkerClass0107 WorkerClass0182 WorkerClass0422 WorkerClass0339 WorkerClass0330
class_name,100,312,WorkerClass0312,oracle,True,True,1,16,WorkerClass0312
class_name,100,381,WorkerClass0381,user_only,False,False,0,0,
class_name,100,381,WorkerClass0381,naive,True,True,21,336,WorkerClass0343 WorkerClass0147 WorkerClass0063 WorkerClass0331 WorkerClass0391 WorkerClass0199 WorkerClass0386 WorkerClass0173 WorkerClass0379 WorkerClass0420 WorkerClass0381 WorkerClass0385 WorkerClass0073 WorkerClass0272 WorkerClass0297 WorkerClass0117 WorkerClass0351 WorkerClass0244 WorkerClass0318 WorkerClass0282 WorkerClass0319
class_name,100,381,WorkerClass0381,v1,False,False,1,7,FAILED
class_name,100,381,WorkerClass0381,v2,True,True,6,96,WorkerClass0381 WorkerClass0351 WorkerClass0199 WorkerClass0319 WorkerClass0282 WorkerClass0318
class_name,100,381,WorkerClass0381,oracle,True,True,1,16,WorkerClass0381
class_name,100,102,WorkerClass0102,user_only,False,False,0,0,
class_name,100,102,WorkerClass0102,naive,True,True,21,336,WorkerClass0074 WorkerClass0362 WorkerClass0287 WorkerClass0146 WorkerClass0053 WorkerClass0106 WorkerClass0138 WorkerClass0409 WorkerClass0061 WorkerClass0395 WorkerClass0102 WorkerClass0388 WorkerClass0382 WorkerClass0099 WorkerClass0141 WorkerClass0439 WorkerClass0192 WorkerClass0376 WorkerClass0354 WorkerClass0289 WorkerClass0085
class_name,100,102,WorkerClass0102,v1,False,False,1,7,FAILED
class_name,100,102,WorkerClass0102,v2,True,True,6,96,WorkerClass0102 WorkerClass0192 WorkerClass0106 WorkerClass0085 WorkerClass0289 WorkerClass0354
class_name,100,102,WorkerClass0102,oracle,True,True,1,16,WorkerClass0102
class_name,100,164,WorkerClass0164,user_only,False,False,0,0,
class_name,100,164,WorkerClass0164,naive,True,True,21,336,WorkerClass0155 WorkerClass0063 WorkerClass0293 WorkerClass0195 WorkerClass0336 WorkerClass0175 WorkerClass0314 WorkerClass0337 WorkerClass0310 WorkerClass0266 WorkerClass0164 WorkerClass0180 WorkerClass0128 WorkerClass0441 WorkerClass0397 WorkerClass0318 WorkerClass0246 WorkerClass0140 WorkerClass0102 WorkerClass0193 WorkerClass0148
class_name,100,164,WorkerClass0164,v1,False,False,1,7,FAILED
class_name,100,164,WorkerClass0164,v2,True,True,6,96,WorkerClass0164 WorkerClass0246 WorkerClass0175 WorkerClass0148 WorkerClass0193 WorkerClass0102
class_name,100,164,WorkerClass0164,oracle,True,True,1,16,WorkerClass0164
class_name,100,357,WorkerClass0357,user_only,False,False,0,0,
class_name,100,357,WorkerClass0357,naive,True,True,21,336,WorkerClass0196 WorkerClass0375 WorkerClass0184 WorkerClass0159 WorkerClass0349 WorkerClass0059 WorkerClass0350 WorkerClass0442 WorkerClass0150 WorkerClass0377 WorkerClass0357 WorkerClass0058 WorkerClass0157 WorkerClass0116 WorkerClass0330 WorkerClass0410 WorkerClass0223 WorkerClass0422 WorkerClass0087 WorkerClass0250 WorkerClass0083
class_name,100,357,WorkerClass0357,v1,False,False,1,7,FAILED
class_name,100,357,WorkerClass0357,v2,True,True,6,96,WorkerClass0357 WorkerClass0223 WorkerClass0059 WorkerClass0083 WorkerClass0250 WorkerClass0087
class_name,100,357,WorkerClass0357,oracle,True,True,1,16,WorkerClass0357
class_name,100,368,WorkerClass0368,user_only,False,False,0,0,
class_name,100,368,WorkerClass0368,naive,True,True,21,336,WorkerClass0051 WorkerClass0056 WorkerClass0124 WorkerClass0069 WorkerClass0253 WorkerClass0341 WorkerClass0231 WorkerClass0324 WorkerClass0442 WorkerClass0245 WorkerClass0368 WorkerClass0271 WorkerClass0178 WorkerClass0201 WorkerClass0146 WorkerClass0225 WorkerClass0261 WorkerClass0205 WorkerClass0334 WorkerClass0447 WorkerClass0140
class_name,100,368,WorkerClass0368,v1,False,False,1,7,FAILED
class_name,100,368,WorkerClass0368,v2,True,True,6,96,WorkerClass0368 WorkerClass0261 WorkerClass0341 WorkerClass0140 WorkerClass0447 WorkerClass0334
class_name,100,368,WorkerClass0368,oracle,True,True,1,16,WorkerClass0368
class_name,100,334,WorkerClass0334,user_only,False,False,0,0,
class_name,100,334,WorkerClass0334,naive,True,True,21,336,WorkerClass0162 WorkerClass0422 WorkerClass0120 WorkerClass0115 WorkerClass0401 WorkerClass0090 WorkerClass0201 WorkerClass0384 WorkerClass0391 WorkerClass0324 WorkerClass0334 WorkerClass0213 WorkerClass0071 WorkerClass0289 WorkerClass0442 WorkerClass0065 WorkerClass0147 WorkerClass0427 WorkerClass0291 WorkerClass0102 WorkerClass0200
class_name,100,334,WorkerClass0334,v1,False,False,1,7,FAILED
class_name,100,334,WorkerClass0334,v2,True,True,6,96,WorkerClass0334 WorkerClass0147 WorkerClass0090 WorkerClass0200 WorkerClass0102 WorkerClass0291
class_name,100,334,WorkerClass0334,oracle,True,True,1,16,WorkerClass0334
class_name,100,265,WorkerClass0265,user_only,False,False,0,0,
class_name,100,265,WorkerClass0265,naive,True,True,21,336,WorkerClass0224 WorkerClass0054 WorkerClass0307 WorkerClass0274 WorkerClass0337 WorkerClass0263 WorkerClass0440 WorkerClass0129 WorkerClass0416 WorkerClass0072 WorkerClass0265 WorkerClass0347 WorkerClass0355 WorkerClass0225 WorkerClass0203 WorkerClass0308 WorkerClass0128 WorkerClass0431 WorkerClass0064 WorkerClass0336 WorkerClass0116
class_name,100,265,WorkerClass0265,v1,False,False,1,7,FAILED
class_name,100,265,WorkerClass0265,v2,True,True,6,96,WorkerClass0265 WorkerClass0128 WorkerClass0263 WorkerClass0116 WorkerClass0336 WorkerClass0064
class_name,100,265,WorkerClass0265,oracle,True,True,1,16,WorkerClass0265
class_name,100,343,WorkerClass0343,user_only,False,False,0,0,
class_name,100,343,WorkerClass0343,naive,True,True,21,336,WorkerClass0231 WorkerClass0097 WorkerClass0137 WorkerClass0387 WorkerClass0199 WorkerClass0185 WorkerClass0176 WorkerClass0077 WorkerClass0127 WorkerClass0143 WorkerClass0343 WorkerClass0063 WorkerClass0330 WorkerClass0340 WorkerClass0056 WorkerClass0079 WorkerClass0337 WorkerClass0251 WorkerClass0058 WorkerClass0184 WorkerClass0162
class_name,100,343,WorkerClass0343,v1,False,False,1,7,FAILED
class_name,100,343,WorkerClass0343,v2,True,True,6,96,WorkerClass0343 WorkerClass0337 WorkerClass0185 WorkerClass0162 WorkerClass0184 WorkerClass0058
class_name,100,343,WorkerClass0343,oracle,True,True,1,16,WorkerClass0343
class_name,100,330,WorkerClass0330,user_only,False,False,0,0,
class_name,100,330,WorkerClass0330,naive,True,True,21,336,WorkerClass0314 WorkerClass0087 WorkerClass0276 WorkerClass0254 WorkerClass0431 WorkerClass0138 WorkerClass0125 WorkerClass0427 WorkerClass0150 WorkerClass0331 WorkerClass0330 WorkerClass0176 WorkerClass0356 WorkerClass0298 WorkerClass0215 WorkerClass0106 WorkerClass0110 WorkerClass0174 WorkerClass0308 WorkerClass0448 WorkerClass0325
class_name,100,330,WorkerClass0330,v1,False,False,1,7,FAILED
class_name,100,330,WorkerClass0330,v2,True,True,6,96,WorkerClass0330 WorkerClass0110 WorkerClass0138 WorkerClass0325 WorkerClass0448 WorkerClass0308
class_name,100,330,WorkerClass0330,oracle,True,True,1,16,WorkerClass0330
class_name,100,424,WorkerClass0424,user_only,False,False,0,0,
class_name,100,424,WorkerClass0424,naive,True,True,21,336,WorkerClass0196 WorkerClass0148 WorkerClass0169 WorkerClass0187 WorkerClass0213 WorkerClass0373 WorkerClass0287 WorkerClass0288 WorkerClass0270 WorkerClass0284 WorkerClass0424 WorkerClass0235 WorkerClass0138 WorkerClass0326 WorkerClass0161 WorkerClass0450 WorkerClass0422 WorkerClass0367 WorkerClass0139 WorkerClass0153 WorkerClass0433
class_name,100,424,WorkerClass0424,v1,False,False,1,7,FAILED
class_name,100,424,WorkerClass0424,v2,True,True,6,96,WorkerClass0424 WorkerClass0422 WorkerClass0373 WorkerClass0433 WorkerClass0153 WorkerClass0139
class_name,100,424,WorkerClass0424,oracle,True,True,1,16,WorkerClass0424
class_name,100,447,WorkerClass0447,user_only,False,False,0,0,
class_name,100,447,WorkerClass0447,naive,True,True,21,336,WorkerClass0413 WorkerClass0082 WorkerClass0307 WorkerClass0306 WorkerClass0087 WorkerClass0168 WorkerClass0112 WorkerClass0433 WorkerClass0143 WorkerClass0389 WorkerClass0447 WorkerClass0215 WorkerClass0070 WorkerClass0387 WorkerClass0255 WorkerClass0185 WorkerClass0393 WorkerClass0308 WorkerClass0335 WorkerClass0196 WorkerClass0266
class_name,100,447,WorkerClass0447,v1,False,False,1,7,FAILED
class_name,100,447,WorkerClass0447,v2,True,True,6,96,WorkerClass0447 WorkerClass0393 WorkerClass0168 WorkerClass0266 WorkerClass0196 WorkerClass0335
class_name,100,447,WorkerClass0447,oracle,True,True,1,16,WorkerClass0447
class_name,100,443,WorkerClass0443,user_only,False,False,0,0,
class_name,100,443,WorkerClass0443,naive,True,True,21,336,WorkerClass0245 WorkerClass0396 WorkerClass0214 WorkerClass0156 WorkerClass0254 WorkerClass0123 WorkerClass0231 WorkerClass0066 WorkerClass0268 WorkerClass0340 WorkerClass0443 WorkerClass0372 WorkerClass0336 WorkerClass0426 WorkerClass0284 WorkerClass0157 WorkerClass0248 WorkerClass0312 WorkerClass0216 WorkerClass0093 WorkerClass0065
class_name,100,443,WorkerClass0443,v1,False,False,1,7,FAILED
class_name,100,443,WorkerClass0443,v2,True,True,6,96,WorkerClass0443 WorkerClass0248 WorkerClass0123 WorkerClass0065 WorkerClass0093 WorkerClass0216
class_name,100,443,WorkerClass0443,oracle,True,True,1,16,WorkerClass0443
class_name,100,301,WorkerClass0301,user_only,False,False,0,0,
class_name,100,301,WorkerClass0301,naive,True,True,21,336,WorkerClass0241 WorkerClass0294 WorkerClass0449 WorkerClass0106 WorkerClass0141 WorkerClass0233 WorkerClass0403 WorkerClass0379 WorkerClass0137 WorkerClass0326 WorkerClass0301 WorkerClass0317 WorkerClass0186 WorkerClass0444 WorkerClass0058 WorkerClass0229 WorkerClass0427 WorkerClass0275 WorkerClass0353 WorkerClass0214 WorkerClass0117
class_name,100,301,WorkerClass0301,v1,False,False,1,7,FAILED
class_name,100,301,WorkerClass0301,v2,True,True,6,96,WorkerClass0301 WorkerClass0427 WorkerClass0233 WorkerClass0117 WorkerClass0214 WorkerClass0353
class_name,100,301,WorkerClass0301,oracle,True,True,1,16,WorkerClass0301
class_name,100,434,WorkerClass0434,user_only,False,False,0,0,
class_name,100,434,WorkerClass0434,naive,True,True,21,336,WorkerClass0123 WorkerClass0310 WorkerClass0130 WorkerClass0186 WorkerClass0105 WorkerClass0216 WorkerClass0346 WorkerClass0139 WorkerClass0193 WorkerClass0190 WorkerClass0434 WorkerClass0058 WorkerClass0200 WorkerClass0180 WorkerClass0064 WorkerClass0318 WorkerClass0355 WorkerClass0287 WorkerClass0169 WorkerClass0054 WorkerClass0189
class_name,100,434,WorkerClass0434,v1,False,False,1,7,FAILED
class_name,100,434,WorkerClass0434,v2,True,True,6,96,WorkerClass0434 WorkerClass0355 WorkerClass0216 WorkerClass0189 WorkerClass0054 WorkerClass0169
class_name,100,434,WorkerClass0434,oracle,True,True,1,16,WorkerClass0434
class_name,100,445,WorkerClass0445,user_only,False,False,0,0,
class_name,100,445,WorkerClass0445,naive,True,True,21,336,WorkerClass0140 WorkerClass0229 WorkerClass0068 WorkerClass0336 WorkerClass0176 WorkerClass0405 WorkerClass0354 WorkerClass0227 WorkerClass0157 WorkerClass0420 WorkerClass0445 WorkerClass0368 WorkerClass0369 WorkerClass0390 WorkerClass0353 WorkerClass0362 WorkerClass0215 WorkerClass0216 WorkerClass0155 WorkerClass0230 WorkerClass0174
class_name,100,445,WorkerClass0445,v1,False,False,1,7,FAILED
class_name,100,445,WorkerClass0445,v2,True,True,6,96,WorkerClass0445 WorkerClass0215 WorkerClass0405 WorkerClass0174 WorkerClass0230 WorkerClass0155
class_name,100,445,WorkerClass0445,oracle,True,True,1,16,WorkerClass0445
class_name,100,350,WorkerClass0350,user_only,False,False,0,0,
class_name,100,350,WorkerClass0350,naive,True,True,21,336,WorkerClass0345 WorkerClass0296 WorkerClass0316 WorkerClass0102 WorkerClass0054 WorkerClass0221 WorkerClass0063 WorkerClass0335 WorkerClass0315 WorkerClass0252 WorkerClass0350 WorkerClass0271 WorkerClass0119 WorkerClass0289 WorkerClass0182 WorkerClass0092 WorkerClass0135 WorkerClass0404 WorkerClass0158 WorkerClass0436 WorkerClass0346
class_name,100,350,WorkerClass0350,v1,False,False,1,7,FAILED
class_name,100,350,WorkerClass0350,v2,True,True,6,96,WorkerClass0350 WorkerClass0135 WorkerClass0221 WorkerClass0346 WorkerClass0436 WorkerClass0158
class_name,100,350,WorkerClass0350,oracle,True,True,1,16,WorkerClass0350
class_name,100,275,WorkerClass0275,user_only,False,False,0,0,
class_name,100,275,WorkerClass0275,naive,True,True,21,336,WorkerClass0390 WorkerClass0072 WorkerClass0382 WorkerClass0314 WorkerClass0234 WorkerClass0187 WorkerClass0140 WorkerClass0207 WorkerClass0184 WorkerClass0319 WorkerClass0275 WorkerClass0090 WorkerClass0180 WorkerClass0225 WorkerClass0068 WorkerClass0443 WorkerClass0218 WorkerClass0132 WorkerClass0287 WorkerClass0078 WorkerClass0423
class_name,100,275,WorkerClass0275,v1,False,False,1,7,FAILED
class_name,100,275,WorkerClass0275,v2,True,True,6,96,WorkerClass0275 WorkerClass0218 WorkerClass0187 WorkerClass0423 WorkerClass0078 WorkerClass0287
class_name,100,275,WorkerClass0275,oracle,True,True,1,16,WorkerClass0275
class_name,100,172,WorkerClass0172,user_only,False,False,0,0,
class_name,100,172,WorkerClass0172,naive,True,True,21,336,WorkerClass0331 WorkerClass0214 WorkerClass0367 WorkerClass0438 WorkerClass0299 WorkerClass0210 WorkerClass0389 WorkerClass0376 WorkerClass0174 WorkerClass0341 WorkerClass0172 WorkerClass0350 WorkerClass0209 WorkerClass0119 WorkerClass0287 WorkerClass0149 WorkerClass0078 WorkerClass0201 WorkerClass0160 WorkerClass0426 WorkerClass0086
class_name,100,172,WorkerClass0172,v1,False,False,1,7,FAILED
class_name,100,172,WorkerClass0172,v2,True,True,6,96,WorkerClass0172 WorkerClass0078 WorkerClass0210 WorkerClass0086 WorkerClass0426 WorkerClass0160
class_name,100,172,WorkerClass0172,oracle,True,True,1,16,WorkerClass0172
class_name,100,51,WorkerClass0051,user_only,True,False,0,0,
class_name,100,51,WorkerClass0051,naive,True,True,21,336,WorkerClass0184 WorkerClass0089 WorkerClass0061 WorkerClass0060 WorkerClass0376 WorkerClass0420 WorkerClass0306 WorkerClass0349 WorkerClass0143 WorkerClass0362 WorkerClass0051 WorkerClass0110 WorkerClass0256 WorkerClass0081 WorkerClass0240 WorkerClass0294 WorkerClass0357 WorkerClass0258 WorkerClass0112 WorkerClass0170 WorkerClass0287
class_name,100,51,WorkerClass0051,v1,True,False,1,7,FAILED
class_name,100,51,WorkerClass0051,v2,True,True,6,96,WorkerClass0051 WorkerClass0357 WorkerClass0420 WorkerClass0287 WorkerClass0170 WorkerClass0112
class_name,100,51,WorkerClass0051,oracle,True,True,1,16,WorkerClass0051
class_name,100,364,WorkerClass0364,user_only,False,False,0,0,
class_name,100,364,WorkerClass0364,naive,True,True,21,336,WorkerClass0422 WorkerClass0412 WorkerClass0069 WorkerClass0333 WorkerClass0374 WorkerClass0425 WorkerClass0157 WorkerClass0184 WorkerClass0320 WorkerClass0190 WorkerClass0364 WorkerClass0082 WorkerClass0390 WorkerClass0442 WorkerClass0100 WorkerClass0223 WorkerClass0341 WorkerClass0241 WorkerClass0257 WorkerClass0359 WorkerClass0092
class_name,100,364,WorkerClass0364,v1,False,False,1,7,FAILED
class_name,100,364,WorkerClass0364,v2,True,True,6,96,WorkerClass0364 WorkerClass0341 WorkerClass0425 WorkerClass0092 WorkerClass0359 WorkerClass0257
class_name,100,364,WorkerClass0364,oracle,True,True,1,16,WorkerClass0364
class_name,100,91,WorkerClass0091,user_only,True,False,0,0,
class_name,100,91,WorkerClass0091,naive,True,True,21,336,WorkerClass0166 WorkerClass0175 WorkerClass0357 WorkerClass0167 WorkerClass0337 WorkerClass0425 WorkerClass0236 WorkerClass0377 WorkerClass0197 WorkerClass0437 WorkerClass0091 WorkerClass0411 WorkerClass0233 WorkerClass0309 WorkerClass0400 WorkerClass0375 WorkerClass0071 WorkerClass0115 WorkerClass0443 WorkerClass0160 WorkerClass0329
class_name,100,91,WorkerClass0091,v1,True,False,1,7,FAILED
class_name,100,91,WorkerClass0091,v2,True,True,6,96,WorkerClass0091 WorkerClass0071 WorkerClass0425 WorkerClass0329 WorkerClass0160 WorkerClass0443
class_name,100,91,WorkerClass0091,oracle,True,True,1,16,WorkerClass0091
class_name,100,106,WorkerClass0106,user_only,False,False,0,0,
class_name,100,106,WorkerClass0106,naive,True,True,21,336,WorkerClass0216 WorkerClass0083 WorkerClass0135 WorkerClass0143 WorkerClass0418 WorkerClass0160 WorkerClass0215 WorkerClass0290 WorkerClass0319 WorkerClass0342 WorkerClass0106 WorkerClass0267 WorkerClass0296 WorkerClass0212 WorkerClass0359 WorkerClass0239 WorkerClass0227 WorkerClass0182 WorkerClass0317 WorkerClass0138 WorkerClass0150
class_name,100,106,WorkerClass0106,v1,False,False,1,7,FAILED
class_name,100,106,WorkerClass0106,v2,True,True,6,96,WorkerClass0106 WorkerClass0227 WorkerClass0160 WorkerClass0150 WorkerClass0138 WorkerClass0317
class_name,100,106,WorkerClass0106,oracle,True,True,1,16,WorkerClass0106
class_name,100,197,WorkerClass0197,user_only,False,False,0,0,
class_name,100,197,WorkerClass0197,naive,True,True,21,336,WorkerClass0052 WorkerClass0323 WorkerClass0303 WorkerClass0057 WorkerClass0314 WorkerClass0267 WorkerClass0152 WorkerClass0131 WorkerClass0115 WorkerClass0260 WorkerClass0197 WorkerClass0401 WorkerClass0155 WorkerClass0207 WorkerClass0423 WorkerClass0127 WorkerClass0402 WorkerClass0281 WorkerClass0360 WorkerClass0156 WorkerClass0306
class_name,100,197,WorkerClass0197,v1,False,False,1,7,FAILED
class_name,100,197,WorkerClass0197,v2,True,True,6,96,WorkerClass0197 WorkerClass0402 WorkerClass0267 WorkerClass0306 WorkerClass0156 WorkerClass0360
class_name,100,197,WorkerClass0197,oracle,True,True,1,16,WorkerClass0197
class_name,100,100,WorkerClass0100,user_only,False,False,0,0,
class_name,100,100,WorkerClass0100,naive,True,True,21,336,WorkerClass0336 WorkerClass0238 WorkerClass0130 WorkerClass0422 WorkerClass0250 WorkerClass0417 WorkerClass0194 WorkerClass0053 WorkerClass0068 WorkerClass0129 WorkerClass0100 WorkerClass0071 WorkerClass0312 WorkerClass0142 WorkerClass0067 WorkerClass0221 WorkerClass0114 WorkerClass0259 WorkerClass0108 WorkerClass0159 WorkerClass0065
class_name,100,100,WorkerClass0100,v1,False,False,1,7,FAILED
class_name,100,100,WorkerClass0100,v2,True,True,6,96,WorkerClass0100 WorkerClass0114 WorkerClass0417 WorkerClass0065 WorkerClass0159 WorkerClass0108
class_name,100,100,WorkerClass0100,oracle,True,True,1,16,WorkerClass0100
class_name,100,280,WorkerClass0280,user_only,False,False,0,0,
class_name,100,280,WorkerClass0280,naive,True,True,21,336,WorkerClass0116 WorkerClass0299 WorkerClass0275 WorkerClass0307 WorkerClass0267 WorkerClass0156 WorkerClass0423 WorkerClass0056 WorkerClass0435 WorkerClass0190 WorkerClass0280 WorkerClass0346 WorkerClass0154 WorkerClass0290 WorkerClass0174 WorkerClass0445 WorkerClass0200 WorkerClass0408 WorkerClass0366 WorkerClass0215 WorkerClass0204
class_name,100,280,WorkerClass0280,v1,False,False,1,7,FAILED
class_name,100,280,WorkerClass0280,v2,True,True,6,96,WorkerClass0280 WorkerClass0200 WorkerClass0156 WorkerClass0204 WorkerClass0215 WorkerClass0366
class_name,100,280,WorkerClass0280,oracle,True,True,1,16,WorkerClass0280
class_name,100,55,WorkerClass0055,user_only,True,False,0,0,
class_name,100,55,WorkerClass0055,naive,True,True,21,336,WorkerClass0070 WorkerClass0184 WorkerClass0118 WorkerClass0325 WorkerClass0385 WorkerClass0363 WorkerClass0260 WorkerClass0270 WorkerClass0218 WorkerClass0097 WorkerClass0055 WorkerClass0443 WorkerClass0185 WorkerClass0110 WorkerClass0096 WorkerClass0321 WorkerClass0207 WorkerClass0169 WorkerClass0236 WorkerClass0156 WorkerClass0312
class_name,100,55,WorkerClass0055,v1,True,False,1,7,FAILED
class_name,100,55,WorkerClass0055,v2,True,True,6,96,WorkerClass0055 WorkerClass0207 WorkerClass0363 WorkerClass0312 WorkerClass0156 WorkerClass0236
class_name,100,55,WorkerClass0055,oracle,True,True,1,16,WorkerClass0055
class_name,100,400,WorkerClass0400,user_only,False,False,0,0,
class_name,100,400,WorkerClass0400,naive,True,True,21,336,WorkerClass0311 WorkerClass0132 WorkerClass0406 WorkerClass0069 WorkerClass0317 WorkerClass0283 WorkerClass0337 WorkerClass0355 WorkerClass0257 WorkerClass0275 WorkerClass0400 WorkerClass0221 WorkerClass0447 WorkerClass0246 WorkerClass0062 WorkerClass0090 WorkerClass0078 WorkerClass0227 WorkerClass0171 WorkerClass0091 WorkerClass0240
class_name,100,400,WorkerClass0400,v1,False,False,1,7,FAILED
class_name,100,400,WorkerClass0400,v2,True,True,6,96,WorkerClass0400 WorkerClass0078 WorkerClass0283 WorkerClass0240 WorkerClass0091 WorkerClass0171
class_name,100,400,WorkerClass0400,oracle,True,True,1,16,WorkerClass0400
class_name,100,397,WorkerClass0397,user_only,False,False,0,0,
class_name,100,397,WorkerClass0397,naive,True,True,21,336,WorkerClass0097 WorkerClass0428 WorkerClass0073 WorkerClass0099 WorkerClass0383 WorkerClass0149 WorkerClass0131 WorkerClass0211 WorkerClass0163 WorkerClass0429 WorkerClass0397 WorkerClass0356 WorkerClass0102 WorkerClass0328 WorkerClass0161 WorkerClass0110 WorkerClass0142 WorkerClass0400 WorkerClass0136 WorkerClass0143 WorkerClass0223
class_name,100,397,WorkerClass0397,v1,False,False,1,7,FAILED
class_name,100,397,WorkerClass0397,v2,True,True,6,96,WorkerClass0397 WorkerClass0142 WorkerClass0149 WorkerClass0223 WorkerClass0143 WorkerClass0136
class_name,100,397,WorkerClass0397,oracle,True,True,1,16,WorkerClass0397
class_name,100,210,WorkerClass0210,user_only,False,False,0,0,
class_name,100,210,WorkerClass0210,naive,True,True,21,336,WorkerClass0067 WorkerClass0227 WorkerClass0130 WorkerClass0201 WorkerClass0300 WorkerClass0287 WorkerClass0237 WorkerClass0080 WorkerClass0438 WorkerClass0322 WorkerClass0210 WorkerClass0261 WorkerClass0329 WorkerClass0395 WorkerClass0078 WorkerClass0197 WorkerClass0391 WorkerClass0111 WorkerClass0365 WorkerClass0236 WorkerClass0378
class_name,100,210,WorkerClass0210,v1,False,False,1,7,FAILED
class_name,100,210,WorkerClass0210,v2,True,True,6,96,WorkerClass0210 WorkerClass0391 WorkerClass0287 WorkerClass0378 WorkerClass0236 WorkerClass0365
class_name,100,210,WorkerClass0210,oracle,True,True,1,16,WorkerClass0210
class_name,100,157,WorkerClass0157,user_only,False,False,0,0,
class_name,100,157,WorkerClass0157,naive,True,True,21,336,WorkerClass0318 WorkerClass0091 WorkerClass0164 WorkerClass0095 WorkerClass0235 WorkerClass0434 WorkerClass0448 WorkerClass0156 WorkerClass0193 WorkerClass0102 WorkerClass0157 WorkerClass0415 WorkerClass0410 WorkerClass0061 WorkerClass0192 WorkerClass0054 WorkerClass0328 WorkerClass0346 WorkerClass0238 WorkerClass0377 WorkerClass0423
class_name,100,157,WorkerClass0157,v1,False,False,1,7,FAILED
class_name,100,157,WorkerClass0157,v2,True,True,6,96,WorkerClass0157 WorkerClass0328 WorkerClass0434 WorkerClass0423 WorkerClass0377 WorkerClass0238
class_name,100,157,WorkerClass0157,oracle,True,True,1,16,WorkerClass0157
class_name,100,253,WorkerClass0253,user_only,False,False,0,0,
class_name,100,253,WorkerClass0253,naive,True,True,21,336,WorkerClass0217 WorkerClass0324 WorkerClass0224 WorkerClass0164 WorkerClass0058 WorkerClass0363 WorkerClass0150 WorkerClass0073 WorkerClass0303 WorkerClass0229 WorkerClass0253 WorkerClass0355 WorkerClass0385 WorkerClass0374 WorkerClass0168 WorkerClass0083 WorkerClass0292 WorkerClass0157 WorkerClass0313 WorkerClass0316 WorkerClass0227
class_name,100,253,WorkerClass0253,v1,False,False,1,7,FAILED
class_name,100,253,WorkerClass0253,v2,True,True,6,96,WorkerClass0253 WorkerClass0292 WorkerClass0363 WorkerClass0227 WorkerClass0316 WorkerClass0313
class_name,100,253,WorkerClass0253,oracle,True,True,1,16,WorkerClass0253
class_name,100,178,WorkerClass0178,user_only,False,False,0,0,
class_name,100,178,WorkerClass0178,naive,True,True,21,336,WorkerClass0246 WorkerClass0248 WorkerClass0435 WorkerClass0236 WorkerClass0201 WorkerClass0161 WorkerClass0418 WorkerClass0215 WorkerClass0396 WorkerClass0341 WorkerClass0178 WorkerClass0204 WorkerClass0080 WorkerClass0148 WorkerClass0187 WorkerClass0256 WorkerClass0074 WorkerClass0253 WorkerClass0139 WorkerClass0440 WorkerClass0284
class_name,100,178,WorkerClass0178,v1,False,False,1,7,FAILED
class_name,100,178,WorkerClass0178,v2,True,True,6,96,WorkerClass0178 WorkerClass0074 WorkerClass0161 WorkerClass0284 WorkerClass0440 WorkerClass0139
class_name,100,178,WorkerClass0178,oracle,True,True,1,16,WorkerClass0178
class_name,100,228,WorkerClass0228,user_only,False,False,0,0,
class_name,100,228,WorkerClass0228,naive,True,True,21,336,WorkerClass0310 WorkerClass0438 WorkerClass0075 WorkerClass0392 WorkerClass0303 WorkerClass0183 WorkerClass0168 WorkerClass0219 WorkerClass0178 WorkerClass0329 WorkerClass0228 WorkerClass0159 WorkerClass0136 WorkerClass0094 WorkerClass0147 WorkerClass0435 WorkerClass0342 WorkerClass0385 WorkerClass0353 WorkerClass0421 WorkerClass0437
class_name,100,228,WorkerClass0228,v1,False,False,1,7,FAILED
class_name,100,228,WorkerClass0228,v2,True,True,6,96,WorkerClass0228 WorkerClass0342 WorkerClass0183 WorkerClass0437 WorkerClass0421 WorkerClass0353
class_name,100,228,WorkerClass0228,oracle,True,True,1,16,WorkerClass0228
class_name,100,232,WorkerClass0232,user_only,False,False,0,0,
class_name,100,232,WorkerClass0232,naive,True,True,21,336,WorkerClass0094 WorkerClass0449 WorkerClass0121 WorkerClass0375 WorkerClass0360 WorkerClass0314 WorkerClass0367 WorkerClass0179 WorkerClass0260 WorkerClass0413 WorkerClass0232 WorkerClass0336 WorkerClass0410 WorkerClass0106 WorkerClass0080 WorkerClass0207 WorkerClass0400 WorkerClass0271 WorkerClass0141 WorkerClass0220 WorkerClass0165
class_name,100,232,WorkerClass0232,v1,False,False,1,7,FAILED
class_name,100,232,WorkerClass0232,v2,True,True,6,96,WorkerClass0232 WorkerClass0400 WorkerClass0314 WorkerClass0165 WorkerClass0220 WorkerClass0141
class_name,100,232,WorkerClass0232,oracle,True,True,1,16,WorkerClass0232
class_name,100,242,WorkerClass0242,user_only,False,False,0,0,
class_name,100,242,WorkerClass0242,naive,True,True,21,336,WorkerClass0182 WorkerClass0305 WorkerClass0093 WorkerClass0292 WorkerClass0373 WorkerClass0215 WorkerClass0432 WorkerClass0161 WorkerClass0225 WorkerClass0338 WorkerClass0242 WorkerClass0138 WorkerClass0086 WorkerClass0320 WorkerClass0353 WorkerClass0259 WorkerClass0427 WorkerClass0269 WorkerClass0374 WorkerClass0405 WorkerClass0221
class_name,100,242,WorkerClass0242,v1,False,False,1,7,FAILED
class_name,100,242,WorkerClass0242,v2,True,True,6,96,WorkerClass0242 WorkerClass0427 WorkerClass0215 WorkerClass0221 WorkerClass0405 WorkerClass0374
class_name,100,242,WorkerClass0242,oracle,True,True,1,16,WorkerClass0242
class_name,100,431,WorkerClass0431,user_only,False,False,0,0,
class_name,100,431,WorkerClass0431,naive,True,True,21,336,WorkerClass0357 WorkerClass0359 WorkerClass0210 WorkerClass0326 WorkerClass0424 WorkerClass0301 WorkerClass0113 WorkerClass0088 WorkerClass0159 WorkerClass0078 WorkerClass0431 WorkerClass0144 WorkerClass0068 WorkerClass0273 WorkerClass0229 WorkerClass0087 WorkerClass0211 WorkerClass0329 WorkerClass0342 WorkerClass0365 WorkerClass0132
class_name,100,431,WorkerClass0431,v1,False,False,1,7,FAILED
class_name,100,431,WorkerClass0431,v2,True,True,6,96,WorkerClass0431 WorkerClass0211 WorkerClass0301 WorkerClass0132 WorkerClass0365 WorkerClass0342
class_name,100,431,WorkerClass0431,oracle,True,True,1,16,WorkerClass0431
class_name,100,376,WorkerClass0376,user_only,False,False,0,0,
class_name,100,376,WorkerClass0376,naive,True,True,21,336,WorkerClass0070 WorkerClass0077 WorkerClass0051 WorkerClass0418 WorkerClass0450 WorkerClass0269 WorkerClass0313 WorkerClass0375 WorkerClass0081 WorkerClass0388 WorkerClass0376 WorkerClass0149 WorkerClass0220 WorkerClass0058 WorkerClass0337 WorkerClass0096 WorkerClass0349 WorkerClass0116 WorkerClass0187 WorkerClass0143 WorkerClass0173
class_name,100,376,WorkerClass0376,v1,False,False,1,7,FAILED
class_name,100,376,WorkerClass0376,v2,True,True,6,96,WorkerClass0376 WorkerClass0349 WorkerClass0269 WorkerClass0173 WorkerClass0143 WorkerClass0187
class_name,100,376,WorkerClass0376,oracle,True,True,1,16,WorkerClass0376
class_name,100,89,WorkerClass0089,user_only,True,False,0,0,
class_name,100,89,WorkerClass0089,naive,True,True,21,336,WorkerClass0225 WorkerClass0050 WorkerClass0234 WorkerClass0326 WorkerClass0114 WorkerClass0274 WorkerClass0061 WorkerClass0360 WorkerClass0248 WorkerClass0315 WorkerClass0089 WorkerClass0129 WorkerClass0441 WorkerClass0139 WorkerClass0362 WorkerClass0122 WorkerClass0116 WorkerClass0417 WorkerClass0347 WorkerClass0218 WorkerClass0115
class_name,100,89,WorkerClass0089,v1,True,False,1,7,FAILED
class_name,100,89,WorkerClass0089,v2,True,True,6,96,WorkerClass0089 WorkerClass0116 WorkerClass0274 WorkerClass0115 WorkerClass0218 WorkerClass0347
class_name,100,89,WorkerClass0089,oracle,True,True,1,16,WorkerClass0089
class_name,100,420,WorkerClass0420,user_only,False,False,0,0,
class_name,100,420,WorkerClass0420,naive,True,True,21,336,WorkerClass0067 WorkerClass0092 WorkerClass0395 WorkerClass0054 WorkerClass0397 WorkerClass0403 WorkerClass0375 WorkerClass0233 WorkerClass0381 WorkerClass0168 WorkerClass0420 WorkerClass0311 WorkerClass0195 WorkerClass0239 WorkerClass0107 WorkerClass0427 WorkerClass0227 WorkerClass0171 WorkerClass0069 WorkerClass0304 WorkerClass0257
class_name,100,420,WorkerClass0420,v1,False,False,1,7,FAILED
class_name,100,420,WorkerClass0420,v2,True,True,6,96,WorkerClass0420 WorkerClass0227 WorkerClass0403 WorkerClass0257 WorkerClass0304 WorkerClass0069
class_name,100,420,WorkerClass0420,oracle,True,True,1,16,WorkerClass0420
class_name,100,224,WorkerClass0224,user_only,False,False,0,0,
class_name,100,224,WorkerClass0224,naive,True,True,21,336,WorkerClass0092 WorkerClass0394 WorkerClass0266 WorkerClass0108 WorkerClass0341 WorkerClass0218 WorkerClass0124 WorkerClass0165 WorkerClass0419 WorkerClass0317 WorkerClass0224 WorkerClass0053 WorkerClass0232 WorkerClass0344 WorkerClass0142 WorkerClass0318 WorkerClass0116 WorkerClass0395 WorkerClass0107 WorkerClass0255 WorkerClass0345
class_name,100,224,WorkerClass0224,v1,False,False,1,7,FAILED
class_name,100,224,WorkerClass0224,v2,True,True,6,96,WorkerClass0224 WorkerClass0116 WorkerClass0218 WorkerClass0345 WorkerClass0255 WorkerClass0107
class_name,100,224,WorkerClass0224,oracle,True,True,1,16,WorkerClass0224
class_name,100,95,WorkerClass0095,user_only,True,False,0,0,
class_name,100,95,WorkerClass0095,naive,True,True,21,336,WorkerClass0335 WorkerClass0056 WorkerClass0135 WorkerClass0120 WorkerClass0371 WorkerClass0354 WorkerClass0328 WorkerClass0125 WorkerClass0061 WorkerClass0235 WorkerClass0095 WorkerClass0257 WorkerClass0441 WorkerClass0315 WorkerClass0435 WorkerClass0072 WorkerClass0196 WorkerClass0325 WorkerClass0145 WorkerClass0366 WorkerClass0419
class_name,100,95,WorkerClass0095,v1,True,False,1,7,FAILED
class_name,100,95,WorkerClass0095,v2,True,True,6,96,WorkerClass0095 WorkerClass0196 WorkerClass0354 WorkerClass0419 WorkerClass0366 WorkerClass0145
class_name,100,95,WorkerClass0095,oracle,True,True,1,16,WorkerClass0095
class_name,100,335,WorkerClass0335,user_only,False,False,0,0,
class_name,100,335,WorkerClass0335,naive,True,True,21,336,WorkerClass0148 WorkerClass0413 WorkerClass0292 WorkerClass0183 WorkerClass0286 WorkerClass0201 WorkerClass0167 WorkerClass0218 WorkerClass0371 WorkerClass0306 WorkerClass0335 WorkerClass0325 WorkerClass0416 WorkerClass0299 WorkerClass0243 WorkerClass0433 WorkerClass0121 WorkerClass0308 WorkerClass0351 WorkerClass0331 WorkerClass0260
class_name,100,335,WorkerClass0335,v1,False,False,1,7,FAILED
class_name,100,335,WorkerClass0335,v2,True,True,6,96,WorkerClass0335 WorkerClass0121 WorkerClass0201 WorkerClass0260 WorkerClass0331 WorkerClass0351
class_name,100,335,WorkerClass0335,oracle,True,True,1,16,WorkerClass0335
class_name,100,325,WorkerClass0325,user_only,False,False,0,0,
class_name,100,325,WorkerClass0325,naive,True,True,21,336,WorkerClass0321 WorkerClass0172 WorkerClass0386 WorkerClass0348 WorkerClass0102 WorkerClass0310 WorkerClass0163 WorkerClass0374 WorkerClass0052 WorkerClass0408 WorkerClass0325 WorkerClass0275 WorkerClass0188 WorkerClass0134 WorkerClass0378 WorkerClass0140 WorkerClass0097 WorkerClass0446 WorkerClass0114 WorkerClass0212 WorkerClass0438
class_name,100,325,WorkerClass0325,v1,False,False,1,7,FAILED
class_name,100,325,WorkerClass0325,v2,True,True,6,96,WorkerClass0325 WorkerClass0097 WorkerClass0310 WorkerClass0438 WorkerClass0212 WorkerClass0114
class_name,100,325,WorkerClass0325,oracle,True,True,1,16,WorkerClass0325
class_name,100,199,WorkerClass0199,user_only,False,False,0,0,
class_name,100,199,WorkerClass0199,naive,True,True,21,336,WorkerClass0412 WorkerClass0370 WorkerClass0276 WorkerClass0094 WorkerClass0209 WorkerClass0250 WorkerClass0421 WorkerClass0348 WorkerClass0198 WorkerClass0377 WorkerClass0199 WorkerClass0167 WorkerClass0339 WorkerClass0188 WorkerClass0272 WorkerClass0068 WorkerClass0202 WorkerClass0141 WorkerClass0442 WorkerClass0450 WorkerClass0126
class_name,100,199,WorkerClass0199,v1,False,False,1,7,FAILED
class_name,100,199,WorkerClass0199,v2,True,True,6,96,WorkerClass0199 WorkerClass0202 WorkerClass0250 WorkerClass0126 WorkerClass0450 WorkerClass0442
class_name,100,199,WorkerClass0199,oracle,True,True,1,16,WorkerClass0199
class_name,100,284,WorkerClass0284,user_only,False,False,0,0,
class_name,100,284,WorkerClass0284,naive,True,True,21,336,WorkerClass0331 WorkerClass0330 WorkerClass0339 WorkerClass0193 WorkerClass0103 WorkerClass0234 WorkerClass0381 WorkerClass0392 WorkerClass0365 WorkerClass0176 WorkerClass0284 WorkerClass0138 WorkerClass0373 WorkerClass0345 WorkerClass0429 WorkerClass0202 WorkerClass0385 WorkerClass0110 WorkerClass0186 WorkerClass0350 WorkerClass0441
class_name,100,284,WorkerClass0284,v1,False,False,1,7,FAILED
class_name,100,284,WorkerClass0284,v2,True,True,6,96,WorkerClass0284 WorkerClass0385 WorkerClass0234 WorkerClass0441 WorkerClass0350 WorkerClass0186
class_name,100,284,WorkerClass0284,oracle,True,True,1,16,WorkerClass0284
class_name,100,122,WorkerClass0122,user_only,False,False,0,0,
class_name,100,122,WorkerClass0122,naive,True,True,21,336,WorkerClass0311 WorkerClass0207 WorkerClass0173 WorkerClass0346 WorkerClass0367 WorkerClass0094 WorkerClass0151 WorkerClass0379 WorkerClass0385 WorkerClass0331 WorkerClass0122 WorkerClass0226 WorkerClass0427 WorkerClass0245 WorkerClass0191 WorkerClass0350 WorkerClass0320 WorkerClass0310 WorkerClass0428 WorkerClass0288 WorkerClass0170
class_name,100,122,WorkerClass0122,v1,False,False,1,7,FAILED
class_name,100,122,WorkerClass0122,v2,True,True,6,96,WorkerClass0122 WorkerClass0320 WorkerClass0094 WorkerClass0170 WorkerClass0288 WorkerClass0428
class_name,100,122,WorkerClass0122,oracle,True,True,1,16,WorkerClass0122
