category,budget,position,needle,condition,preserved,needle_selected,candidate_count,selected_candidates
request_explicit,10,76,req-0076,user_only,False,False,0,
request_explicit,10,76,req-0076,naive,True,True,16,req-0274 req-0447 req-0095 req-0356 req-0244 req-0086 req-0053 req-0212 req-0076 req-0425 req-0280 req-0103 req-0072 req-0098 req-0392 req-0123
request_explicit,10,76,req-0076,bridge,True,True,6,req-0076 req-0123 req-0392 req-0098 req-0072 req-0103
request_explicit,10,76,req-0076,oracle,True,True,1,req-0076
request_explicit,10,187,req-0187,user_only,False,False,0,
request_explicit,10,187,req-0187,naive,True,True,16,req-0114 req-0060 req-0200 req-0271 req-0344 req-0295 req-0185 req-0291 req-0187 req-0068 req-0444 req-0207 req-0226 req-0318 req-0298 req-0155
request_explicit,10,187,req-0187,bridge,True,True,6,req-0187 req-0155 req-0298 req-0318 req-0226 req-0207
request_explicit,10,187,req-0187,oracle,True,True,1,req-0187
request_explicit,10,94,req-0094,user_only,False,False,0,
request_explicit,10,94,req-0094,naive,True,True,16,req-0362 req-0378 req-0320 req-0340 req-0212 req-0056 req-0254 req-0444 req-0094 req-0381 req-0313 req-0273 req-0401 req-0326 req-0377 req-0392
request_explicit,10,94,req-0094,bridge,True,True,6,req-0094 req-0392 req-0377 req-0326 req-0401 req-0273
request_explicit,10,94,req-0094,oracle,True,True,1,req-0094
request_explicit,10,443,req-0443,user_only,False,False,0,
request_explicit,10,443,req-0443,naive,False,True,16,req-0355 req-0298 req-0316 req-0392 req-0264 req-0241 req-0311 req-0066 req-0443 req-0436 req-0380 req-0142 req-0421 req-0092 req-0299 req-0386
request_explicit,10,443,req-0443,bridge,True,True,6,req-0443 req-0386 req-0299 req-0092 req-0421 req-0142
request_explicit,10,443,req-0443,oracle,True,True,1,req-0443
request_explicit,10,258,req-0258,user_only,False,False,0,
request_explicit,10,258,req-0258,naive,False,True,16,req-0184 req-0137 req-0221 req-0222 req-0334 req-0250 req-0087 req-0421 req-0258 req-0284 req-0248 req-0344 req-0449 req-0058 req-0146 req-0351
request_explicit,10,258,req-0258,bridge,True,True,6,req-0258 req-0351 req-0146 req-0058 req-0449 req-0344
request_explicit,10,258,req-0258,oracle,True,True,1,req-0258
request_explicit,10,186,req-0186,user_only,False,False,0,
request_explicit,10,186,req-0186,naive,True,True,16,req-0095 req-0372 req-0237 req-0056 req-0231 req-0167 req-0258 req-0323 req-0186 req-0307 req-0421 req-0080 req-0378 req-0198 req-0304 req-0442
request_explicit,10,186,req-0186,bridge,True,True,6,req-0186 req-0442 req-0304 req-0198 req-0378 req-0080
request_explicit,10,186,req-0186,oracle,True,True,1,req-0186
request_explicit,10,105,req-0105,user_only,False,False,0,
request_explicit,10,105,req-0105,naive,True,True,16,req-0373 req-0419 req-0170 req-0329 req-0298 req-0141 req-0129 req-0325 req-0105 req-0278 req-0244 req-0435 req-0287 req-0072 req-0055 req-0119
request_explicit,10,105,req-0105,bridge,True,True,6,req-0105 req-0119 req-0055 req-0072 req-0287 req-0435
request_explicit,10,105,req-0105,oracle,True,True,1,req-0105
request_explicit,10,69,req-0069,user_only,False,False,0,
request_explicit,10,69,req-0069,naive,True,True,16,req-0284 req-0149 req-0060 req-0182 req-0231 req-0401 req-0190 req-0273 req-0069 req-0375 req-0266 req-0050 req-0106 req-0367 req-0083 req-0312
request_explicit,10,69,req-0069,bridge,True,True,6,req-0069 req-0312 req-0083 req-0367 req-0106 req-0050
request_explicit,10,69,req-0069,oracle,True,True,1,req-0069
request_explicit,10,244,req-0244,user_only,False,False,0,
request_explicit,10,244,req-0244,naive,False,True,16,req-0231 req-0413 req-0095 req-0092 req-0272 req-0054 req-0325 req-0243 req-0244 req-0087 req-0330 req-0406 req-0376 req-0257 req-0064 req-0215
request_explicit,10,244,req-0244,bridge,True,True,6,req-0244 req-0215 req-0064 req-0257 req-0376 req-0406
request_explicit,10,244,req-0244,oracle,True,True,1,req-0244
request_explicit,10,324,req-0324,user_only,False,False,0,
request_explicit,10,324,req-0324,naive,False,True,16,req-0184 req-0291 req-0066 req-0435 req-0338 req-0221 req-0262 req-0228 req-0324 req-0062 req-0378 req-0376 req-0133 req-0264 req-0082 req-0418
request_explicit,10,324,req-0324,bridge,True,True,6,req-0324 req-0418 req-0082 req-0264 req-0133 req-0376
request_explicit,10,324,req-0324,oracle,True,True,1,req-0324
request_explicit,10,337,req-0337,user_only,False,False,0,
request_explicit,10,337,req-0337,naive,False,True,16,req-0398 req-0123 req-0240 req-0393 req-0170 req-0431 req-0090 req-0372 req-0337 req-0079 req-0439 req-0315 req-0248 req-0325 req-0206 req-0124
request_explicit,10,337,req-0337,bridge,True,True,6,req-0337 req-0124 req-0206 req-0325 req-0248 req-0315
request_explicit,10,337,req-0337,oracle,True,True,1,req-0337
request_explicit,10,220,req-0220,user_only,False,False,0,
request_explicit,10,220,req-0220,naive,True,True,16,req-0386 req-0446 req-0199 req-0448 req-0250 req-0239 req-0114 req-0324 req-0220 req-0223 req-0315 req-0111 req-0373 req-0135 req-0352 req-0248
request_explicit,10,220,req-0220,bridge,True,True,6,req-0220 req-0248 req-0352 req-0135 req-0373 req-0111
request_explicit,10,220,req-0220,oracle,True,True,1,req-0220
request_explicit,10,224,req-0224,user_only,False,False,0,
request_explicit,10,224,req-0224,naive,True,True,16,req-0272 req-0081 req-0430 req-0119 req-0283 req-0393 req-0060 req-0229 req-0224 req-0281 req-0429 req-0419 req-0415 req-0205 req-0270 req-0447
request_explicit,10,224,req-0224,bridge,True,True,6,req-0224 req-0447 req-0270 req-0205 req-0415 req-0419
request_explicit,10,224,req-0224,oracle,True,True,1,req-0224
request_explicit,10,131,req-0131,user_only,False,False,0,
request_explicit,10,131,req-0131,naive,True,True,16,req-0064 req-0132 req-0318 req-0217 req-0315 req-0314 req-0335 req-0120 req-0131 req-0226 req-0307 req-0103 req-0330 req-0422 req-0239 req-0166
request_explicit,10,131,req-0131,bridge,True,True,6,req-0131 req-0166 req-0239 req-0422 req-0330 req-0103
request_explicit,10,131,req-0131,oracle,True,True,1,req-0131
request_explicit,10,119,req-0119,user_only,False,False,0,
request_explicit,10,119,req-0119,naive,True,True,16,req-0342 req-0225 req-0097 req-0190 req-0310 req-0175 req-0155 req-0215 req-0119 req-0186 req-0254 req-0072 req-0307 req-0091 req-0151 req-0309
request_explicit,10,119,req-0119,bridge,True,True,6,req-0119 req-0309 req-0151 req-0091 req-0307 req-0072
request_explicit,10,119,req-0119,oracle,True,True,1,req-0119
request_explicit,10,222,req-0222,user_only,False,False,0,
request_explicit,10,222,req-0222,naive,False,True,16,req-0152 req-0439 req-0058 req-0149 req-0187 req-0340 req-0168 req-0093 req-0222 req-0358 req-0212 req-0092 req-0225 req-0334 req-0326 req-0118
request_explicit,10,222,req-0222,bridge,True,True,6,req-0222 req-0118 req-0326 req-0334 req-0225 req-0092
request_explicit,10,222,req-0222,oracle,True,True,1,req-0222
request_explicit,10,409,req-0409,user_only,False,False,0,
request_explicit,10,409,req-0409,naive,False,True,16,req-0323 req-0119 req-0297 req-0302 req-0425 req-0253 req-0448 req-0064 req-0409 req-0181 req-0416 req-0345 req-0298 req-0224 req-0252 req-0164
request_explicit,10,409,req-0409,bridge,True,True,6,req-0409 req-0164 req-0252 req-0224 req-0298 req-0345
request_explicit,10,409,req-0409,oracle,True,True,1,req-0409
request_explicit,10,175,req-0175,user_only,False,False,0,
request_explicit,10,175,req-0175,naive,True,True,16,req-0307 req-0114 req-0363 req-0376 req-0053 req-0358 req-0362 req-0304 req-0175 req-0226 req-0407 req-0350 req-0112 req-0404 req-0076 req-0235
request_explicit,10,175,req-0175,bridge,True,True,6,req-0175 req-0235 req-0076 req-0404 req-0112 req-0350
request_explicit,10,175,req-0175,oracle,True,True,1,req-0175
request_explicit,10,133,req-0133,user_only,False,False,0,
request_explicit,10,133,req-0133,naive,True,True,16,req-0286 req-0236 req-0393 req-0266 req-0212 req-0234 req-0161 req-0445 req-0133 req-0280 req-0226 req-0436 req-0149 req-0143 req-0246 req-0081
request_explicit,10,133,req-0133,bridge,True,True,6,req-0133 req-0081 req-0246 req-0143 req-0149 req-0436
request_explicit,10,133,req-0133,oracle,True,True,1,req-0133
request_explicit,10,50,req-0050,user_only,False,False,0,
request_explicit,10,50,req-0050,naive,True,True,16,req-0263 req-0243 req-0307 req-0186 req-0140 req-0337 req-0239 req-0086 req-0050 req-0202 req-0113 req-0308 req-0360 req-0215 req-0079 req-0245
request_explicit,10,50,req-0050,bridge,True,True,6,req-0050 req-0245 req-0079 req-0215 req-0360 req-0308
request_explicit,10,50,req-0050,oracle,True,True,1,req-0050
request_explicit,30,76,req-0076,user_only,False,False,0,
request_explicit,30,76,req-0076,naive,True,True,16,req-0077 req-0351 req-0249 req-0203 req-0106 req-0289 req-0344 req-0442 req-0076 req-0412 req-0217 req-0175 req-0382 req-0279 req-0187 req-0275
request_explicit,30,76,req-0076,bridge,True,True,6,req-0076 req-0275 req-0187 req-0279 req-0382 req-0175
request_explicit,30,76,req-0076,oracle,True,True,1,req-0076
request_explicit,30,187,req-0187,user_only,False,False,0,
request_explicit,30,187,req-0187,naive,True,True,16,req-0339 req-0343 req-0227 req-0177 req-0404 req-0284 req-0307 req-0345 req-0187 req-0191 req-0223 req-0074 req-0143 req-0113 req-0060 req-0270
request_explicit,30,187,req-0187,bridge,True,True,6,req-0187 req-0270 req-0060 req-0113 req-0143 req-0074
request_explicit,30,187,req-0187,oracle,True,True,1,req-0187
request_explicit,30,94,req-0094,user_only,False,False,0,
request_explicit,30,94,req-0094,naive,True,True,16,req-0389 req-0305 req-0426 req-0118 req-0295 req-0324 req-0071 req-0291 req-0094 req-0328 req-0123 req-0217 req-0240 req-0164 req-0357 req-0066
request_explicit,30,94,req-0094,bridge,True,True,6,req-0094 req-0066 req-0357 req-0164 req-0240 req-0217
request_explicit,30,94,req-0094,oracle,True,True,1,req-0094
request_explicit,30,443,req-0443,user_only,False,False,0,
request_explicit,30,443,req-0443,naive,True,True,16,req-0287 req-0308 req-0357 req-0447 req-0197 req-0411 req-0347 req-0057 req-0443 req-0214 req-0423 req-0247 req-0166 req-0402 req-0082 req-0179
request_explicit,30,443,req-0443,bridge,True,True,6,req-0443 req-0179 req-0082 req-0402 req-0166 req-0247
request_explicit,30,443,req-0443,oracle,True,True,1,req-0443
request_explicit,30,258,req-0258,user_only,False,False,0,
request_explicit,30,258,req-0258,naive,True,True,16,req-0195 req-0136 req-0264 req-0233 req-0268 req-0072 req-0361 req-0056 req-0258 req-0305 req-0395 req-0134 req-0151 req-0073 req-0187 req-0319
request_explicit,30,258,req-0258,bridge,True,True,6,req-0258 req-0319 req-0187 req-0073 req-0151 req-0134
request_explicit,30,258,req-0258,oracle,True,True,1,req-0258
request_explicit,30,186,req-0186,user_only,False,False,0,
request_explicit,30,186,req-0186,naive,True,True,16,req-0134 req-0442 req-0428 req-0322 req-0149 req-0206 req-0306 req-0290 req-0186 req-0164 req-0195 req-0321 req-0097 req-0102 req-0277 req-0364
request_explicit,30,186,req-0186,bridge,True,True,6,req-0186 req-0364 req-0277 req-0102 req-0097 req-0321
request_explicit,30,186,req-0186,oracle,True,True,1,req-0186
request_explicit,30,105,req-0105,user_only,False,False,0,
request_explicit,30,105,req-0105,naive,True,True,16,req-0330 req-0336 req-0194 req-0150 req-0317 req-0084 req-0376 req-0251 req-0105 req-0259 req-0280 req-0107 req-0080 req-0342 req-0272 req-0440
request_explicit,30,105,req-0105,bridge,True,True,6,req-0105 req-0440 req-0272 req-0342 req-0080 req-0107
request_explicit,30,105,req-0105,oracle,True,True,1,req-0105
request_explicit,30,69,req-0069,user_only,False,False,0,
request_explicit,30,69,req-0069,naive,True,True,16,req-0385 req-0274 req-0315 req-0233 req-0129 req-0303 req-0119 req-0150 req-0069 req-0159 req-0174 req-0070 req-0176 req-0157 req-0088 req-0257
request_explicit,30,69,req-0069,bridge,True,True,6,req-0069 req-0257 req-0088 req-0157 req-0176 req-0070
request_explicit,30,69,req-0069,oracle,True,True,1,req-0069
request_explicit,30,244,req-0244,user_only,False,False,0,
request_explicit,30,244,req-0244,naive,True,True,16,req-0063 req-0055 req-0262 req-0386 req-0214 req-0331 req-0065 req-0071 req-0244 req-0176 req-0425 req-0274 req-0408 req-0199 req-0145 req-0205
request_explicit,30,244,req-0244,bridge,True,True,6,req-0244 req-0205 req-0145 req-0199 req-0408 req-0274
request_explicit,30,244,req-0244,oracle,True,True,1,req-0244
request_explicit,30,324,req-0324,user_only,False,False,0,
request_explicit,30,324,req-0324,naive,True,True,16,req-0107 req-0194 req-0394 req-0380 req-0216 req-0158 req-0313 req-0063 req-0324 req-0434 req-0235 req-0128 req-0288 req-0165 req-0262 req-0163
request_explicit,30,324,req-0324,bridge,True,True,6,req-0324 req-0163 req-0262 req-0165 req-0288 req-0128
request_explicit,30,324,req-0324,oracle,True,True,1,req-0324
request_explicit,30,337,req-0337,user_only,False,False,0,
request_explicit,30,337,req-0337,naive,True,True,16,req-0311 req-0390 req-0272 req-0250 req-0336 req-0146 req-0249 req-0089 req-0337 req-0304 req-0071 req-0196 req-0121 req-0293 req-0425 req-0419
request_explicit,30,337,req-0337,bridge,True,True,6,req-0337 req-0419 req-0425 req-0293 req-0121 req-0196
request_explicit,30,337,req-0337,oracle,True,True,1,req-0337
request_explicit,30,220,req-0220,user_only,False,False,0,
request_explicit,30,220,req-0220,naive,True,True,16,req-0104 req-0114 req-0112 req-0286 req-0231 req-0333 req-0365 req-0058 req-0220 req-0278 req-0317 req-0197 req-0236 req-0159 req-0250 req-0074
request_explicit,30,220,req-0220,bridge,True,True,6,req-0220 req-0074 req-0250 req-0159 req-0236 req-0197
request_explicit,30,220,req-0220,oracle,True,True,1,req-0220
request_explicit,30,224,req-0224,user_only,False,False,0,
request_explicit,30,224,req-0224,naive,True,True,16,req-0104 req-0311 req-0436 req-0098 req-0354 req-0391 req-0216 req-0427 req-0224 req-0092 req-0450 req-0393 req-0155 req-0247 req-0142 req-0265
request_explicit,30,224,req-0224,bridge,True,True,6,req-0224 req-0265 req-0142 req-0247 req-0155 req-0393
request_explicit,30,224,req-0224,oracle,True,True,1,req-0224
request_explicit,30,131,req-0131,user_only,False,False,0,
request_explicit,30,131,req-0131,naive,True,True,16,req-0114 req-0294 req-0121 req-0052 req-0134 req-0094 req-0220 req-0066 req-0131 req-0100 req-0124 req-0163 req-0285 req-0271 req-0153 req-0389
request_explicit,30,131,req-0131,bridge,True,True,6,req-0131 req-0389 req-0153 req-0271 req-0285 req-0163
request_explicit,30,131,req-0131,oracle,True,True,1,req-0131
request_explicit,30,119,req-0119,user_only,False,False,0,
request_explicit,30,119,req-0119,naive,True,True,16,req-0258 req-0080 req-0078 req-0128 req-0108 req-0287 req-0407 req-0096 req-0119 req-0118 req-0393 req-0071 req-0234 req-0276 req-0156 req-0173
request_explicit,30,119,req-0119,bridge,True,True,6,req-0119 req-0173 req-0156 req-0276 req-0234 req-0071
request_explicit,30,119,req-0119,oracle,True,True,1,req-0119
request_explicit,30,222,req-0222,user_only,False,False,0,
request_explicit,30,222,req-0222,naive,True,True,16,req-0170 req-0271 req-0225 req-0394 req-0123 req-0095 req-0396 req-0054 req-0222 req-0199 req-0217 req-0393 req-0256 req-0227 req-0167 req-0081
request_explicit,30,222,req-0222,bridge,True,True,6,req-0222 req-0081 req-0167 req-0227 req-0256 req-0393
request_explicit,30,222,req-0222,oracle,True,True,1,req-0222
request_explicit,30,409,req-0409,user_only,False,False,0,
request_explicit,30,409,req-0409,naive,True,True,16,req-0079 req-0331 req-0083 req-0106 req-0177 req-0197 req-0170 req-0114 req-0409 req-0335 req-0050 req-0359 req-0443 req-0378 req-0328 req-0184
request_explicit,30,409,req-0409,bridge,True,True,6,req-0409 req-0184 req-0328 req-0378 req-0443 req-0359
request_explicit,30,409,req-0409,oracle,True,True,1,req-0409
request_explicit,30,175,req-0175,user_only,False,False,0,
request_explicit,30,175,req-0175,naive,True,True,16,req-0266 req-0335 req-0239 req-0240 req-0371 req-0116 req-0264 req-0067 req-0175 req-0359 req-0199 req-0230 req-0211 req-0404 req-0051 req-0310
request_explicit,30,175,req-0175,bridge,True,True,6,req-0175 req-0310 req-0051 req-0404 req-0211 req-0230
request_explicit,30,175,req-0175,oracle,True,True,1,req-0175
request_explicit,30,133,req-0133,user_only,False,False,0,
request_explicit,30,133,req-0133,naive,True,True,16,req-0439 req-0051 req-0382 req-0201 req-0090 req-0244 req-0419 req-0145 req-0133 req-0363 req-0217 req-0278 req-0103 req-0426 req-0356 req-0432
request_explicit,30,133,req-0133,bridge,True,True,6,req-0133 req-0432 req-0356 req-0426 req-0103 req-0278
request_explicit,30,133,req-0133,oracle,True,True,1,req-0133
request_explicit,30,50,req-0050,user_only,False,False,0,
request_explicit,30,50,req-0050,naive,True,True,16,req-0324 req-0152 req-0255 req-0376 req-0398 req-0087 req-0149 req-0156 req-0050 req-0420 req-0234 req-0269 req-0449 req-0297 req-0196 req-0385
request_explicit,30,50,req-0050,bridge,True,True,6,req-0050 req-0385 req-0196 req-0297 req-0449 req-0269
request_explicit,30,50,req-0050,oracle,True,True,1,req-0050
request_explicit,100,76,req-0076,user_only,True,False,0,
request_explicit,100,76,req-0076,naive,True,True,16,req-0334 req-0329 req-0134 req-0249 req-0063 req-0184 req-0424 req-0065 req-0076 req-0442 req-0371 req-0395 req-0133 req-0450 req-0149 req-0238
request_explicit,100,76,req-0076,bridge,True,True,6,req-0076 req-0238 req-0149 req-0450 req-0133 req-0395
request_explicit,100,76,req-0076,oracle,True,True,1,req-0076
request_explicit,100,187,req-0187,user_only,False,False,0,
request_explicit,100,187,req-0187,naive,True,True,16,req-0144 req-0101 req-0119 req-0416 req-0360 req-0189 req-0112 req-0087 req-0187 req-0235 req-0079 req-0180 req-0116 req-0179 req-0261 req-0097
request_explicit,100,187,req-0187,bridge,True,True,6,req-0187 req-0097 req-0261 req-0179 req-0116 req-0180
request_explicit,100,187,req-0187,oracle,True,True,1,req-0187
request_explicit,100,94,req-0094,user_only,True,False,0,
request_explicit,100,94,req-0094,naive,True,True,16,req-0368 req-0184 req-0316 req-0334 req-0112 req-0392 req-0324 req-0219 req-0094 req-0197 req-0377 req-0441 req-0387 req-0208 req-0276 req-0171
request_explicit,100,94,req-0094,bridge,True,True,6,req-0094 req-0171 req-0276 req-0208 req-0387 req-0441
request_explicit,100,94,req-0094,oracle,True,True,1,req-0094
request_explicit,100,443,req-0443,user_only,False,False,0,
request_explicit,100,443,req-0443,naive,True,True,16,req-0052 req-0097 req-0107 req-0367 req-0101 req-0442 req-0275 req-0248 req-0443 req-0233 req-0395 req-0142 req-0117 req-0050 req-0262 req-0157
request_explicit,100,443,req-0443,bridge,True,True,6,req-0443 req-0157 req-0262 req-0050 req-0117 req-0142
request_explicit,100,443,req-0443,oracle,True,True,1,req-0443
request_explicit,100,258,req-0258,user_only,False,False,0,
request_explicit,100,258,req-0258,naive,True,True,16,req-0172 req-0052 req-0264 req-0116 req-0092 req-0139 req-0325 req-0186 req-0258 req-0266 req-0136 req-0449 req-0249 req-0206 req-0083 req-0062
request_explicit,100,258,req-0258,bridge,True,True,6,req-0258 req-0062 req-0083 req-0206 req-0249 req-0449
request_explicit,100,258,req-0258,oracle,True,True,1,req-0258
request_explicit,100,186,req-0186,user_only,False,False,0,
request_explicit,100,186,req-0186,naive,True,True,16,req-0112 req-0342 req-0252 req-0187 req-0077 req-0377 req-0396 req-0329 req-0186 req-0416 req-0146 req-0209 req-0210 req-0356 req-0331 req-0389
request_explicit,100,186,req-0186,bridge,True,True,6,req-0186 req-0389 req-0331 req-0356 req-0210 req-0209
request_explicit,100,186,req-0186,oracle,True,True,1,req-0186
request_explicit,100,105,req-0105,user_only,False,False,0,
request_explicit,100,105,req-0105,naive,True,True,16,req-0224 req-0061 req-0391 req-0125 req-0208 req-0196 req-0153 req-0269 req-0105 req-0159 req-0305 req-0073 req-0267 req-0083 req-0129 req-0138
request_explicit,100,105,req-0105,bridge,True,True,6,req-0105 req-0138 req-0129 req-0083 req-0267 req-0073
request_explicit,100,105,req-0105,oracle,True,True,1,req-0105
request_explicit,100,69,req-0069,user_only,True,False,0,
request_explicit,100,69,req-0069,naive,True,True,16,req-0392 req-0075 req-0332 req-0164 req-0083 req-0280 req-0347 req-0148 req-0069 req-0256 req-0342 req-0418 req-0273 req-0415 req-0324 req-0237
request_explicit,100,69,req-0069,bridge,True,True,6,req-0069 req-0237 req-0324 req-0415 req-0273 req-0418
request_explicit,100,69,req-0069,oracle,True,True,1,req-0069
request_explicit,100,244,req-0244,user_only,False,False,0,
request_explicit,100,244,req-0244,naive,True,True,16,req-0088 req-0160 req-0095 req-0275 req-0071 req-0324 req-0209 req-0410 req-0244 req-0065 req-0156 req-0396 req-0068 req-0129 req-0380 req-0319
request_explicit,100,244,req-0244,bridge,True,True,6,req-0244 req-0319 req-0380 req-0129 req-0068 req-0396
request_explicit,100,244,req-0244,oracle,True,True,1,req-0244
request_explicit,100,324,req-0324,user_only,False,False,0,
request_explicit,100,324,req-0324,naive,True,True,16,req-0100 req-0416 req-0075 req-0260 req-0425 req-0291 req-0366 req-0246 req-0324 req-0220 req-0389 req-0143 req-0380 req-0387 req-0257 req-0269
request_explicit,100,324,req-0324,bridge,True,True,6,req-0324 req-0269 req-0257 req-0387 req-0380 req-0143
request_explicit,100,324,req-0324,oracle,True,True,1,req-0324
request_explicit,100,337,req-0337,user_only,False,False,0,
request_explicit,100,337,req-0337,naive,True,True,16,req-0387 req-0399 req-0103 req-0094 req-0072 req-0160 req-0127 req-0380 req-0337 req-0119 req-0412 req-0389 req-0349 req-0204 req-0236 req-0311
request_explicit,100,337,req-0337,bridge,True,True,6,req-0337 req-0311 req-0236 req-0204 req-0349 req-0389
request_explicit,100,337,req-0337,oracle,True,True,1,req-0337
request_explicit,100,220,req-0220,user_only,False,False,0,
request_explicit,100,220,req-0220,naive,True,True,16,req-0266 req-0412 req-0184 req-0195 req-0261 req-0144 req-0324 req-0321 req-0220 req-0389 req-0332 req-0096 req-0051 req-0348 req-0360 req-0414
request_explicit,100,220,req-0220,bridge,True,True,6,req-0220 req-0414 req-0360 req-0348 req-0051 req-0096
request_explicit,100,220,req-0220,oracle,True,True,1,req-0220
request_explicit,100,224,req-0224,user_only,False,False,0,
request_explicit,100,224,req-0224,naive,True,True,16,req-0123 req-0317 req-0439 req-0356 req-0390 req-0358 req-0101 req-0283 req-0224 req-0386 req-0176 req-0371 req-0333 req-0296 req-0065 req-0241
request_explicit,100,224,req-0224,bridge,True,True,6,req-0224 req-0241 req-0065 req-0296 req-0333 req-0371
request_explicit,100,224,req-0224,oracle,True,True,1,req-0224
request_explicit,100,131,req-0131,user_only,False,False,0,
request_explicit,100,131,req-0131,naive,True,True,16,req-0202 req-0436 req-0289 req-0242 req-0382 req-0429 req-0196 req-0326 req-0131 req-0441 req-0339 req-0351 req-0384 req-0224 req-0152 req-0137
request_explicit,100,131,req-0131,bridge,True,True,6,req-0131 req-0137 req-0152 req-0224 req-0384 req-0351
request_explicit,100,131,req-0131,oracle,True,True,1,req-0131
request_explicit,100,119,req-0119,user_only,False,False,0,
request_explicit,100,119,req-0119,naive,True,True,16,req-0070 req-0242 req-0076 req-0350 req-0099 req-0302 req-0241 req-0437 req-0119 req-0266 req-0390 req-0141 req-0103 req-0387 req-0367 req-0087
request_explicit,100,119,req-0119,bridge,True,True,6,req-0119 req-0087 req-0367 req-0387 req-0103 req-0141
request_explicit,100,119,req-0119,oracle,True,True,1,req-0119
request_explicit,100,222,req-0222,user_only,False,False,0,
request_explicit,100,222,req-0222,naive,True,True,16,req-0168 req-0344 req-0247 req-0119 req-0310 req-0398 req-0415 req-0100 req-0222 req-0441 req-0300 req-0320 req-0438 req-0372 req-0319 req-0305
request_explicit,100,222,req-0222,bridge,True,True,6,req-0222 req-0305 req-0319 req-0372 req-0438 req-0320
request_explicit,100,222,req-0222,oracle,True,True,1,req-0222
request_explicit,100,409,req-0409,user_only,False,False,0,
request_explicit,100,409,req-0409,naive,True,True,16,req-0221 req-0211 req-0359 req-0373 req-0263 req-0441 req-0382 req-0186 req-0409 req-0222 req-0396 req-0296 req-0140 req-0170 req-0102 req-0424
request_explicit,100,409,req-0409,bridge,True,True,6,req-0409 req-0424 req-0102 req-0170 req-0140 req-0296
request_explicit,100,409,req-0409,oracle,True,True,1,req-0409
request_explicit,100,175,req-0175,user_only,False,False,0,
request_explicit,100,175,req-0175,naive,True,True,16,req-0415 req-0077 req-0404 req-0315 req-0447 req-0123 req-0239 req-0070 req-0175 req-0121 req-0125 req-0383 req-0135 req-0401 req-0402 req-0255
request_explicit,100,175,req-0175,bridge,True,True,6,req-0175 req-0255 req-0402 req-0401 req-0135 req-0383
request_explicit,100,175,req-0175,oracle,True,True,1,req-0175
request_explicit,100,133,req-0133,user_only,False,False,0,
request_explicit,100,133,req-0133,naive,True,True,16,req-0432 req-0142 req-0445 req-0336 req-0178 req-0311 req-0385 req-0144 req-0133 req-0446 req-0299 req-0307 req-0393 req-0052 req-0291 req-0129
request_explicit,100,133,req-0133,bridge,True,True,6,req-0133 req-0129 req-0291 req-0052 req-0393 req-0307
request_explicit,100,133,req-0133,oracle,True,True,1,req-0133
request_explicit,100,50,req-0050,user_only,True,False,0,
request_explicit,100,50,req-0050,naive,True,True,16,req-0192 req-0230 req-0397 req-0309 req-0377 req-0275 req-0166 req-0085 req-0050 req-0269 req-0433 req-0292 req-0253 req-0214 req-0075 req-0270
request_explicit,100,50,req-0050,bridge,True,True,6,req-0050 req-0270 req-0075 req-0214 req-0253 req-0292
request_explicit,100,50,req-0050,oracle,True,True,1,req-0050
request_neutral,10,76,req-0076,user_only,False,False,0,
request_neutral,10,76,req-0076,naive,True,True,16,req-0264 req-0407 req-0096 req-0218 req-0278 req-0288 req-0057 req-0108 req-0076 req-0069 req-0416 req-0231 req-0237 req-0215 req-0449 req-0173
request_neutral,10,76,req-0076,bridge,False,False,6,req-0173 req-0449 req-0215 req-0237 req-0231 req-0416
request_neutral,10,76,req-0076,oracle,True,True,1,req-0076
request_neutral,10,187,req-0187,user_only,False,False,0,
request_neutral,10,187,req-0187,naive,True,True,16,req-0409 req-0331 req-0406 req-0395 req-0338 req-0294 req-0424 req-0444 req-0187 req-0352 req-0225 req-0391 req-0169 req-0066 req-0144 req-0114
request_neutral,10,187,req-0187,bridge,False,False,6,req-0114 req-0144 req-0066 req-0169 req-0391 req-0225
request_neutral,10,187,req-0187,oracle,True,True,1,req-0187
request_neutral,10,94,req-0094,user_only,False,False,0,
request_neutral,10,94,req-0094,naive,True,True,16,req-0385 req-0280 req-0154 req-0397 req-0291 req-0270 req-0378 req-0057 req-0094 req-0229 req-0383 req-0115 req-0188 req-0233 req-0329 req-0210
request_neutral,10,94,req-0094,bridge,False,False,6,req-0210 req-0329 req-0233 req-0188 req-0115 req-0383
request_neutral,10,94,req-0094,oracle,True,True,1,req-0094
request_neutral,10,443,req-0443,user_only,False,False,0,
request_neutral,10,443,req-0443,naive,False,True,16,req-0395 req-0086 req-0227 req-0155 req-0074 req-0110 req-0335 req-0115 req-0443 req-0314 req-0055 req-0357 req-0298 req-0313 req-0265 req-0254
request_neutral,10,443,req-0443,bridge,False,False,6,req-0254 req-0265 req-0313 req-0298 req-0357 req-0055
request_neutral,10,443,req-0443,oracle,True,True,1,req-0443
request_neutral,10,258,req-0258,user_only,False,False,0,
request_neutral,10,258,req-0258,naive,False,True,16,req-0411 req-0306 req-0082 req-0146 req-0143 req-0228 req-0167 req-0218 req-0258 req-0408 req-0263 req-0428 req-0301 req-0109 req-0252 req-0087
request_neutral,10,258,req-0258,bridge,False,False,6,req-0087 req-0252 req-0109 req-0301 req-0428 req-0263
request_neutral,10,258,req-0258,oracle,True,True,1,req-0258
request_neutral,10,186,req-0186,user_only,False,False,0,
request_neutral,10,186,req-0186,naive,False,True,16,req-0234 req-0311 req-0243 req-0102 req-0150 req-0181 req-0095 req-0405 req-0186 req-0111 req-0239 req-0139 req-0147 req-0092 req-0083 req-0267
request_neutral,10,186,req-0186,bridge,False,False,6,req-0267 req-0083 req-0092 req-0147 req-0139 req-0239
request_neutral,10,186,req-0186,oracle,True,True,1,req-0186
request_neutral,10,105,req-0105,user_only,False,False,0,
request_neutral,10,105,req-0105,naive,True,True,16,req-0381 req-0386 req-0280 req-0424 req-0274 req-0416 req-0070 req-0263 req-0105 req-0076 req-0098 req-0204 req-0310 req-0252 req-0243 req-0425
request_neutral,10,105,req-0105,bridge,False,False,6,req-0425 req-0243 req-0252 req-0310 req-0204 req-0098
request_neutral,10,105,req-0105,oracle,True,True,1,req-0105
request_neutral,10,69,req-0069,user_only,False,False,0,
request_neutral,10,69,req-0069,naive,True,True,16,req-0221 req-0239 req-0229 req-0083 req-0361 req-0145 req-0112 req-0063 req-0069 req-0278 req-0251 req-0307 req-0215 req-0066 req-0155 req-0197
request_neutral,10,69,req-0069,bridge,False,False,6,req-0197 req-0155 req-0066 req-0215 req-0307 req-0251
request_neutral,10,69,req-0069,oracle,True,True,1,req-0069
request_neutral,10,244,req-0244,user_only,False,False,0,
request_neutral,10,244,req-0244,naive,False,True,16,req-0211 req-0410 req-0196 req-0127 req-0213 req-0360 req-0292 req-0234 req-0244 req-0165 req-0324 req-0437 req-0067 req-0366 req-0129 req-0156
request_neutral,10,244,req-0244,bridge,False,False,6,req-0156 req-0129 req-0366 req-0067 req-0437 req-0324
request_neutral,10,244,req-0244,oracle,True,True,1,req-0244
request_neutral,10,324,req-0324,user_only,False,False,0,
request_neutral,10,324,req-0324,naive,False,True,16,req-0219 req-0173 req-0409 req-0293 req-0336 req-0163 req-0209 req-0448 req-0324 req-0133 req-0150 req-0287 req-0296 req-0371 req-0278 req-0188
request_neutral,10,324,req-0324,bridge,False,False,6,req-0188 req-0278 req-0371 req-0296 req-0287 req-0150
request_neutral,10,324,req-0324,oracle,True,True,1,req-0324
request_neutral,10,337,req-0337,user_only,False,False,0,
request_neutral,10,337,req-0337,naive,False,True,16,req-0273 req-0419 req-0200 req-0090 req-0384 req-0251 req-0288 req-0100 req-0337 req-0363 req-0214 req-0245 req-0340 req-0339 req-0364 req-0321
request_neutral,10,337,req-0337,bridge,False,False,6,req-0321 req-0364 req-0339 req-0340 req-0245 req-0214
request_neutral,10,337,req-0337,oracle,True,True,1,req-0337
request_neutral,10,220,req-0220,user_only,False,False,0,
request_neutral,10,220,req-0220,naive,True,True,16,req-0116 req-0169 req-0447 req-0079 req-0132 req-0407 req-0264 req-0311 req-0220 req-0278 req-0397 req-0363 req-0189 req-0361 req-0170 req-0448
request_neutral,10,220,req-0220,bridge,False,False,6,req-0448 req-0170 req-0361 req-0189 req-0363 req-0397
request_neutral,10,220,req-0220,oracle,True,True,1,req-0220
request_neutral,10,224,req-0224,user_only,False,False,0,
request_neutral,10,224,req-0224,naive,True,True,16,req-0198 req-0139 req-0317 req-0171 req-0408 req-0264 req-0428 req-0092 req-0224 req-0349 req-0248 req-0331 req-0082 req-0239 req-0289 req-0406
request_neutral,10,224,req-0224,bridge,False,False,6,req-0406 req-0289 req-0239 req-0082 req-0331 req-0248
request_neutral,10,224,req-0224,oracle,True,True,1,req-0224
request_neutral,10,131,req-0131,user_only,False,False,0,
request_neutral,10,131,req-0131,naive,True,True,16,req-0374 req-0119 req-0137 req-0227 req-0409 req-0352 req-0115 req-0121 req-0131 req-0206 req-0263 req-0129 req-0133 req-0283 req-0188 req-0366
request_neutral,10,131,req-0131,bridge,False,False,6,req-0366 req-0188 req-0283 req-0133 req-0129 req-0263
request_neutral,10,131,req-0131,oracle,True,True,1,req-0131
request_neutral,10,119,req-0119,user_only,False,False,0,
request_neutral,10,119,req-0119,naive,True,True,16,req-0169 req-0364 req-0151 req-0202 req-0148 req-0352 req-0355 req-0075 req-0119 req-0435 req-0209 req-0444 req-0149 req-0363 req-0280 req-0063
request_neutral,10,119,req-0119,bridge,False,False,6,req-0063 req-0280 req-0363 req-0149 req-0444 req-0209
request_neutral,10,119,req-0119,oracle,True,True,1,req-0119
request_neutral,10,222,req-0222,user_only,False,False,0,
request_neutral,10,222,req-0222,naive,False,True,16,req-0142 req-0131 req-0446 req-0220 req-0369 req-0391 req-0132 req-0216 req-0222 req-0070 req-0101 req-0174 req-0071 req-0228 req-0160 req-0092
request_neutral,10,222,req-0222,bridge,False,False,6,req-0092 req-0160 req-0228 req-0071 req-0174 req-0101
request_neutral,10,222,req-0222,oracle,True,True,1,req-0222
request_neutral,10,409,req-0409,user_only,False,False,0,
request_neutral,10,409,req-0409,naive,False,True,16,req-0139 req-0286 req-0272 req-0138 req-0098 req-0334 req-0318 req-0075 req-0409 req-0360 req-0386 req-0171 req-0385 req-0102 req-0262 req-0129
request_neutral,10,409,req-0409,bridge,False,False,6,req-0129 req-0262 req-0102 req-0385 req-0171 req-0386
request_neutral,10,409,req-0409,oracle,True,True,1,req-0409
request_neutral,10,175,req-0175,user_only,False,False,0,
request_neutral,10,175,req-0175,naive,True,True,16,req-0171 req-0395 req-0208 req-0137 req-0281 req-0442 req-0115 req-0348 req-0175 req-0239 req-0428 req-0255 req-0061 req-0366 req-0300 req-0210
request_neutral,10,175,req-0175,bridge,False,False,6,req-0210 req-0300 req-0366 req-0061 req-0255 req-0428
request_neutral,10,175,req-0175,oracle,True,True,1,req-0175
request_neutral,10,133,req-0133,user_only,False,False,0,
request_neutral,10,133,req-0133,naive,True,True,16,req-0272 req-0422 req-0358 req-0131 req-0342 req-0123 req-0149 req-0168 req-0133 req-0204 req-0431 req-0395 req-0276 req-0309 req-0124 req-0398
request_neutral,10,133,req-0133,bridge,False,False,6,req-0398 req-0124 req-0309 req-0276 req-0395 req-0431
request_neutral,10,133,req-0133,oracle,True,True,1,req-0133
request_neutral,10,50,req-0050,user_only,False,False,0,
request_neutral,10,50,req-0050,naive,True,True,16,req-0351 req-0410 req-0152 req-0132 req-0322 req-0137 req-0169 req-0306 req-0050 req-0432 req-0111 req-0099 req-0205 req-0372 req-0141 req-0409
request_neutral,10,50,req-0050,bridge,False,False,6,req-0409 req-0141 req-0372 req-0205 req-0099 req-0111
request_neutral,10,50,req-0050,oracle,True,True,1,req-0050
request_neutral,30,76,req-0076,user_only,False,False,0,
request_neutral,30,76,req-0076,naive,True,True,16,req-0058 req-0306 req-0419 req-0443 req-0372 req-0393 req-0258 req-0169 req-0076 req-0333 req-0377 req-0368 req-0272 req-0418 req-0090 req-0188
request_neutral,30,76,req-0076,bridge,False,False,6,req-0188 req-0090 req-0418 req-0272 req-0368 req-0377
request_neutral,30,76,req-0076,oracle,True,True,1,req-0076
request_neutral,30,187,req-0187,user_only,False,False,0,
request_neutral,30,187,req-0187,naive,True,True,16,req-0178 req-0338 req-0203 req-0186 req-0170 req-0127 req-0367 req-0154 req-0187 req-0147 req-0054 req-0389 req-0415 req-0096 req-0260 req-0313
request_neutral,30,187,req-0187,bridge,False,False,6,req-0313 req-0260 req-0096 req-0415 req-0389 req-0054
request_neutral,30,187,req-0187,oracle,True,True,1,req-0187
request_neutral,30,94,req-0094,user_only,False,False,0,
request_neutral,30,94,req-0094,naive,True,True,16,req-0205 req-0300 req-0086 req-0145 req-0289 req-0216 req-0309 req-0274 req-0094 req-0329 req-0209 req-0100 req-0440 req-0281 req-0377 req-0062
request_neutral,30,94,req-0094,bridge,False,False,6,req-0062 req-0377 req-0281 req-0440 req-0100 req-0209
request_neutral,30,94,req-0094,oracle,True,True,1,req-0094
request_neutral,30,443,req-0443,user_only,False,False,0,
request_neutral,30,443,req-0443,naive,True,True,16,req-0122 req-0185 req-0221 req-0115 req-0275 req-0433 req-0424 req-0289 req-0443 req-0204 req-0109 req-0406 req-0303 req-0295 req-0229 req-0240
request_neutral,30,443,req-0443,bridge,False,False,6,req-0240 req-0229 req-0295 req-0303 req-0406 req-0109
request_neutral,30,443,req-0443,oracle,True,True,1,req-0443
request_neutral,30,258,req-0258,user_only,False,False,0,
request_neutral,30,258,req-0258,naive,True,True,16,req-0113 req-0168 req-0233 req-0410 req-0180 req-0186 req-0344 req-0320 req-0258 req-0097 req-0102 req-0054 req-0380 req-0416 req-0227 req-0241
request_neutral,30,258,req-0258,bridge,False,False,6,req-0241 req-0227 req-0416 req-0380 req-0054 req-0102
request_neutral,30,258,req-0258,oracle,True,True,1,req-0258
request_neutral,30,186,req-0186,user_only,False,False,0,
request_neutral,30,186,req-0186,naive,True,True,16,req-0281 req-0280 req-0249 req-0127 req-0141 req-0173 req-0383 req-0396 req-0186 req-0221 req-0155 req-0420 req-0282 req-0437 req-0123 req-0449
request_neutral,30,186,req-0186,bridge,False,False,6,req-0449 req-0123 req-0437 req-0282 req-0420 req-0155
request_neutral,30,186,req-0186,oracle,True,True,1,req-0186
request_neutral,30,105,req-0105,user_only,False,False,0,
request_neutral,30,105,req-0105,naive,True,True,16,req-0396 req-0331 req-0175 req-0428 req-0270 req-0241 req-0244 req-0133 req-0105 req-0183 req-0344 req-0238 req-0444 req-0253 req-0324 req-0410
request_neutral,30,105,req-0105,bridge,False,False,6,req-0410 req-0324 req-0253 req-0444 req-0238 req-0344
request_neutral,30,105,req-0105,oracle,True,True,1,req-0105
request_neutral,30,69,req-0069,user_only,False,False,0,
request_neutral,30,69,req-0069,naive,True,True,16,req-0272 req-0402 req-0384 req-0052 req-0412 req-0169 req-0294 req-0166 req-0069 req-0396 req-0357 req-0168 req-0130 req-0227 req-0278 req-0416
request_neutral,30,69,req-0069,bridge,False,False,6,req-0416 req-0278 req-0227 req-0130 req-0168 req-0357
request_neutral,30,69,req-0069,oracle,True,True,1,req-0069
request_neutral,30,244,req-0244,user_only,False,False,0,
request_neutral,30,244,req-0244,naive,True,True,16,req-0364 req-0214 req-0415 req-0051 req-0385 req-0289 req-0222 req-0283 req-0244 req-0393 req-0077 req-0171 req-0061 req-0182 req-0118 req-0188
request_neutral,30,244,req-0244,bridge,False,False,6,req-0188 req-0118 req-0182 req-0061 req-0171 req-0077
request_neutral,30,244,req-0244,oracle,True,True,1,req-0244
request_neutral,30,324,req-0324,user_only,False,False,0,
request_neutral,30,324,req-0324,naive,True,True,16,req-0143 req-0301 req-0393 req-0445 req-0385 req-0131 req-0173 req-0321 req-0324 req-0114 req-0138 req-0380 req-0191 req-0255 req-0331 req-0292
request_neutral,30,324,req-0324,bridge,False,False,6,req-0292 req-0331 req-0255 req-0191 req-0380 req-0138
request_neutral,30,324,req-0324,oracle,True,True,1,req-0324
request_neutral,30,337,req-0337,user_only,False,False,0,
request_neutral,30,337,req-0337,naive,True,True,16,req-0078 req-0245 req-0339 req-0264 req-0182 req-0406 req-0389 req-0216 req-0337 req-0119 req-0088 req-0168 req-0430 req-0444 req-0274 req-0383
request_neutral,30,337,req-0337,bridge,False,False,6,req-0383 req-0274 req-0444 req-0430 req-0168 req-0088
request_neutral,30,337,req-0337,oracle,True,True,1,req-0337
request_neutral,30,220,req-0220,user_only,False,False,0,
request_neutral,30,220,req-0220,naive,True,True,16,req-0204 req-0097 req-0238 req-0135 req-0264 req-0192 req-0443 req-0285 req-0220 req-0329 req-0431 req-0297 req-0368 req-0070 req-0078 req-0172
request_neutral,30,220,req-0220,bridge,False,False,6,req-0172 req-0078 req-0070 req-0368 req-0297 req-0431
request_neutral,30,220,req-0220,oracle,True,True,1,req-0220
request_neutral,30,224,req-0224,user_only,False,False,0,
request_neutral,30,224,req-0224,naive,True,True,16,req-0125 req-0288 req-0444 req-0270 req-0167 req-0102 req-0316 req-0304 req-0224 req-0070 req-0369 req-0242 req-0117 req-0148 req-0163 req-0060
request_neutral,30,224,req-0224,bridge,False,False,6,req-0060 req-0163 req-0148 req-0117 req-0242 req-0369
request_neutral,30,224,req-0224,oracle,True,True,1,req-0224
request_neutral,30,131,req-0131,user_only,False,False,0,
request_neutral,30,131,req-0131,naive,True,True,16,req-0403 req-0083 req-0087 req-0312 req-0326 req-0309 req-0296 req-0371 req-0131 req-0305 req-0200 req-0377 req-0149 req-0217 req-0251 req-0372
request_neutral,30,131,req-0131,bridge,False,False,6,req-0372 req-0251 req-0217 req-0149 req-0377 req-0200
request_neutral,30,131,req-0131,oracle,True,True,1,req-0131
request_neutral,30,119,req-0119,user_only,False,False,0,
request_neutral,30,119,req-0119,naive,True,True,16,req-0383 req-0152 req-0315 req-0369 req-0160 req-0149 req-0067 req-0390 req-0119 req-0397 req-0150 req-0371 req-0204 req-0194 req-0291 req-0197
request_neutral,30,119,req-0119,bridge,False,False,6,req-0197 req-0291 req-0194 req-0204 req-0371 req-0150
request_neutral,30,119,req-0119,oracle,True,True,1,req-0119
request_neutral,30,222,req-0222,user_only,False,False,0,
request_neutral,30,222,req-0222,naive,True,True,16,req-0120 req-0326 req-0251 req-0214 req-0114 req-0176 req-0128 req-0089 req-0222 req-0241 req-0375 req-0169 req-0237 req-0104 req-0366 req-0275
request_neutral,30,222,req-0222,bridge,False,False,6,req-0275 req-0366 req-0104 req-0237 req-0169 req-0375
request_neutral,30,222,req-0222,oracle,True,True,1,req-0222
request_neutral,30,409,req-0409,user_only,False,False,0,
request_neutral,30,409,req-0409,naive,True,True,16,req-0078 req-0415 req-0435 req-0060 req-0239 req-0364 req-0439 req-0339 req-0409 req-0071 req-0381 req-0369 req-0250 req-0422 req-0447 req-0434
request_neutral,30,409,req-0409,bridge,False,False,6,req-0434 req-0447 req-0422 req-0250 req-0369 req-0381
request_neutral,30,409,req-0409,oracle,True,True,1,req-0409
request_neutral,30,175,req-0175,user_only,False,False,0,
request_neutral,30,175,req-0175,naive,True,True,16,req-0224 req-0386 req-0104 req-0137 req-0376 req-0150 req-0444 req-0206 req-0175 req-0379 req-0261 req-0176 req-0277 req-0352 req-0371 req-0209
request_neutral,30,175,req-0175,bridge,False,False,6,req-0209 req-0371 req-0352 req-0277 req-0176 req-0261
request_neutral,30,175,req-0175,oracle,True,True,1,req-0175
request_neutral,30,133,req-0133,user_only,False,False,0,
request_neutral,30,133,req-0133,naive,True,True,16,req-0154 req-0352 req-0220 req-0195 req-0297 req-0349 req-0410 req-0443 req-0133 req-0397 req-0181 req-0371 req-0299 req-0239 req-0311 req-0350
request_neutral,30,133,req-0133,bridge,False,False,6,req-0350 req-0311 req-0239 req-0299 req-0371 req-0181
request_neutral,30,133,req-0133,oracle,True,True,1,req-0133
request_neutral,30,50,req-0050,user_only,False,False,0,
request_neutral,30,50,req-0050,naive,True,True,16,req-0238 req-0132 req-0285 req-0305 req-0319 req-0084 req-0381 req-0119 req-0050 req-0124 req-0378 req-0273 req-0430 req-0076 req-0392 req-0235
request_neutral,30,50,req-0050,bridge,False,False,6,req-0235 req-0392 req-0076 req-0430 req-0273 req-0378
request_neutral,30,50,req-0050,oracle,True,True,1,req-0050
request_neutral,100,76,req-0076,user_only,True,False,0,
request_neutral,100,76,req-0076,naive,True,True,16,req-0252 req-0399 req-0303 req-0380 req-0159 req-0158 req-0219 req-0062 req-0076 req-0384 req-0167 req-0138 req-0365 req-0116 req-0185 req-0177
request_neutral,100,76,req-0076,bridge,True,False,6,req-0177 req-0185 req-0116 req-0365 req-0138 req-0167
request_neutral,100,76,req-0076,oracle,True,True,1,req-0076
request_neutral,100,187,req-0187,user_only,False,False,0,
request_neutral,100,187,req-0187,naive,True,True,16,req-0273 req-0120 req-0349 req-0314 req-0246 req-0244 req-0434 req-0147 req-0187 req-0052 req-0082 req-0429 req-0375 req-0354 req-0412 req-0361
request_neutral,100,187,req-0187,bridge,False,False,6,req-0361 req-0412 req-0354 req-0375 req-0429 req-0082
request_neutral,100,187,req-0187,oracle,True,True,1,req-0187
request_neutral,100,94,req-0094,user_only,True,False,0,
request_neutral,100,94,req-0094,naive,True,True,16,req-0167 req-0393 req-0132 req-0177 req-0077 req-0306 req-0225 req-0223 req-0094 req-0155 req-0395 req-0251 req-0254 req-0338 req-0083 req-0326
request_neutral,100,94,req-0094,bridge,True,False,6,req-0326 req-0083 req-0338 req-0254 req-0251 req-0395
request_neutral,100,94,req-0094,oracle,True,True,1,req-0094
request_neutral,100,443,req-0443,user_only,False,False,0,
request_neutral,100,443,req-0443,naive,True,True,16,req-0209 req-0382 req-0447 req-0244 req-0404 req-0142 req-0344 req-0266 req-0443 req-0139 req-0217 req-0165 req-0233 req-0324 req-0420 req-0348
request_neutral,100,443,req-0443,bridge,False,False,6,req-0348 req-0420 req-0324 req-0233 req-0165 req-0217
request_neutral,100,443,req-0443,oracle,True,True,1,req-0443
request_neutral,100,258,req-0258,user_only,False,False,0,
request_neutral,100,258,req-0258,naive,True,True,16,req-0349 req-0399 req-0069 req-0144 req-0439 req-0274 req-0378 req-0224 req-0258 req-0448 req-0285 req-0417 req-0106 req-0059 req-0305 req-0370
request_neutral,100,258,req-0258,bridge,False,False,6,req-0370 req-0305 req-0059 req-0106 req-0417 req-0285
request_neutral,100,258,req-0258,oracle,True,True,1,req-0258
request_neutral,100,186,req-0186,user_only,False,False,0,
request_neutral,100,186,req-0186,naive,True,True,16,req-0406 req-0079 req-0256 req-0082 req-0133 req-0417 req-0098 req-0117 req-0186 req-0222 req-0382 req-0147 req-0180 req-0173 req-0435 req-0176
request_neutral,100,186,req-0186,bridge,False,False,6,req-0176 req-0435 req-0173 req-0180 req-0147 req-0382
request_neutral,100,186,req-0186,oracle,True,True,1,req-0186
request_neutral,100,105,req-0105,user_only,False,False,0,
request_neutral,100,105,req-0105,naive,True,True,16,req-0277 req-0061 req-0068 req-0085 req-0310 req-0162 req-0295 req-0219 req-0105 req-0333 req-0121 req-0405 req-0135 req-0427 req-0305 req-0430
request_neutral,100,105,req-0105,bridge,False,False,6,req-0430 req-0305 req-0427 req-0135 req-0405 req-0121
request_neutral,100,105,req-0105,oracle,True,True,1,req-0105
request_neutral,100,69,req-0069,user_only,True,False,0,
request_neutral,100,69,req-0069,naive,True,True,16,req-0296 req-0348 req-0394 req-0369 req-0172 req-0109 req-0267 req-0106 req-0069 req-0287 req-0083 req-0388 req-0431 req-0230 req-0389 req-0088
request_neutral,100,69,req-0069,bridge,True,False,6,req-0088 req-0389 req-0230 req-0431 req-0388 req-0083
request_neutral,100,69,req-0069,oracle,True,True,1,req-0069
request_neutral,100,244,req-0244,user_only,False,False,0,
request_neutral,100,244,req-0244,naive,True,True,16,req-0123 req-0281 req-0350 req-0324 req-0168 req-0335 req-0121 req-0177 req-0244 req-0164 req-0175 req-0134 req-0093 req-0186 req-0443 req-0370
request_neutral,100,244,req-0244,bridge,False,False,6,req-0370 req-0443 req-0186 req-0093 req-0134 req-0175
request_neutral,100,244,req-0244,oracle,True,True,1,req-0244
request_neutral,100,324,req-0324,user_only,False,False,0,
request_neutral,100,324,req-0324,naive,True,True,16,req-0206 req-0098 req-0173 req-0170 req-0052 req-0399 req-0181 req-0240 req-0324 req-0235 req-0109 req-0172 req-0313 req-0209 req-0057 req-0082
request_neutral,100,324,req-0324,bridge,False,False,6,req-0082 req-0057 req-0209 req-0313 req-0172 req-0109
request_neutral,100,324,req-0324,oracle,True,True,1,req-0324
request_neutral,100,337,req-0337,user_only,False,False,0,
request_neutral,100,337,req-0337,naive,True,True,16,req-0410 req-0429 req-0413 req-0193 req-0090 req-0446 req-0394 req-0405 req-0337 req-0316 req-0384 req-0314 req-0252 req-0175 req-0238 req-0221
request_neutral,100,337,req-0337,bridge,False,False,6,req-0221 req-0238 req-0175 req-0252 req-0314 req-0384
request_neutral,100,337,req-0337,oracle,True,True,1,req-0337
request_neutral,100,220,req-0220,user_only,False,False,0,
request_neutral,100,220,req-0220,naive,True,True,16,req-0289 req-0367 req-0157 req-0335 req-0274 req-0299 req-0069 req-0087 req-0220 req-0444 req-0078 req-0105 req-0101 req-0293 req-0251 req-0150
request_neutral,100,220,req-0220,bridge,False,False,6,req-0150 req-0251 req-0293 req-0101 req-0105 req-0078
request_neutral,100,220,req-0220,oracle,True,True,1,req-0220
request_neutral,100,224,req-0224,user_only,False,False,0,
request_neutral,100,224,req-0224,naive,True,True,16,req-0318 req-0409 req-0322 req-0418 req-0427 req-0055 req-0332 req-0422 req-0224 req-0390 req-0154 req-0228 req-0423 req-0128 req-0116 req-0408
request_neutral,100,224,req-0224,bridge,False,False,6,req-0408 req-0116 req-0128 req-0423 req-0228 req-0154
request_neutral,100,224,req-0224,oracle,True,True,1,req-0224
request_neutral,100,131,req-0131,user_only,False,False,0,
request_neutral,100,131,req-0131,naive,True,True,16,req-0341 req-0134 req-0369 req-0347 req-0379 req-0407 req-0205 req-0183 req-0131 req-0082 req-0279 req-0059 req-0096 req-0191 req-0307 req-0089
request_neutral,100,131,req-0131,bridge,False,False,6,req-0089 req-0307 req-0191 req-0096 req-0059 req-0279
request_neutral,100,131,req-0131,oracle,True,True,1,req-0131
request_neutral,100,119,req-0119,user_only,False,False,0,
request_neutral,100,119,req-0119,naive,True,True,16,req-0185 req-0261 req-0391 req-0424 req-0392 req-0288 req-0224 req-0112 req-0119 req-0114 req-0393 req-0121 req-0369 req-0325 req-0355 req-0366
request_neutral,100,119,req-0119,bridge,False,False,6,req-0366 req-0355 req-0325 req-0369 req-0121 req-0393
request_neutral,100,119,req-0119,oracle,True,True,1,req-0119
request_neutral,100,222,req-0222,user_only,False,False,0,
request_neutral,100,222,req-0222,naive,True,True,16,req-0208 req-0324 req-0430 req-0338 req-0216 req-0305 req-0374 req-0380 req-0222 req-0345 req-0197 req-0136 req-0151 req-0449 req-0164 req-0382
request_neutral,100,222,req-0222,bridge,False,False,6,req-0382 req-0164 req-0449 req-0151 req-0136 req-0197
request_neutral,100,222,req-0222,oracle,True,True,1,req-0222
request_neutral,100,409,req-0409,user_only,False,False,0,
request_neutral,100,409,req-0409,naive,True,True,16,req-0282 req-0211 req-0086 req-0097 req-0291 req-0177 req-0278 req-0252 req-0409 req-0170 req-0408 req-0249 req-0208 req-0215 req-0324 req-0439
request_neutral,100,409,req-0409,bridge,False,False,6,req-0439 req-0324 req-0215 req-0208 req-0249 req-0408
request_neutral,100,409,req-0409,oracle,True,True,1,req-0409
request_neutral,100,175,req-0175,user_only,False,False,0,
request_neutral,100,175,req-0175,naive,True,True,16,req-0324 req-0411 req-0194 req-0393 req-0332 req-0353 req-0426 req-0059 req-0175 req-0422 req-0321 req-0105 req-0275 req-0400 req-0115 req-0121
request_neutral,100,175,req-0175,bridge,False,False,6,req-0121 req-0115 req-0400 req-0275 req-0105 req-0321
request_neutral,100,175,req-0175,oracle,True,True,1,req-0175
request_neutral,100,133,req-0133,user_only,False,False,0,
request_neutral,100,133,req-0133,naive,True,True,16,req-0296 req-0270 req-0121 req-0394 req-0287 req-0421 req-0112 req-0191 req-0133 req-0177 req-0093 req-0100 req-0364 req-0350 req-0195 req-0223
request_neutral,100,133,req-0133,bridge,False,False,6,req-0223 req-0195 req-0350 req-0364 req-0100 req-0093
request_neutral,100,133,req-0133,oracle,True,True,1,req-0133
request_neutral,100,50,req-0050,user_only,True,False,0,
request_neutral,100,50,req-0050,naive,True,True,16,req-0121 req-0212 req-0402 req-0274 req-0202 req-0091 req-0177 req-0341 req-0050 req-0434 req-0078 req-0319 req-0252 req-0240 req-0268 req-0446
request_neutral,100,50,req-0050,bridge,True,False,6,req-0446 req-0268 req-0240 req-0252 req-0319 req-0078
request_neutral,100,50,req-0050,oracle,True,True,1,req-0050
test_name,10,76,test_case_0076,user_only,False,False,0,
test_name,10,76,test_case_0076,naive,True,True,17,test_case_0374 test_case_0067 test_case_0185 test_case_0165 test_case_0201 test_case_0287 test_case_0394 test_case_0328 test_case_0076 FAILED test_case_0161 test_case_0284 test_case_0087 test_case_0158 test_case_0162 test_case_0398 test_case_0137
test_name,10,76,test_case_0076,bridge,True,True,6,FAILED test_case_0076 test_case_0137 test_case_0398 test_case_0162 test_case_0158
test_name,10,76,test_case_0076,oracle,True,True,1,test_case_0076
test_name,10,187,test_case_0187,user_only,False,False,0,
test_name,10,187,test_case_0187,naive,True,True,17,test_case_0313 test_case_0401 test_case_0204 test_case_0117 test_case_0211 test_case_0144 test_case_0196 test_case_0091 test_case_0187 FAILED test_case_0257 test_case_0233 test_case_0170 test_case_0265 test_case_0424 test_case_0280 test_case_0436
test_name,10,187,test_case_0187,bridge,True,True,6,FAILED test_case_0187 test_case_0436 test_case_0280 test_case_0424 test_case_0265
test_name,10,187,test_case_0187,oracle,True,True,1,test_case_0187
test_name,10,94,test_case_0094,user_only,False,False,0,
test_name,10,94,test_case_0094,naive,True,True,17,test_case_0132 test_case_0053 test_case_0199 test_case_0308 test_case_0367 test_case_0417 test_case_0164 test_case_0275 test_case_0094 FAILED test_case_0274 test_case_0138 test_case_0202 test_case_0210 test_case_0204 test_case_0445 test_case_0450
test_name,10,94,test_case_0094,bridge,True,True,6,FAILED test_case_0094 test_case_0450 test_case_0445 test_case_0204 test_case_0210
test_name,10,94,test_case_0094,oracle,True,True,1,test_case_0094
test_name,10,443,test_case_0443,user_only,False,False,0,
test_name,10,443,test_case_0443,naive,False,True,17,test_case_0078 test_case_0421 test_case_0170 test_case_0276 test_case_0165 test_case_0050 test_case_0070 test_case_0236 test_case_0443 FAILED test_case_0200 test_case_0122 test_case_0266 test_case_0431 test_case_0391 test_case_0344 test_case_0082
test_name,10,443,test_case_0443,bridge,True,True,6,FAILED test_case_0443 test_case_0082 test_case_0344 test_case_0391 test_case_0431
test_name,10,443,test_case_0443,oracle,True,True,1,test_case_0443
test_name,10,258,test_case_0258,user_only,False,False,0,
test_name,10,258,test_case_0258,naive,False,True,17,test_case_0149 test_case_0442 test_case_0286 test_case_0136 test_case_0061 test_case_0333 test_case_0125 test_case_0112 test_case_0258 FAILED test_case_0124 test_case_0141 test_case_0334 test_case_0331 test_case_0324 test_case_0316 test_case_0053
test_name,10,258,test_case_0258,bridge,True,True,6,FAILED test_case_0258 test_case_0053 test_case_0316 test_case_0324 test_case_0331
test_name,10,258,test_case_0258,oracle,True,True,1,test_case_0258
test_name,10,186,test_case_0186,user_only,False,False,0,
test_name,10,186,test_case_0186,naive,True,True,17,test_case_0080 test_case_0096 test_case_0174 test_case_0289 test_case_0296 test_case_0393 test_case_0446 test_case_0320 test_case_0186 FAILED test_case_0313 test_case_0234 test_case_0143 test_case_0406 test_case_0266 test_case_0300 test_case_0098
test_name,10,186,test_case_0186,bridge,True,True,6,FAILED test_case_0186 test_case_0098 test_case_0300 test_case_0266 test_case_0406
test_name,10,186,test_case_0186,oracle,True,True,1,test_case_0186
test_name,10,105,test_case_0105,user_only,False,False,0,
test_name,10,105,test_case_0105,naive,True,True,17,test_case_0062 test_case_0405 test_case_0360 test_case_0182 test_case_0159 test_case_0376 test_case_0247 test_case_0358 test_case_0105 FAILED test_case_0374 test_case_0226 test_case_0431 test_case_0309 test_case_0346 test_case_0059 test_case_0325
test_name,10,105,test_case_0105,bridge,True,True,6,FAILED test_case_0105 test_case_0325 test_case_0059 test_case_0346 test_case_0309
test_name,10,105,test_case_0105,oracle,True,True,1,test_case_0105
test_name,10,69,test_case_0069,user_only,False,False,0,
test_name,10,69,test_case_0069,naive,True,True,17,test_case_0144 test_case_0139 test_case_0153 test_case_0200 test_case_0142 test_case_0306 test_case_0059 test_case_0257 test_case_0069 FAILED test_case_0122 test_case_0211 test_case_0363 test_case_0305 test_case_0326 test_case_0286 test_case_0419
test_name,10,69,test_case_0069,bridge,True,True,6,FAILED test_case_0069 test_case_0419 test_case_0286 test_case_0326 test_case_0305
test_name,10,69,test_case_0069,oracle,True,True,1,test_case_0069
test_name,10,244,test_case_0244,user_only,False,False,0,
test_name,10,244,test_case_0244,naive,False,True,17,test_case_0194 test_case_0122 test_case_0107 test_case_0444 test_case_0165 test_case_0350 test_case_0292 test_case_0410 test_case_0244 FAILED test_case_0216 test_case_0088 test_case_0154 test_case_0240 test_case_0394 test_case_0420 test_case_0061
test_name,10,244,test_case_0244,bridge,True,True,6,FAILED test_case_0244 test_case_0061 test_case_0420 test_case_0394 test_case_0240
test_name,10,244,test_case_0244,oracle,True,True,1,test_case_0244
test_name,10,324,test_case_0324,user_only,False,False,0,
test_name,10,324,test_case_0324,naive,False,True,17,test_case_0154 test_case_0202 test_case_0305 test_case_0389 test_case_0259 test_case_0068 test_case_0442 test_case_0437 test_case_0324 FAILED test_case_0412 test_case_0356 test_case_0436 test_case_0294 test_case_0282 test_case_0163 test_case_0155
test_name,10,324,test_case_0324,bridge,True,True,6,FAILED test_case_0324 test_case_0155 test_case_0163 test_case_0282 test_case_0294
test_name,10,324,test_case_0324,oracle,True,True,1,test_case_0324
test_name,10,337,test_case_0337,user_only,False,False,0,
test_name,10,337,test_case_0337,naive,False,True,17,test_case_0245 test_case_0111 test_case_0341 test_case_0332 test_case_0359 test_case_0242 test_case_0227 test_case_0103 test_case_0337 FAILED test_case_0385 test_case_0147 test_case_0151 test_case_0072 test_case_0162 test_case_0318 test_case_0449
test_name,10,337,test_case_0337,bridge,True,True,6,FAILED test_case_0337 test_case_0449 test_case_0318 test_case_0162 test_case_0072
test_name,10,337,test_case_0337,oracle,True,True,1,test_case_0337
test_name,10,220,test_case_0220,user_only,False,False,0,
test_name,10,220,test_case_0220,naive,True,True,17,test_case_0379 test_case_0448 test_case_0322 test_case_0431 test_case_0153 test_case_0138 test_case_0182 test_case_0262 test_case_0220 FAILED test_case_0196 test_case_0437 test_case_0388 test_case_0433 test_case_0397 test_case_0145 test_case_0350
test_name,10,220,test_case_0220,bridge,True,True,6,FAILED test_case_0220 test_case_0350 test_case_0145 test_case_0397 test_case_0433
test_name,10,220,test_case_0220,oracle,True,True,1,test_case_0220
test_name,10,224,test_case_0224,user_only,False,False,0,
test_name,10,224,test_case_0224,naive,True,True,17,test_case_0102 test_case_0052 test_case_0209 test_case_0337 test_case_0183 test_case_0273 test_case_0391 test_case_0091 test_case_0224 FAILED test_case_0057 test_case_0217 test_case_0392 test_case_0251 test_case_0259 test_case_0383 test_case_0345
test_name,10,224,test_case_0224,bridge,True,True,6,FAILED test_case_0224 test_case_0345 test_case_0383 test_case_0259 test_case_0251
test_name,10,224,test_case_0224,oracle,True,True,1,test_case_0224
test_name,10,131,test_case_0131,user_only,False,False,0,
test_name,10,131,test_case_0131,naive,True,True,17,test_case_0229 test_case_0342 test_case_0209 test_case_0290 test_case_0443 test_case_0304 test_case_0249 test_case_0128 test_case_0131 FAILED test_case_0430 test_case_0448 test_case_0143 test_case_0097 test_case_0272 test_case_0395 test_case_0094
test_name,10,131,test_case_0131,bridge,True,True,6,FAILED test_case_0131 test_case_0094 test_case_0395 test_case_0272 test_case_0097
test_name,10,131,test_case_0131,oracle,True,True,1,test_case_0131
test_name,10,119,test_case_0119,user_only,False,False,0,
test_name,10,119,test_case_0119,naive,True,True,17,test_case_0236 test_case_0156 test_case_0426 test_case_0077 test_case_0410 test_case_0052 test_case_0259 test_case_0139 test_case_0119 FAILED test_case_0361 test_case_0384 test_case_0101 test_case_0164 test_case_0209 test_case_0390 test_case_0238
test_name,10,119,test_case_0119,bridge,True,True,6,FAILED test_case_0119 test_case_0238 test_case_0390 test_case_0209 test_case_0164
test_name,10,119,test_case_0119,oracle,True,True,1,test_case_0119
test_name,10,222,test_case_0222,user_only,False,False,0,
test_name,10,222,test_case_0222,naive,False,True,17,test_case_0352 test_case_0435 test_case_0186 test_case_0343 test_case_0133 test_case_0207 test_case_0325 test_case_0136 test_case_0222 FAILED test_case_0317 test_case_0295 test_case_0332 test_case_0070 test_case_0204 test_case_0197 test_case_0195
test_name,10,222,test_case_0222,bridge,True,True,6,FAILED test_case_0222 test_case_0195 test_case_0197 test_case_0204 test_case_0070
test_name,10,222,test_case_0222,oracle,True,True,1,test_case_0222
test_name,10,409,test_case_0409,user_only,False,False,0,
test_name,10,409,test_case_0409,naive,False,True,17,test_case_0249 test_case_0065 test_case_0384 test_case_0082 test_case_0326 test_case_0080 test_case_0233 test_case_0424 test_case_0409 FAILED test_case_0093 test_case_0182 test_case_0086 test_case_0327 test_case_0161 test_case_0072 test_case_0322
test_name,10,409,test_case_0409,bridge,True,True,6,FAILED test_case_0409 test_case_0322 test_case_0072 test_case_0161 test_case_0327
test_name,10,409,test_case_0409,oracle,True,True,1,test_case_0409
test_name,10,175,test_case_0175,user_only,False,False,0,
test_name,10,175,test_case_0175,naive,True,True,17,test_case_0311 test_case_0403 test_case_0363 test_case_0286 test_case_0316 test_case_0072 test_case_0115 test_case_0196 test_case_0175 FAILED test_case_0186 test_case_0222 test_case_0330 test_case_0263 test_case_0190 test_case_0370 test_case_0142
test_name,10,175,test_case_0175,bridge,True,True,6,FAILED test_case_0175 test_case_0142 test_case_0370 test_case_0190 test_case_0263
test_name,10,175,test_case_0175,oracle,True,True,1,test_case_0175
test_name,10,133,test_case_0133,user_only,False,False,0,
test_name,10,133,test_case_0133,naive,True,True,17,test_case_0336 test_case_0148 test_case_0161 test_case_0346 test_case_0285 test_case_0261 test_case_0176 test_case_0059 test_case_0133 FAILED test_case_0137 test_case_0189 test_case_0263 test_case_0367 test_case_0306 test_case_0076 test_case_0224
test_name,10,133,test_case_0133,bridge,True,True,6,FAILED test_case_0133 test_case_0224 test_case_0076 test_case_0306 test_case_0367
test_name,10,133,test_case_0133,oracle,True,True,1,test_case_0133
test_name,10,50,test_case_0050,user_only,False,False,0,
test_name,10,50,test_case_0050,naive,True,True,17,test_case_0196 test_case_0317 test_case_0417 test_case_0067 test_case_0152 test_case_0297 test_case_0119 test_case_0373 test_case_0050 FAILED test_case_0238 test_case_0406 test_case_0233 test_case_0240 test_case_0216 test_case_0332 test_case_0237
test_name,10,50,test_case_0050,bridge,True,True,6,FAILED test_case_0050 test_case_0237 test_case_0332 test_case_0216 test_case_0240
test_name,10,50,test_case_0050,oracle,True,True,1,test_case_0050
test_name,30,76,test_case_0076,user_only,False,False,0,
test_name,30,76,test_case_0076,naive,True,True,17,test_case_0357 test_case_0426 test_case_0073 test_case_0110 test_case_0378 test_case_0395 test_case_0373 test_case_0350 test_case_0076 FAILED test_case_0142 test_case_0218 test_case_0181 test_case_0148 test_case_0313 test_case_0410 test_case_0222
test_name,30,76,test_case_0076,bridge,True,True,6,FAILED test_case_0076 test_case_0222 test_case_0410 test_case_0313 test_case_0148
test_name,30,76,test_case_0076,oracle,True,True,1,test_case_0076
test_name,30,187,test_case_0187,user_only,False,False,0,
test_name,30,187,test_case_0187,naive,True,True,17,test_case_0392 test_case_0426 test_case_0389 test_case_0177 test_case_0292 test_case_0197 test_case_0413 test_case_0327 test_case_0187 FAILED test_case_0435 test_case_0338 test_case_0343 test_case_0165 test_case_0216 test_case_0402 test_case_0303
test_name,30,187,test_case_0187,bridge,True,True,6,FAILED test_case_0187 test_case_0303 test_case_0402 test_case_0216 test_case_0165
test_name,30,187,test_case_0187,oracle,True,True,1,test_case_0187
test_name,30,94,test_case_0094,user_only,False,False,0,
test_name,30,94,test_case_0094,naive,True,True,17,test_case_0442 test_case_0365 test_case_0229 test_case_0427 test_case_0268 test_case_0408 test_case_0233 test_case_0439 test_case_0094 FAILED test_case_0303 test_case_0301 test_case_0078 test_case_0351 test_case_0366 test_case_0381 test_case_0102
test_name,30,94,test_case_0094,bridge,True,True,6,FAILED test_case_0094 test_case_0102 test_case_0381 test_case_0366 test_case_0351
test_name,30,94,test_case_0094,oracle,True,True,1,test_case_0094
test_name,30,443,test_case_0443,user_only,False,False,0,
test_name,30,443,test_case_0443,naive,True,True,17,test_case_0244 test_case_0333 test_case_0121 test_case_0322 test_case_0199 test_case_0302 test_case_0085 test_case_0190 test_case_0443 FAILED test_case_0196 test_case_0110 test_case_0113 test_case_0140 test_case_0232 test_case_0123 test_case_0394
test_name,30,443,test_case_0443,bridge,True,True,6,FAILED test_case_0443 test_case_0394 test_case_0123 test_case_0232 test_case_0140
test_name,30,443,test_case_0443,oracle,True,True,1,test_case_0443
test_name,30,258,test_case_0258,user_only,False,False,0,
test_name,30,258,test_case_0258,naive,True,True,17,test_case_0372 test_case_0234 test_case_0411 test_case_0085 test_case_0373 test_case_0391 test_case_0159 test_case_0232 test_case_0258 FAILED test_case_0089 test_case_0274 test_case_0106 test_case_0392 test_case_0385 test_case_0272 test_case_0077
test_name,30,258,test_case_0258,bridge,True,True,6,FAILED test_case_0258 test_case_0077 test_case_0272 test_case_0385 test_case_0392
test_name,30,258,test_case_0258,oracle,True,True,1,test_case_0258
test_name,30,186,test_case_0186,user_only,False,False,0,
test_name,30,186,test_case_0186,naive,True,True,17,test_case_0412 test_case_0276 test_case_0409 test_case_0139 test_case_0314 test_case_0172 test_case_0080 test_case_0159 test_case_0186 FAILED test_case_0318 test_case_0131 test_case_0141 test_case_0073 test_case_0381 test_case_0403 test_case_0052
test_name,30,186,test_case_0186,bridge,True,True,6,FAILED test_case_0186 test_case_0052 test_case_0403 test_case_0381 test_case_0073
test_name,30,186,test_case_0186,oracle,True,True,1,test_case_0186
test_name,30,105,test_case_0105,user_only,False,False,0,
test_name,30,105,test_case_0105,naive,True,True,17,test_case_0331 test_case_0131 test_case_0449 test_case_0111 test_case_0176 test_case_0224 test_case_0068 test_case_0326 test_case_0105 FAILED test_case_0424 test_case_0171 test_case_0295 test_case_0246 test_case_0227 test_case_0145 test_case_0215
test_name,30,105,test_case_0105,bridge,True,True,6,FAILED test_case_0105 test_case_0215 test_case_0145 test_case_0227 test_case_0246
test_name,30,105,test_case_0105,oracle,True,True,1,test_case_0105
test_name,30,69,test_case_0069,user_only,False,False,0,
test_name,30,69,test_case_0069,naive,True,True,17,test_case_0075 test_case_0122 test_case_0270 test_case_0172 test_case_0316 test_case_0114 test_case_0190 test_case_0363 test_case_0069 FAILED test_case_0084 test_case_0445 test_case_0375 test_case_0325 test_case_0085 test_case_0059 test_case_0333
test_name,30,69,test_case_0069,bridge,True,True,6,FAILED test_case_0069 test_case_0333 test_case_0059 test_case_0085 test_case_0325
test_name,30,69,test_case_0069,oracle,True,True,1,test_case_0069
test_name,30,244,test_case_0244,user_only,False,False,0,
test_name,30,244,test_case_0244,naive,True,True,17,test_case_0425 test_case_0365 test_case_0095 test_case_0229 test_case_0129 test_case_0398 test_case_0437 test_case_0413 test_case_0244 FAILED test_case_0275 test_case_0319 test_case_0260 test_case_0283 test_case_0077 test_case_0076 test_case_0166
test_name,30,244,test_case_0244,bridge,True,True,6,FAILED test_case_0244 test_case_0166 test_case_0076 test_case_0077 test_case_0283
test_name,30,244,test_case_0244,oracle,True,True,1,test_case_0244
test_name,30,324,test_case_0324,user_only,False,False,0,
test_name,30,324,test_case_0324,naive,True,True,17,test_case_0083 test_case_0373 test_case_0135 test_case_0059 test_case_0249 test_case_0444 test_case_0146 test_case_0157 test_case_0324 FAILED test_case_0314 test_case_0439 test_case_0092 test_case_0201 test_case_0358 test_case_0077 test_case_0255
test_name,30,324,test_case_0324,bridge,True,True,6,FAILED test_case_0324 test_case_0255 test_case_0077 test_case_0358 test_case_0201
test_name,30,324,test_case_0324,oracle,True,True,1,test_case_0324
test_name,30,337,test_case_0337,user_only,False,False,0,
test_name,30,337,test_case_0337,naive,True,True,17,test_case_0289 test_case_0450 test_case_0326 test_case_0285 test_case_0297 test_case_0209 test_case_0097 test_case_0117 test_case_0337 FAILED test_case_0265 test_case_0298 test_case_0431 test_case_0170 test_case_0106 test_case_0357 test_case_0267
test_name,30,337,test_case_0337,bridge,True,True,6,FAILED test_case_0337 test_case_0267 test_case_0357 test_case_0106 test_case_0170
test_name,30,337,test_case_0337,oracle,True,True,1,test_case_0337
test_name,30,220,test_case_0220,user_only,False,False,0,
test_name,30,220,test_case_0220,naive,True,True,17,test_case_0230 test_case_0307 test_case_0153 test_case_0245 test_case_0217 test_case_0231 test_case_0118 test_case_0232 test_case_0220 FAILED test_case_0102 test_case_0378 test_case_0081 test_case_0436 test_case_0446 test_case_0246 test_case_0431
test_name,30,220,test_case_0220,bridge,True,True,6,FAILED test_case_0220 test_case_0431 test_case_0246 test_case_0446 test_case_0436
test_name,30,220,test_case_0220,oracle,True,True,1,test_case_0220
test_name,30,224,test_case_0224,user_only,False,False,0,
test_name,30,224,test_case_0224,naive,True,True,17,test_case_0092 test_case_0289 test_case_0316 test_case_0189 test_case_0326 test_case_0241 test_case_0212 test_case_0419 test_case_0224 FAILED test_case_0302 test_case_0340 test_case_0088 test_case_0334 test_case_0226 test_case_0065 test_case_0144
test_name,30,224,test_case_0224,bridge,True,True,6,FAILED test_case_0224 test_case_0144 test_case_0065 test_case_0226 test_case_0334
test_name,30,224,test_case_0224,oracle,True,True,1,test_case_0224
test_name,30,131,test_case_0131,user_only,False,False,0,
test_name,30,131,test_case_0131,naive,True,True,17,test_case_0263 test_case_0259 test_case_0429 test_case_0420 test_case_0243 test_case_0425 test_case_0281 test_case_0318 test_case_0131 FAILED test_case_0195 test_case_0208 test_case_0442 test_case_0445 test_case_0241 test_case_0311 test_case_0298
test_name,30,131,test_case_0131,bridge,True,True,6,FAILED test_case_0131 test_case_0298 test_case_0311 test_case_0241 test_case_0445
test_name,30,131,test_case_0131,oracle,True,True,1,test_case_0131
test_name,30,119,test_case_0119,user_only,False,False,0,
test_name,30,119,test_case_0119,naive,True,True,17,test_case_0166 test_case_0346 test_case_0291 test_case_0223 test_case_0388 test_case_0244 test_case_0091 test_case_0192 test_case_0119 FAILED test_case_0212 test_case_0172 test_case_0154 test_case_0444 test_case_0088 test_case_0159 test_case_0413
test_name,30,119,test_case_0119,bridge,True,True,6,FAILED test_case_0119 test_case_0413 test_case_0159 test_case_0088 test_case_0444
test_name,30,119,test_case_0119,oracle,True,True,1,test_case_0119
test_name,30,222,test_case_0222,user_only,False,False,0,
test_name,30,222,test_case_0222,naive,True,True,17,test_case_0333 test_case_0225 test_case_0345 test_case_0410 test_case_0269 test_case_0421 test_case_0069 test_case_0295 test_case_0222 FAILED test_case_0438 test_case_0144 test_case_0280 test_case_0220 test_case_0081 test_case_0051 test_case_0282
test_name,30,222,test_case_0222,bridge,True,True,6,FAILED test_case_0222 test_case_0282 test_case_0051 test_case_0081 test_case_0220
test_name,30,222,test_case_0222,oracle,True,True,1,test_case_0222
test_name,30,409,test_case_0409,user_only,False,False,0,
test_name,30,409,test_case_0409,naive,True,True,17,test_case_0073 test_case_0207 test_case_0097 test_case_0253 test_case_0314 test_case_0119 test_case_0217 test_case_0144 test_case_0409 FAILED test_case_0193 test_case_0375 test_case_0118 test_case_0387 test_case_0103 test_case_0433 test_case_0127
test_name,30,409,test_case_0409,bridge,True,True,6,FAILED test_case_0409 test_case_0127 test_case_0433 test_case_0103 test_case_0387
test_name,30,409,test_case_0409,oracle,True,True,1,test_case_0409
test_name,30,175,test_case_0175,user_only,False,False,0,
test_name,30,175,test_case_0175,naive,True,True,17,test_case_0341 test_case_0086 test_case_0235 test_case_0220 test_case_0315 test_case_0148 test_case_0363 test_case_0365 test_case_0175 FAILED test_case_0245 test_case_0303 test_case_0209 test_case_0158 test_case_0325 test_case_0093 test_case_0200
test_name,30,175,test_case_0175,bridge,True,True,6,FAILED test_case_0175 test_case_0200 test_case_0093 test_case_0325 test_case_0158
test_name,30,175,test_case_0175,oracle,True,True,1,test_case_0175
test_name,30,133,test_case_0133,user_only,False,False,0,
test_name,30,133,test_case_0133,naive,True,True,17,test_case_0183 test_case_0121 test_case_0440 test_case_0449 test_case_0243 test_case_0190 test_case_0347 test_case_0395 test_case_0133 FAILED test_case_0074 test_case_0099 test_case_0112 test_case_0165 test_case_0368 test_case_0288 test_case_0077
test_name,30,133,test_case_0133,bridge,True,True,6,FAILED test_case_0133 test_case_0077 test_case_0288 test_case_0368 test_case_0165
test_name,30,133,test_case_0133,oracle,True,True,1,test_case_0133
test_name,30,50,test_case_0050,user_only,False,False,0,
test_name,30,50,test_case_0050,naive,True,True,17,test_case_0445 test_case_0169 test_case_0116 test_case_0245 test_case_0384 test_case_0383 test_case_0367 test_case_0084 test_case_0050 FAILED test_case_0214 test_case_0270 test_case_0111 test_case_0199 test_case_0078 test_case_0056 test_case_0401
test_name,30,50,test_case_0050,bridge,True,True,6,FAILED test_case_0050 test_case_0401 test_case_0056 test_case_0078 test_case_0199
test_name,30,50,test_case_0050,oracle,True,True,1,test_case_0050
test_name,100,76,test_case_0076,user_only,True,False,0,
test_name,100,76,test_case_0076,naive,True,True,17,test_case_0331 test_case_0150 test_case_0139 test_case_0226 test_case_0391 test_case_0337 test_case_0190 test_case_0421 test_case_0076 FAILED test_case_0242 test_case_0233 test_case_0347 test_case_0224 test_case_0266 test_case_0370 test_case_0289
test_name,100,76,test_case_0076,bridge,True,True,6,FAILED test_case_0076 test_case_0289 test_case_0370 test_case_0266 test_case_0224
test_name,100,76,test_case_0076,oracle,True,True,1,test_case_0076
test_name,100,187,test_case_0187,user_only,False,False,0,
test_name,100,187,test_case_0187,naive,True,True,17,test_case_0186 test_case_0316 test_case_0085 test_case_0059 test_case_0267 test_case_0202 test_case_0075 test_case_0152 test_case_0187 FAILED test_case_0393 test_case_0179 test_case_0266 test_case_0131 test_case_0224 test_case_0226 test_case_0244
test_name,100,187,test_case_0187,bridge,True,True,6,FAILED test_case_0187 test_case_0244 test_case_0226 test_case_0224 test_case_0131
test_name,100,187,test_case_0187,oracle,True,True,1,test_case_0187
test_name,100,94,test_case_0094,user_only,True,False,0,
test_name,100,94,test_case_0094,naive,True,True,17,test_case_0118 test_case_0448 test_case_0122 test_case_0138 test_case_0366 test_case_0225 test_case_0209 test_case_0148 test_case_0094 FAILED test_case_0262 test_case_0281 test_case_0321 test_case_0181 test_case_0335 test_case_0329 test_case_0373
test_name,100,94,test_case_0094,bridge,True,True,6,FAILED test_case_0094 test_case_0373 test_case_0329 test_case_0335 test_case_0181
test_name,100,94,test_case_0094,oracle,True,True,1,test_case_0094
test_name,100,443,test_case_0443,user_only,False,False,0,
test_name,100,443,test_case_0443,naive,True,True,17,test_case_0314 test_case_0232 test_case_0180 test_case_0237 test_case_0434 test_case_0418 test_case_0321 test_case_0173 test_case_0443 FAILED test_case_0076 test_case_0429 test_case_0449 test_case_0241 test_case_0396 test_case_0059 test_case_0139
test_name,100,443,test_case_0443,bridge,True,True,6,FAILED test_case_0443 test_case_0139 test_case_0059 test_case_0396 test_case_0241
test_name,100,443,test_case_0443,oracle,True,True,1,test_case_0443
test_name,100,258,test_case_0258,user_only,False,False,0,
test_name,100,258,test_case_0258,naive,True,True,17,test_case_0284 test_case_0072 test_case_0126 test_case_0380 test_case_0065 test_case_0084 test_case_0114 test_case_0155 test_case_0258 FAILED test_case_0164 test_case_0417 test_case_0283 test_case_0132 test_case_0098 test_case_0434 test_case_0168
test_name,100,258,test_case_0258,bridge,True,True,6,FAILED test_case_0258 test_case_0168 test_case_0434 test_case_0098 test_case_0132
test_name,100,258,test_case_0258,oracle,True,True,1,test_case_0258
test_name,100,186,test_case_0186,user_only,False,False,0,
test_name,100,186,test_case_0186,naive,True,True,17,test_case_0325 test_case_0309 test_case_0070 test_case_0057 test_case_0359 test_case_0315 test_case_0116 test_case_0137 test_case_0186 FAILED test_case_0394 test_case_0107 test_case_0252 test_case_0400 test_case_0354 test_case_0163 test_case_0364
test_name,100,186,test_case_0186,bridge,True,True,6,FAILED test_case_0186 test_case_0364 test_case_0163 test_case_0354 test_case_0400
test_name,100,186,test_case_0186,oracle,True,True,1,test_case_0186
test_name,100,105,test_case_0105,user_only,False,False,0,
test_name,100,105,test_case_0105,naive,True,True,17,test_case_0152 test_case_0305 test_case_0145 test_case_0068 test_case_0087 test_case_0294 test_case_0377 test_case_0240 test_case_0105 FAILED test_case_0174 test_case_0411 test_case_0407 test_case_0097 test_case_0389 test_case_0339 test_case_0437
test_name,100,105,test_case_0105,bridge,True,True,6,FAILED test_case_0105 test_case_0437 test_case_0339 test_case_0389 test_case_0097
test_name,100,105,test_case_0105,oracle,True,True,1,test_case_0105
test_name,100,69,test_case_0069,user_only,True,False,0,
test_name,100,69,test_case_0069,naive,True,True,17,test_case_0246 test_case_0264 test_case_0238 test_case_0223 test_case_0364 test_case_0070 test_case_0081 test_case_0410 test_case_0069 FAILED test_case_0059 test_case_0378 test_case_0310 test_case_0193 test_case_0339 test_case_0325 test_case_0394
test_name,100,69,test_case_0069,bridge,True,True,6,FAILED test_case_0069 test_case_0394 test_case_0325 test_case_0339 test_case_0193
test_name,100,69,test_case_0069,oracle,True,True,1,test_case_0069
test_name,100,244,test_case_0244,user_only,False,False,0,
test_name,100,244,test_case_0244,naive,True,True,17,test_case_0297 test_case_0186 test_case_0067 test_case_0295 test_case_0404 test_case_0357 test_case_0323 test_case_0217 test_case_0244 FAILED test_case_0402 test_case_0246 test_case_0425 test_case_0059 test_case_0211 test_case_0236 test_case_0173
test_name,100,244,test_case_0244,bridge,True,True,6,FAILED test_case_0244 test_case_0173 test_case_0236 test_case_0211 test_case_0059
test_name,100,244,test_case_0244,oracle,True,True,1,test_case_0244
test_name,100,324,test_case_0324,user_only,False,False,0,
test_name,100,324,test_case_0324,naive,True,True,17,test_case_0281 test_case_0183 test_case_0333 test_case_0238 test_case_0114 test_case_0065 test_case_0259 test_case_0414 test_case_0324 FAILED test_case_0060 test_case_0139 test_case_0277 test_case_0054 test_case_0293 test_case_0432 test_case_0384
test_name,100,324,test_case_0324,bridge,True,True,6,FAILED test_case_0324 test_case_0384 test_case_0432 test_case_0293 test_case_0054
test_name,100,324,test_case_0324,oracle,True,True,1,test_case_0324
test_name,100,337,test_case_0337,user_only,False,False,0,
test_name,100,337,test_case_0337,naive,True,True,17,test_case_0283 test_case_0375 test_case_0312 test_case_0134 test_case_0265 test_case_0374 test_case_0438 test_case_0251 test_case_0337 FAILED test_case_0352 test_case_0387 test_case_0237 test_case_0413 test_case_0365 test_case_0293 test_case_0323
test_name,100,337,test_case_0337,bridge,True,True,6,FAILED test_case_0337 test_case_0323 test_case_0293 test_case_0365 test_case_0413
test_name,100,337,test_case_0337,oracle,True,True,1,test_case_0337
test_name,100,220,test_case_0220,user_only,False,False,0,
test_name,100,220,test_case_0220,naive,True,True,17,test_case_0236 test_case_0222 test_case_0241 test_case_0417 test_case_0364 test_case_0200 test_case_0321 test_case_0215 test_case_0220 FAILED test_case_0330 test_case_0213 test_case_0318 test_case_0190 test_case_0439 test_case_0388 test_case_0246
test_name,100,220,test_case_0220,bridge,True,True,6,FAILED test_case_0220 test_case_0246 test_case_0388 test_case_0439 test_case_0190
test_name,100,220,test_case_0220,oracle,True,True,1,test_case_0220
test_name,100,224,test_case_0224,user_only,False,False,0,
test_name,100,224,test_case_0224,naive,True,True,17,test_case_0435 test_case_0150 test_case_0436 test_case_0339 test_case_0131 test_case_0355 test_case_0369 test_case_0065 test_case_0224 FAILED test_case_0427 test_case_0144 test_case_0399 test_case_0213 test_case_0099 test_case_0449 test_case_0366
test_name,100,224,test_case_0224,bridge,True,True,6,FAILED test_case_0224 test_case_0366 test_case_0449 test_case_0099 test_case_0213
test_name,100,224,test_case_0224,oracle,True,True,1,test_case_0224
test_name,100,131,test_case_0131,user_only,False,False,0,
test_name,100,131,test_case_0131,naive,True,True,17,test_case_0295 test_case_0414 test_case_0191 test_case_0091 test_case_0203 test_case_0215 test_case_0447 test_case_0344 test_case_0131 FAILED test_case_0102 test_case_0185 test_case_0366 test_case_0132 test_case_0441 test_case_0325 test_case_0194
test_name,100,131,test_case_0131,bridge,True,True,6,FAILED test_case_0131 test_case_0194 test_case_0325 test_case_0441 test_case_0132
test_name,100,131,test_case_0131,oracle,True,True,1,test_case_0131
test_name,100,119,test_case_0119,user_only,False,False,0,
test_name,100,119,test_case_0119,naive,True,True,17,test_case_0234 test_case_0052 test_case_0294 test_case_0183 test_case_0082 test_case_0333 test_case_0439 test_case_0232 test_case_0119 FAILED test_case_0125 test_case_0260 test_case_0427 test_case_0078 test_case_0070 test_case_0430 test_case_0363
test_name,100,119,test_case_0119,bridge,True,True,6,FAILED test_case_0119 test_case_0363 test_case_0430 test_case_0070 test_case_0078
test_name,100,119,test_case_0119,oracle,True,True,1,test_case_0119
test_name,100,222,test_case_0222,user_only,False,False,0,
test_name,100,222,test_case_0222,naive,True,True,17,test_case_0264 test_case_0389 test_case_0094 test_case_0321 test_case_0370 test_case_0189 test_case_0133 test_case_0385 test_case_0222 FAILED test_case_0118 test_case_0344 test_case_0154 test_case_0179 test_case_0294 test_case_0092 test_case_0406
test_name,100,222,test_case_0222,bridge,True,True,6,FAILED test_case_0222 test_case_0406 test_case_0092 test_case_0294 test_case_0179
test_name,100,222,test_case_0222,oracle,True,True,1,test_case_0222
test_name,100,409,test_case_0409,user_only,False,False,0,
test_name,100,409,test_case_0409,naive,True,True,17,test_case_0233 test_case_0450 test_case_0058 test_case_0051 test_case_0292 test_case_0368 test_case_0216 test_case_0300 test_case_0409 FAILED test_case_0371 test_case_0106 test_case_0348 test_case_0278 test_case_0356 test_case_0160 test_case_0380
test_name,100,409,test_case_0409,bridge,True,True,6,FAILED test_case_0409 test_case_0380 test_case_0160 test_case_0356 test_case_0278
test_name,100,409,test_case_0409,oracle,True,True,1,test_case_0409
test_name,100,175,test_case_0175,user_only,False,False,0,
test_name,100,175,test_case_0175,naive,True,True,17,test_case_0217 test_case_0172 test_case_0219 test_case_0085 test_case_0378 test_case_0200 test_case_0355 test_case_0430 test_case_0175 FAILED test_case_0273 test_case_0260 test_case_0429 test_case_0167 test_case_0186 test_case_0391 test_case_0140
test_name,100,175,test_case_0175,bridge,True,True,6,FAILED test_case_0175 test_case_0140 test_case_0391 test_case_0186 test_case_0167
test_name,100,175,test_case_0175,oracle,True,True,1,test_case_0175
test_name,100,133,test_case_0133,user_only,False,False,0,
test_name,100,133,test_case_0133,naive,True,True,17,test_case_0101 test_case_0241 test_case_0308 test_case_0187 test_case_0191 test_case_0358 test_case_0407 test_case_0196 test_case_0133 FAILED test_case_0166 test_case_0213 test_case_0093 test_case_0118 test_case_0298 test_case_0408 test_case_0100
test_name,100,133,test_case_0133,bridge,True,True,6,FAILED test_case_0133 test_case_0100 test_case_0408 test_case_0298 test_case_0118
test_name,100,133,test_case_0133,oracle,True,True,1,test_case_0133
test_name,100,50,test_case_0050,user_only,True,False,0,
test_name,100,50,test_case_0050,naive,True,True,17,test_case_0204 test_case_0124 test_case_0079 test_case_0349 test_case_0256 test_case_0091 test_case_0301 test_case_0100 test_case_0050 FAILED test_case_0380 test_case_0419 test_case_0433 test_case_0177 test_case_0292 test_case_0243 test_case_0088
test_name,100,50,test_case_0050,bridge,True,True,6,FAILED test_case_0050 test_case_0088 test_case_0243 test_case_0292 test_case_0177
test_name,100,50,test_case_0050,oracle,True,True,1,test_case_0050
exception,10,76,Service0076Error,user_only,False,False,0,
exception,10,76,Service0076Error,naive,True,True,16,Service0088Error Service0148Error Service0341Error Service0200Error Service0228Error Service0257Error Service0087Error Service0331Error Service0076Error Service0154Error Service0246Error Service0440Error Service0286Error Service0299Error Service0348Error Service0433Error
exception,10,76,Service0076Error,bridge,False,False,6,Service0433Error Service0348Error Service0299Error Service0286Error Service0440Error Service0246Error
exception,10,76,Service0076Error,oracle,True,True,1,Service0076Error
exception,10,187,Service0187Error,user_only,False,False,0,
exception,10,187,Service0187Error,naive,True,True,16,Service0429Error Service0303Error Service0162Error Service0269Error Service0446Error Service0419Error Service0237Error Service0274Error Service0187Error Service0295Error Service0088Error Service0428Error Service0252Error Service0297Error Service0200Error Service0114Error
exception,10,187,Service0187Error,bridge,False,False,6,Service0114Error Service0200Error Service0297Error Service0252Error Service0428Error Service0088Error
exception,10,187,Service0187Error,oracle,True,True,1,Service0187Error
exception,10,94,Service0094Error,user_only,False,False,0,
exception,10,94,Service0094Error,naive,True,True,16,Service0415Error Service0276Error Service0379Error Service0308Error Service0290Error Service0316Error Service0304Error Service0204Error Service0094Error Service0053Error Service0285Error Service0322Error Service0361Error Service0314Error Service0198Error Service0300Error
exception,10,94,Service0094Error,bridge,False,False,6,Service0300Error Service0198Error Service0314Error Service0361Error Service0322Error Service0285Error
exception,10,94,Service0094Error,oracle,True,True,1,Service0094Error
exception,10,443,Service0443Error,user_only,False,False,0,
exception,10,443,Service0443Error,naive,False,True,16,Service0340Error Service0106Error Service0220Error Service0243Error Service0086Error Service0353Error Service0183Error Service0068Error Service0443Error Service0076Error Service0062Error Service0395Error Service0403Error Service0208Error Service0175Error Service0153Error
exception,10,443,Service0443Error,bridge,False,False,6,Service0153Error Service0175Error Service0208Error Service0403Error Service0395Error Service0062Error
exception,10,443,Service0443Error,oracle,True,True,1,Service0443Error
exception,10,258,Service0258Error,user_only,False,False,0,
exception,10,258,Service0258Error,naive,True,True,16,Service0323Error Service0101Error Service0124Error Service0362Error Service0309Error Service0077Error Service0414Error Service0450Error Service0258Error Service0436Error Service0154Error Service0426Error Service0288Error Service0374Error Service0094Error Service0286Error
exception,10,258,Service0258Error,bridge,False,False,6,Service0286Error Service0094Error Service0374Error Service0288Error Service0426Error Service0154Error
exception,10,258,Service0258Error,oracle,True,True,1,Service0258Error
exception,10,186,Service0186Error,user_only,False,False,0,
exception,10,186,Service0186Error,naive,True,True,16,Service0215Error Service0106Error Service0110Error Service0240Error Service0276Error Service0138Error Service0088Error Service0169Error Service0186Error Service0419Error Service0067Error Service0428Error Service0224Error Service0431Error Service0137Error Service0434Error
exception,10,186,Service0186Error,bridge,False,False,6,Service0434Error Service0137Error Service0431Error Service0224Error Service0428Error Service0067Error
exception,10,186,Service0186Error,oracle,True,True,1,Service0186Error
exception,10,105,Service0105Error,user_only,False,False,0,
exception,10,105,Service0105Error,naive,True,True,16,Service0052Error Service0188Error Service0110Error Service0149Error Service0211Error Service0086Error Service0201Error Service0305Error Service0105Error Service0097Error Service0106Error Service0161Error Service0393Error Service0359Error Service0222Error Service0439Error
exception,10,105,Service0105Error,bridge,False,False,6,Service0439Error Service0222Error Service0359Error Service0393Error Service0161Error Service0106Error
exception,10,105,Service0105Error,oracle,True,True,1,Service0105Error
exception,10,69,Service0069Error,user_only,False,False,0,
exception,10,69,Service0069Error,naive,True,True,16,Service0434Error Service0253Error Service0288Error Service0364Error Service0274Error Service0152Error Service0093Error Service0202Error Service0069Error Service0109Error Service0172Error Service0363Error Service0167Error Service0196Error Service0089Error Service0122Error
exception,10,69,Service0069Error,bridge,False,False,6,Service0122Error Service0089Error Service0196Error Service0167Error Service0363Error Service0172Error
exception,10,69,Service0069Error,oracle,True,True,1,Service0069Error
exception,10,244,Service0244Error,user_only,False,False,0,
exception,10,244,Service0244Error,naive,True,True,16,Service0376Error Service0071Error Service0267Error Service0242Error Service0405Error Service0449Error Service0268Error Service0126Error Service0244Error Service0273Error Service0197Error Service0240Error Service0256Error Service0355Error Service0223Error Service0350Error
exception,10,244,Service0244Error,bridge,False,False,6,Service0350Error Service0223Error Service0355Error Service0256Error Service0240Error Service0197Error
exception,10,244,Service0244Error,oracle,True,True,1,Service0244Error
exception,10,324,Service0324Error,user_only,False,False,0,
exception,10,324,Service0324Error,naive,False,True,16,Service0155Error Service0445Error Service0302Error Service0144Error Service0285Error Service0440Error Service0182Error Service0247Error Service0324Error Service0441Error Service0210Error Service0220Error Service0079Error Service0250Error Service0240Error Service0394Error
exception,10,324,Service0324Error,bridge,False,False,6,Service0394Error Service0240Error Service0250Error Service0079Error Service0220Error Service0210Error
exception,10,324,Service0324Error,oracle,True,True,1,Service0324Error
exception,10,337,Service0337Error,user_only,False,False,0,
exception,10,337,Service0337Error,naive,False,True,16,Service0354Error Service0189Error Service0182Error Service0253Error Service0310Error Service0132Error Service0175Error Service0109Error Service0337Error Service0248Error Service0073Error Service0120Error Service0323Error Service0177Error Service0136Error Service0294Error
exception,10,337,Service0337Error,bridge,False,False,6,Service0294Error Service0136Error Service0177Error Service0323Error Service0120Error Service0073Error
exception,10,337,Service0337Error,oracle,True,True,1,Service0337Error
exception,10,220,Service0220Error,user_only,False,False,0,
exception,10,220,Service0220Error,naive,True,True,16,Service0225Error Service0353Error Service0166Error Service0298Error Service0184Error Service0305Error Service0192Error Service0165Error Service0220Error Service0447Error Service0280Error Service0223Error Service0293Error Service0350Error Service0435Error Service0379Error
exception,10,220,Service0220Error,bridge,False,False,6,Service0379Error Service0435Error Service0350Error Service0293Error Service0223Error Service0280Error
exception,10,220,Service0220Error,oracle,True,True,1,Service0220Error
exception,10,224,Service0224Error,user_only,False,False,0,
exception,10,224,Service0224Error,naive,False,True,16,Service0103Error Service0186Error Service0366Error Service0111Error Service0390Error Service0344Error Service0165Error Service0320Error Service0224Error Service0355Error Service0170Error Service0075Error Service0347Error Service0440Error Service0142Error Service0167Error
exception,10,224,Service0224Error,bridge,False,False,6,Service0167Error Service0142Error Service0440Error Service0347Error Service0075Error Service0170Error
exception,10,224,Service0224Error,oracle,True,True,1,Service0224Error
exception,10,131,Service0131Error,user_only,False,False,0,
exception,10,131,Service0131Error,naive,True,True,16,Service0168Error Service0419Error Service0266Error Service0088Error Service0423Error Service0407Error Service0297Error Service0056Error Service0131Error Service0341Error Service0327Error Service0326Error Service0281Error Service0375Error Service0218Error Service0121Error
exception,10,131,Service0131Error,bridge,False,False,6,Service0121Error Service0218Error Service0375Error Service0281Error Service0326Error Service0327Error
exception,10,131,Service0131Error,oracle,True,True,1,Service0131Error
exception,10,119,Service0119Error,user_only,False,False,0,
exception,10,119,Service0119Error,naive,True,True,16,Service0392Error Service0421Error Service0182Error Service0329Error Service0075Error Service0418Error Service0219Error Service0232Error Service0119Error Service0176Error Service0216Error Service0411Error Service0050Error Service0262Error Service0374Error Service0192Error
exception,10,119,Service0119Error,bridge,False,False,6,Service0192Error Service0374Error Service0262Error Service0050Error Service0411Error Service0216Error
exception,10,119,Service0119Error,oracle,True,True,1,Service0119Error
exception,10,222,Service0222Error,user_only,False,False,0,
exception,10,222,Service0222Error,naive,False,True,16,Service0242Error Service0161Error Service0305Error Service0072Error Service0346Error Service0192Error Service0365Error Service0406Error Service0222Error Service0123Error Service0122Error Service0180Error Service0110Error Service0106Error Service0268Error Service0298Error
exception,10,222,Service0222Error,bridge,False,False,6,Service0298Error Service0268Error Service0106Error Service0110Error Service0180Error Service0122Error
exception,10,222,Service0222Error,oracle,True,True,1,Service0222Error
exception,10,409,Service0409Error,user_only,False,False,0,
exception,10,409,Service0409Error,naive,False,True,16,Service0410Error Service0321Error Service0331Error Service0427Error Service0210Error Service0134Error Service0380Error Service0175Error Service0409Error Service0338Error Service0166Error Service0377Error Service0418Error Service0292Error Service0361Error Service0442Error
exception,10,409,Service0409Error,bridge,False,False,6,Service0442Error Service0361Error Service0292Error Service0418Error Service0377Error Service0166Error
exception,10,409,Service0409Error,oracle,True,True,1,Service0409Error
exception,10,175,Service0175Error,user_only,False,False,0,
exception,10,175,Service0175Error,naive,True,True,16,Service0431Error Service0057Error Service0347Error Service0381Error Service0056Error Service0399Error Service0375Error Service0161Error Service0175Error Service0348Error Service0269Error Service0283Error Service0228Error Service0064Error Service0128Error Service0277Error
exception,10,175,Service0175Error,bridge,False,False,6,Service0277Error Service0128Error Service0064Error Service0228Error Service0283Error Service0269Error
exception,10,175,Service0175Error,oracle,True,True,1,Service0175Error
exception,10,133,Service0133Error,user_only,False,False,0,
exception,10,133,Service0133Error,naive,True,True,16,Service0088Error Service0387Error Service0203Error Service0117Error Service0338Error Service0406Error Service0394Error Service0331Error Service0133Error Service0437Error Service0217Error Service0261Error Service0415Error Service0450Error Service0176Error Service0264Error
exception,10,133,Service0133Error,bridge,False,False,6,Service0264Error Service0176Error Service0450Error Service0415Error Service0261Error Service0217Error
exception,10,133,Service0133Error,oracle,True,True,1,Service0133Error
exception,10,50,Service0050Error,user_only,False,False,0,
exception,10,50,Service0050Error,naive,True,True,16,Service0399Error Service0439Error Service0124Error Service0176Error Service0189Error Service0376Error Service0104Error Service0055Error Service0050Error Service0215Error Service0322Error Service0085Error Service0082Error Service0447Error Service0293Error Service0180Error
exception,10,50,Service0050Error,bridge,False,False,6,Service0180Error Service0293Error Service0447Error Service0082Error Service0085Error Service0322Error
exception,10,50,Service0050Error,oracle,True,True,1,Service0050Error
exception,30,76,Service0076Error,user_only,False,False,0,
exception,30,76,Service0076Error,naive,True,True,16,Service0361Error Service0057Error Service0426Error Service0083Error Service0370Error Service0095Error Service0379Error Service0140Error Service0076Error Service0389Error Service0391Error Service0254Error Service0428Error Service0133Error Service0255Error Service0188Error
exception,30,76,Service0076Error,bridge,False,False,6,Service0188Error Service0255Error Service0133Error Service0428Error Service0254Error Service0391Error
exception,30,76,Service0076Error,oracle,True,True,1,Service0076Error
exception,30,187,Service0187Error,user_only,False,False,0,
exception,30,187,Service0187Error,naive,True,True,16,Service0363Error Service0145Error Service0324Error Service0236Error Service0080Error Service0215Error Service0417Error Service0326Error Service0187Error Service0196Error Service0055Error Service0385Error Service0121Error Service0241Error Service0056Error Service0270Error
exception,30,187,Service0187Error,bridge,False,False,6,Service0270Error Service0056Error Service0241Error Service0121Error Service0385Error Service0055Error
exception,30,187,Service0187Error,oracle,True,True,1,Service0187Error
exception,30,94,Service0094Error,user_only,False,False,0,
exception,30,94,Service0094Error,naive,True,True,16,Service0163Error Service0199Error Service0117Error Service0082Error Service0247Error Service0232Error Service0159Error Service0354Error Service0094Error Service0121Error Service0156Error Service0413Error Service0445Error Service0357Error Service0315Error Service0365Error
exception,30,94,Service0094Error,bridge,False,False,6,Service0365Error Service0315Error Service0357Error Service0445Error Service0413Error Service0156Error
exception,30,94,Service0094Error,oracle,True,True,1,Service0094Error
exception,30,443,Service0443Error,user_only,False,False,0,
exception,30,443,Service0443Error,naive,True,True,16,Service0246Error Service0422Error Service0442Error Service0333Error Service0067Error Service0421Error Service0340Error Service0445Error Service0443Error Service0222Error Service0417Error Service0072Error Service0269Error Service0110Error Service0389Error Service0300Error
exception,30,443,Service0443Error,bridge,False,False,6,Service0300Error Service0389Error Service0110Error Service0269Error Service0072Error Service0417Error
exception,30,443,Service0443Error,oracle,True,True,1,Service0443Error
exception,30,258,Service0258Error,user_only,False,False,0,
exception,30,258,Service0258Error,naive,True,True,16,Service0440Error Service0054Error Service0163Error Service0399Error Service0249Error Service0419Error Service0381Error Service0334Error Service0258Error Service0165Error Service0098Error Service0437Error Service0193Error Service0278Error Service0450Error Service0143Error
exception,30,258,Service0258Error,bridge,False,False,6,Service0143Error Service0450Error Service0278Error Service0193Error Service0437Error Service0098Error
exception,30,258,Service0258Error,oracle,True,True,1,Service0258Error
exception,30,186,Service0186Error,user_only,False,False,0,
exception,30,186,Service0186Error,naive,True,True,16,Service0353Error Service0179Error Service0217Error Service0377Error Service0191Error Service0389Error Service0132Error Service0361Error Service0186Error Service0182Error Service0168Error Service0441Error Service0061Error Service0428Error Service0288Error Service0098Error
exception,30,186,Service0186Error,bridge,False,False,6,Service0098Error Service0288Error Service0428Error Service0061Error Service0441Error Service0168Error
exception,30,186,Service0186Error,oracle,True,True,1,Service0186Error
exception,30,105,Service0105Error,user_only,False,False,0,
exception,30,105,Service0105Error,naive,True,True,16,Service0413Error Service0155Error Service0293Error Service0098Error Service0064Error Service0374Error Service0449Error Service0208Error Service0105Error Service0319Error Service0221Error Service0271Error Service0149Error Service0146Error Service0337Error Service0073Error
exception,30,105,Service0105Error,bridge,False,False,6,Service0073Error Service0337Error Service0146Error Service0149Error Service0271Error Service0221Error
exception,30,105,Service0105Error,oracle,True,True,1,Service0105Error
exception,30,69,Service0069Error,user_only,False,False,0,
exception,30,69,Service0069Error,naive,True,True,16,Service0377Error Service0119Error Service0164Error Service0302Error Service0420Error Service0131Error Service0061Error Service0314Error Service0069Error Service0383Error Service0411Error Service0117Error Service0155Error Service0166Error Service0350Error Service0219Error
exception,30,69,Service0069Error,bridge,False,False,6,Service0219Error Service0350Error Service0166Error Service0155Error Service0117Error Service0411Error
exception,30,69,Service0069Error,oracle,True,True,1,Service0069Error
exception,30,244,Service0244Error,user_only,False,False,0,
exception,30,244,Service0244Error,naive,True,True,16,Service0170Error Service0176Error Service0368Error Service0088Error Service0413Error Service0312Error Service0383Error Service0198Error Service0244Error Service0075Error Service0067Error Service0160Error Service0296Error Service0408Error Service0421Error Service0425Error
exception,30,244,Service0244Error,bridge,False,False,6,Service0425Error Service0421Error Service0408Error Service0296Error Service0160Error Service0067Error
exception,30,244,Service0244Error,oracle,True,True,1,Service0244Error
exception,30,324,Service0324Error,user_only,False,False,0,
exception,30,324,Service0324Error,naive,True,True,16,Service0107Error Service0361Error Service0199Error Service0064Error Service0438Error Service0126Error Service0185Error Service0136Error Service0324Error Service0165Error Service0279Error Service0265Error Service0296Error Service0159Error Service0329Error Service0401Error
exception,30,324,Service0324Error,bridge,False,False,6,Service0401Error Service0329Error Service0159Error Service0296Error Service0265Error Service0279Error
exception,30,324,Service0324Error,oracle,True,True,1,Service0324Error
exception,30,337,Service0337Error,user_only,False,False,0,
exception,30,337,Service0337Error,naive,True,True,16,Service0099Error Service0065Error Service0296Error Service0407Error Service0239Error Service0448Error Service0347Error Service0246Error Service0337Error Service0105Error Service0072Error Service0179Error Service0411Error Service0312Error Service0313Error Service0416Error
exception,30,337,Service0337Error,bridge,False,False,6,Service0416Error Service0313Error Service0312Error Service0411Error Service0179Error Service0072Error
exception,30,337,Service0337Error,oracle,True,True,1,Service0337Error
exception,30,220,Service0220Error,user_only,False,False,0,
exception,30,220,Service0220Error,naive,True,True,16,Service0053Error Service0260Error Service0436Error Service0143Error Service0169Error Service0175Error Service0347Error Service0129Error Service0220Error Service0110Error Service0308Error Service0126Error Service0261Error Service0354Error Service0414Error Service0200Error
exception,30,220,Service0220Error,bridge,False,False,6,Service0200Error Service0414Error Service0354Error Service0261Error Service0126Error Service0308Error
exception,30,220,Service0220Error,oracle,True,True,1,Service0220Error
exception,30,224,Service0224Error,user_only,False,False,0,
exception,30,224,Service0224Error,naive,True,True,16,Service0228Error Service0089Error Service0111Error Service0344Error Service0222Error Service0283Error Service0100Error Service0159Error Service0224Error Service0197Error Service0213Error Service0135Error Service0117Error Service0353Error Service0342Error Service0394Error
exception,30,224,Service0224Error,bridge,False,False,6,Service0394Error Service0342Error Service0353Error Service0117Error Service0135Error Service0213Error
exception,30,224,Service0224Error,oracle,True,True,1,Service0224Error
exception,30,131,Service0131Error,user_only,False,False,0,
exception,30,131,Service0131Error,naive,True,True,16,Service0449Error Service0196Error Service0279Error Service0429Error Service0156Error Service0271Error Service0321Error Service0061Error Service0131Error Service0095Error Service0277Error Service0116Error Service0419Error Service0123Error Service0329Error Service0254Error
exception,30,131,Service0131Error,bridge,False,False,6,Service0254Error Service0329Error Service0123Error Service0419Error Service0116Error Service0277Error
exception,30,131,Service0131Error,oracle,True,True,1,Service0131Error
exception,30,119,Service0119Error,user_only,False,False,0,
exception,30,119,Service0119Error,naive,True,True,16,Service0297Error Service0084Error Service0288Error Service0060Error Service0281Error Service0080Error Service0163Error Service0113Error Service0119Error Service0257Error Service0079Error Service0338Error Service0420Error Service0186Error Service0173Error Service0309Error
exception,30,119,Service0119Error,bridge,False,False,6,Service0309Error Service0173Error Service0186Error Service0420Error Service0338Error Service0079Error
exception,30,119,Service0119Error,oracle,True,True,1,Service0119Error
exception,30,222,Service0222Error,user_only,False,False,0,
exception,30,222,Service0222Error,naive,True,True,16,Service0137Error Service0126Error Service0417Error Service0353Error Service0419Error Service0293Error Service0117Error Service0339Error Service0222Error Service0317Error Service0364Error Service0385Error Service0260Error Service0157Error Service0118Error Service0164Error
exception,30,222,Service0222Error,bridge,False,False,6,Service0164Error Service0118Error Service0157Error Service0260Error Service0385Error Service0364Error
exception,30,222,Service0222Error,oracle,True,True,1,Service0222Error
exception,30,409,Service0409Error,user_only,False,False,0,
exception,30,409,Service0409Error,naive,True,True,16,Service0214Error Service0393Error Service0171Error Service0260Error Service0311Error Service0449Error Service0202Error Service0350Error Service0409Error Service0342Error Service0424Error Service0120Error Service0059Error Service0139Error Service0098Error Service0154Error
exception,30,409,Service0409Error,bridge,False,False,6,Service0154Error Service0098Error Service0139Error Service0059Error Service0120Error Service0424Error
exception,30,409,Service0409Error,oracle,True,True,1,Service0409Error
exception,30,175,Service0175Error,user_only,False,False,0,
exception,30,175,Service0175Error,naive,True,True,16,Service0159Error Service0127Error Service0091Error Service0089Error Service0076Error Service0280Error Service0371Error Service0134Error Service0175Error Service0308Error Service0098Error Service0260Error Service0161Error Service0366Error Service0303Error Service0149Error
exception,30,175,Service0175Error,bridge,False,False,6,Service0149Error Service0303Error Service0366Error Service0161Error Service0260Error Service0098Error
exception,30,175,Service0175Error,oracle,True,True,1,Service0175Error
exception,30,133,Service0133Error,user_only,False,False,0,
exception,30,133,Service0133Error,naive,True,True,16,Service0326Error Service0265Error Service0419Error Service0414Error Service0081Error Service0074Error Service0065Error Service0088Error Service0133Error Service0240Error Service0234Error Service0423Error Service0305Error Service0120Error Service0131Error Service0428Error
exception,30,133,Service0133Error,bridge,False,False,6,Service0428Error Service0131Error Service0120Error Service0305Error Service0423Error Service0234Error
exception,30,133,Service0133Error,oracle,True,True,1,Service0133Error
exception,30,50,Service0050Error,user_only,False,False,0,
exception,30,50,Service0050Error,naive,True,True,16,Service0428Error Service0144Error Service0248Error Service0078Error Service0330Error Service0212Error Service0148Error Service0335Error Service0050Error Service0129Error Service0278Error Service0258Error Service0227Error Service0441Error Service0242Error Service0430Error
exception,30,50,Service0050Error,bridge,False,False,6,Service0430Error Service0242Error Service0441Error Service0227Error Service0258Error Service0278Error
exception,30,50,Service0050Error,oracle,True,True,1,Service0050Error
exception,100,76,Service0076Error,user_only,True,False,0,
exception,100,76,Service0076Error,naive,True,True,16,Service0355Error Service0056Error Service0101Error Service0316Error Service0308Error Service0332Error Service0329Error Service0173Error Service0076Error Service0244Error Service0203Error Service0208Error Service0126Error Service0253Error Service0225Error Service0080Error
exception,100,76,Service0076Error,bridge,True,False,6,Service0080Error Service0225Error Service0253Error Service0126Error Service0208Error Service0203Error
exception,100,76,Service0076Error,oracle,True,True,1,Service0076Error
exception,100,187,Service0187Error,user_only,False,False,0,
exception,100,187,Service0187Error,naive,True,True,16,Service0405Error Service0158Error Service0210Error Service0377Error Service0204Error Service0217Error Service0385Error Service0331Error Service0187Error Service0298Error Service0052Error Service0402Error Service0067Error Service0069Error Service0342Error Service0445Error
exception,100,187,Service0187Error,bridge,False,False,6,Service0445Error Service0342Error Service0069Error Service0067Error Service0402Error Service0052Error
exception,100,187,Service0187Error,oracle,True,True,1,Service0187Error
exception,100,94,Service0094Error,user_only,True,False,0,
exception,100,94,Service0094Error,naive,True,True,16,Service0075Error Service0383Error Service0106Error Service0414Error Service0246Error Service0319Error Service0239Error Service0092Error Service0094Error Service0347Error Service0121Error Service0316Error Service0088Error Service0125Error Service0221Error Service0228Error
exception,100,94,Service0094Error,bridge,True,False,6,Service0228Error Service0221Error Service0125Error Service0088Error Service0316Error Service0121Error
exception,100,94,Service0094Error,oracle,True,True,1,Service0094Error
exception,100,443,Service0443Error,user_only,False,False,0,
exception,100,443,Service0443Error,naive,True,True,16,Service0075Error Service0195Error Service0160Error Service0290Error Service0432Error Service0164Error Service0347Error Service0201Error Service0443Error Service0274Error Service0054Error Service0394Error Service0284Error Service0294Error Service0303Error Service0158Error
exception,100,443,Service0443Error,bridge,False,False,6,Service0158Error Service0303Error Service0294Error Service0284Error Service0394Error Service0054Error
exception,100,443,Service0443Error,oracle,True,True,1,Service0443Error
exception,100,258,Service0258Error,user_only,False,False,0,
exception,100,258,Service0258Error,naive,True,True,16,Service0082Error Service0122Error Service0255Error Service0101Error Service0369Error Service0342Error Service0129Error Service0438Error Service0258Error Service0396Error Service0188Error Service0230Error Service0096Error Service0321Error Service0397Error Service0261Error
exception,100,258,Service0258Error,bridge,False,False,6,Service0261Error Service0397Error Service0321Error Service0096Error Service0230Error Service0188Error
exception,100,258,Service0258Error,oracle,True,True,1,Service0258Error
exception,100,186,Service0186Error,user_only,False,False,0,
exception,100,186,Service0186Error,naive,True,True,16,Service0193Error Service0265Error Service0112Error Service0361Error Service0440Error Service0190Error Service0309Error Service0257Error Service0186Error Service0144Error Service0127Error Service0293Error Service0267Error Service0313Error Service0396Error Service0097Error
exception,100,186,Service0186Error,bridge,False,False,6,Service0097Error Service0396Error Service0313Error Service0267Error Service0293Error Service0127Error
exception,100,186,Service0186Error,oracle,True,True,1,Service0186Error
exception,100,105,Service0105Error,user_only,False,False,0,
exception,100,105,Service0105Error,naive,True,True,16,Service0070Error Service0207Error Service0265Error Service0247Error Service0301Error Service0246Error Service0357Error Service0213Error Service0105Error Service0437Error Service0286Error Service0214Error Service0257Error Service0136Error Service0315Error Service0170Error
exception,100,105,Service0105Error,bridge,False,False,6,Service0170Error Service0315Error Service0136Error Service0257Error Service0214Error Service0286Error
exception,100,105,Service0105Error,oracle,True,True,1,Service0105Error
exception,100,69,Service0069Error,user_only,True,False,0,
exception,100,69,Service0069Error,naive,True,True,16,Service0377Error Service0151Error Service0062Error Service0082Error Service0214Error Service0153Error Service0077Error Service0445Error Service0069Error Service0256Error Service0295Error Service0234Error Service0261Error Service0237Error Service0188Error Service0255Error
exception,100,69,Service0069Error,bridge,True,False,6,Service0255Error Service0188Error Service0237Error Service0261Error Service0234Error Service0295Error
exception,100,69,Service0069Error,oracle,True,True,1,Service0069Error
exception,100,244,Service0244Error,user_only,False,False,0,
exception,100,244,Service0244Error,naive,True,True,16,Service0434Error Service0319Error Service0323Error Service0207Error Service0052Error Service0360Error Service0170Error Service0126Error Service0244Error Service0436Error Service0369Error Service0135Error Service0114Error Service0343Error Service0280Error Service0337Error
exception,100,244,Service0244Error,bridge,False,False,6,Service0337Error Service0280Error Service0343Error Service0114Error Service0135Error Service0369Error
exception,100,244,Service0244Error,oracle,True,True,1,Service0244Error
exception,100,324,Service0324Error,user_only,False,False,0,
exception,100,324,Service0324Error,naive,True,True,16,Service0052Error Service0066Error Service0127Error Service0205Error Service0326Error Service0254Error Service0385Error Service0209Error Service0324Error Service0095Error Service0057Error Service0415Error Service0171Error Service0334Error Service0306Error Service0355Error
exception,100,324,Service0324Error,bridge,False,False,6,Service0355Error Service0306Error Service0334Error Service0171Error Service0415Error Service0057Error
exception,100,324,Service0324Error,oracle,True,True,1,Service0324Error
exception,100,337,Service0337Error,user_only,False,False,0,
exception,100,337,Service0337Error,naive,True,True,16,Service0430Error Service0240Error Service0281Error Service0110Error Service0327Error Service0450Error Service0363Error Service0261Error Service0337Error Service0262Error Service0188Error Service0312Error Service0371Error Service0314Error Service0093Error Service0073Error
exception,100,337,Service0337Error,bridge,False,False,6,Service0073Error Service0093Error Service0314Error Service0371Error Service0312Error Service0188Error
exception,100,337,Service0337Error,oracle,True,True,1,Service0337Error
exception,100,220,Service0220Error,user_only,False,False,0,
exception,100,220,Service0220Error,naive,True,True,16,Service0371Error Service0237Error Service0416Error Service0150Error Service0304Error Service0074Error Service0312Error Service0402Error Service0220Error Service0241Error Service0065Error Service0192Error Service0085Error Service0260Error Service0121Error Service0097Error
exception,100,220,Service0220Error,bridge,False,False,6,Service0097Error Service0121Error Service0260Error Service0085Error Service0192Error Service0065Error
exception,100,220,Service0220Error,oracle,True,True,1,Service0220Error
exception,100,224,Service0224Error,user_only,False,False,0,
exception,100,224,Service0224Error,naive,True,True,16,Service0449Error Service0267Error Service0225Error Service0103Error Service0114Error Service0448Error Service0279Error Service0444Error Service0224Error Service0190Error Service0391Error Service0275Error Service0057Error Service0205Error Service0286Error Service0209Error
exception,100,224,Service0224Error,bridge,False,False,6,Service0209Error Service0286Error Service0205Error Service0057Error Service0275Error Service0391Error
exception,100,224,Service0224Error,oracle,True,True,1,Service0224Error
exception,100,131,Service0131Error,user_only,False,False,0,
exception,100,131,Service0131Error,naive,True,True,16,Service0304Error Service0351Error Service0397Error Service0088Error Service0051Error Service0399Error Service0423Error Service0418Error Service0131Error Service0315Error Service0402Error Service0137Error Service0391Error Service0374Error Service0104Error Service0064Error
exception,100,131,Service0131Error,bridge,False,False,6,Service0064Error Service0104Error Service0374Error Service0391Error Service0137Error Service0402Error
exception,100,131,Service0131Error,oracle,True,True,1,Service0131Error
exception,100,119,Service0119Error,user_only,False,False,0,
exception,100,119,Service0119Error,naive,True,True,16,Service0163Error Service0236Error Service0094Error Service0208Error Service0256Error Service0165Error Service0161Error Service0254Error Service0119Error Service0099Error Service0110Error Service0277Error Service0215Error Service0106Error Service0270Error Service0151Error
exception,100,119,Service0119Error,bridge,False,False,6,Service0151Error Service0270Error Service0106Error Service0215Error Service0277Error Service0110Error
exception,100,119,Service0119Error,oracle,True,True,1,Service0119Error
exception,100,222,Service0222Error,user_only,False,False,0,
exception,100,222,Service0222Error,naive,True,True,16,Service0277Error Service0379Error Service0407Error Service0153Error Service0134Error Service0310Error Service0132Error Service0129Error Service0222Error Service0361Error Service0100Error Service0246Error Service0061Error Service0447Error Service0336Error Service0443Error
exception,100,222,Service0222Error,bridge,False,False,6,Service0443Error Service0336Error Service0447Error Service0061Error Service0246Error Service0100Error
exception,100,222,Service0222Error,oracle,True,True,1,Service0222Error
exception,100,409,Service0409Error,user_only,False,False,0,
exception,100,409,Service0409Error,naive,True,True,16,Service0169Error Service0090Error Service0446Error Service0418Error Service0182Error Service0069Error Service0109Error Service0114Error Service0409Error Service0373Error Service0199Error Service0392Error Service0161Error Service0163Error Service0206Error Service0327Error
exception,100,409,Service0409Error,bridge,False,False,6,Service0327Error Service0206Error Service0163Error Service0161Error Service0392Error Service0199Error
exception,100,409,Service0409Error,oracle,True,True,1,Service0409Error
exception,100,175,Service0175Error,user_only,False,False,0,
exception,100,175,Service0175Error,naive,True,True,16,Service0204Error Service0329Error Service0201Error Service0052Error Service0390Error Service0132Error Service0314Error Service0335Error Service0175Error Service0398Error Service0236Error Service0165Error Service0362Error Service0157Error Service0194Error Service0263Error
exception,100,175,Service0175Error,bridge,False,False,6,Service0263Error Service0194Error Service0157Error Service0362Error Service0165Error Service0236Error
exception,100,175,Service0175Error,oracle,True,True,1,Service0175Error
exception,100,133,Service0133Error,user_only,False,False,0,
exception,100,133,Service0133Error,naive,True,True,16,Service0069Error Service0289Error Service0326Error Service0209Error Service0401Error Service0336Error Service0083Error Service0399Error Service0133Error Service0403Error Service0060Error Service0348Error Service0221Error Service0179Error Service0249Error Service0409Error
exception,100,133,Service0133Error,bridge,False,False,6,Service0409Error Service0249Error Service0179Error Service0221Error Service0348Error Service0060Error
exception,100,133,Service0133Error,oracle,True,True,1,Service0133Error
exception,100,50,Service0050Error,user_only,True,False,0,
exception,100,50,Service0050Error,naive,True,True,16,Service0410Error Service0061Error Service0085Error Service0111Error Service0390Error Service0195Error Service0272Error Service0416Error Service0050Error Service0092Error Service0145Error Service0395Error Service0246Error Service0144Error Service0368Error Service0065Error
exception,100,50,Service0050Error,bridge,True,False,6,Service0065Error Service0368Error Service0144Error Service0246Error Service0395Error Service0145Error
exception,100,50,Service0050Error,oracle,True,True,1,Service0050Error
file_path,10,76,src/module_0076.py,user_only,False,False,0,
file_path,10,76,src/module_0076.py,naive,True,True,16,src/module_0060.py src/module_0077.py src/module_0304.py src/module_0112.py src/module_0189.py src/module_0188.py src/module_0058.py src/module_0285.py src/module_0076.py src/module_0059.py src/module_0293.py src/module_0277.py src/module_0385.py src/module_0258.py src/module_0245.py src/module_0057.py
file_path,10,76,src/module_0076.py,bridge,True,True,6,src/module_0076.py src/module_0057.py src/module_0245.py src/module_0258.py src/module_0385.py src/module_0277.py
file_path,10,76,src/module_0076.py,oracle,True,True,1,src/module_0076.py
file_path,10,187,src/module_0187.py,user_only,False,False,0,
file_path,10,187,src/module_0187.py,naive,True,True,16,src/module_0270.py src/module_0388.py src/module_0149.py src/module_0413.py src/module_0096.py src/module_0268.py src/module_0195.py src/module_0128.py src/module_0187.py src/module_0311.py src/module_0214.py src/module_0217.py src/module_0420.py src/module_0171.py src/module_0222.py src/module_0204.py
file_path,10,187,src/module_0187.py,bridge,True,True,6,src/module_0187.py src/module_0204.py src/module_0222.py src/module_0171.py src/module_0420.py src/module_0217.py
file_path,10,187,src/module_0187.py,oracle,True,True,1,src/module_0187.py
file_path,10,94,src/module_0094.py,user_only,False,False,0,
file_path,10,94,src/module_0094.py,naive,True,True,16,src/module_0125.py src/module_0252.py src/module_0409.py src/module_0220.py src/module_0121.py src/module_0072.py src/module_0086.py src/module_0058.py src/module_0094.py src/module_0262.py src/module_0424.py src/module_0168.py src/module_0341.py src/module_0360.py src/module_0057.py src/module_0330.py
file_path,10,94,src/module_0094.py,bridge,True,True,6,src/module_0094.py src/module_0330.py src/module_0057.py src/module_0360.py src/module_0341.py src/module_0168.py
file_path,10,94,src/module_0094.py,oracle,True,True,1,src/module_0094.py
file_path,10,443,src/module_0443.py,user_only,False,False,0,
file_path,10,443,src/module_0443.py,naive,False,True,16,src/module_0405.py src/module_0100.py src/module_0254.py src/module_0062.py src/module_0260.py src/module_0134.py src/module_0323.py src/module_0248.py src/module_0443.py src/module_0078.py src/module_0290.py src/module_0108.py src/module_0414.py src/module_0430.py src/module_0162.py src/module_0431.py
file_path,10,443,src/module_0443.py,bridge,True,True,6,src/module_0443.py src/module_0431.py src/module_0162.py src/module_0430.py src/module_0414.py src/module_0108.py
file_path,10,443,src/module_0443.py,oracle,True,True,1,src/module_0443.py
file_path,10,258,src/module_0258.py,user_only,False,False,0,
file_path,10,258,src/module_0258.py,naive,False,True,16,src/module_0420.py src/module_0060.py src/module_0109.py src/module_0243.py src/module_0057.py src/module_0168.py src/module_0172.py src/module_0185.py src/module_0258.py src/module_0255.py src/module_0382.py src/module_0221.py src/module_0289.py src/module_0417.py src/module_0330.py src/module_0409.py
file_path,10,258,src/module_0258.py,bridge,True,True,6,src/module_0258.py src/module_0409.py src/module_0330.py src/module_0417.py src/module_0289.py src/module_0221.py
file_path,10,258,src/module_0258.py,oracle,True,True,1,src/module_0258.py
file_path,10,186,src/module_0186.py,user_only,False,False,0,
file_path,10,186,src/module_0186.py,naive,True,True,16,src/module_0397.py src/module_0448.py src/module_0164.py src/module_0321.py src/module_0255.py src/module_0409.py src/module_0266.py src/module_0260.py src/module_0186.py src/module_0243.py src/module_0287.py src/module_0388.py src/module_0358.py src/module_0369.py src/module_0281.py src/module_0053.py
file_path,10,186,src/module_0186.py,bridge,True,True,6,src/module_0186.py src/module_0053.py src/module_0281.py src/module_0369.py src/module_0358.py src/module_0388.py
file_path,10,186,src/module_0186.py,oracle,True,True,1,src/module_0186.py
file_path,10,105,src/module_0105.py,user_only,False,False,0,
file_path,10,105,src/module_0105.py,naive,True,True,16,src/module_0132.py src/module_0249.py src/module_0139.py src/module_0394.py src/module_0062.py src/module_0188.py src/module_0283.py src/module_0101.py src/module_0105.py src/module_0348.py src/module_0182.py src/module_0407.py src/module_0354.py src/module_0349.py src/module_0063.py src/module_0073.py
file_path,10,105,src/module_0105.py,bridge,True,True,6,src/module_0105.py src/module_0073.py src/module_0063.py src/module_0349.py src/module_0354.py src/module_0407.py
file_path,10,105,src/module_0105.py,oracle,True,True,1,src/module_0105.py
file_path,10,69,src/module_0069.py,user_only,False,False,0,
file_path,10,69,src/module_0069.py,naive,True,True,16,src/module_0399.py src/module_0155.py src/module_0111.py src/module_0375.py src/module_0164.py src/module_0378.py src/module_0103.py src/module_0441.py src/module_0069.py src/module_0216.py src/module_0229.py src/module_0148.py src/module_0177.py src/module_0299.py src/module_0184.py src/module_0098.py
file_path,10,69,src/module_0069.py,bridge,True,True,6,src/module_0069.py src/module_0098.py src/module_0184.py src/module_0299.py src/module_0177.py src/module_0148.py
file_path,10,69,src/module_0069.py,oracle,True,True,1,src/module_0069.py
file_path,10,244,src/module_0244.py,user_only,False,False,0,
file_path,10,244,src/module_0244.py,naive,False,True,16,src/module_0304.py src/module_0174.py src/module_0263.py src/module_0446.py src/module_0340.py src/module_0105.py src/module_0301.py src/module_0136.py src/module_0244.py src/module_0177.py src/module_0140.py src/module_0069.py src/module_0176.py src/module_0392.py src/module_0384.py src/module_0147.py
file_path,10,244,src/module_0244.py,bridge,True,True,6,src/module_0244.py src/module_0147.py src/module_0384.py src/module_0392.py src/module_0176.py src/module_0069.py
file_path,10,244,src/module_0244.py,oracle,True,True,1,src/module_0244.py
file_path,10,324,src/module_0324.py,user_only,False,False,0,
file_path,10,324,src/module_0324.py,naive,True,True,16,src/module_0258.py src/module_0369.py src/module_0260.py src/module_0355.py src/module_0340.py src/module_0392.py src/module_0288.py src/module_0394.py src/module_0324.py src/module_0095.py src/module_0148.py src/module_0357.py src/module_0346.py src/module_0245.py src/module_0332.py src/module_0187.py
file_path,10,324,src/module_0324.py,bridge,True,True,6,src/module_0324.py src/module_0187.py src/module_0332.py src/module_0245.py src/module_0346.py src/module_0357.py
file_path,10,324,src/module_0324.py,oracle,True,True,1,src/module_0324.py
file_path,10,337,src/module_0337.py,user_only,False,False,0,
file_path,10,337,src/module_0337.py,naive,False,True,16,src/module_0302.py src/module_0080.py src/module_0237.py src/module_0322.py src/module_0305.py src/module_0440.py src/module_0375.py src/module_0137.py src/module_0337.py src/module_0197.py src/module_0288.py src/module_0213.py src/module_0126.py src/module_0114.py src/module_0347.py src/module_0057.py
file_path,10,337,src/module_0337.py,bridge,True,True,6,src/module_0337.py src/module_0057.py src/module_0347.py src/module_0114.py src/module_0126.py src/module_0213.py
file_path,10,337,src/module_0337.py,oracle,True,True,1,src/module_0337.py
file_path,10,220,src/module_0220.py,user_only,False,False,0,
file_path,10,220,src/module_0220.py,naive,False,True,16,src/module_0297.py src/module_0200.py src/module_0290.py src/module_0187.py src/module_0195.py src/module_0286.py src/module_0070.py src/module_0068.py src/module_0220.py src/module_0169.py src/module_0329.py src/module_0084.py src/module_0151.py src/module_0435.py src/module_0139.py src/module_0414.py
file_path,10,220,src/module_0220.py,bridge,True,True,6,src/module_0220.py src/module_0414.py src/module_0139.py src/module_0435.py src/module_0151.py src/module_0084.py
file_path,10,220,src/module_0220.py,oracle,True,True,1,src/module_0220.py
file_path,10,224,src/module_0224.py,user_only,False,False,0,
file_path,10,224,src/module_0224.py,naive,True,True,16,src/module_0235.py src/module_0260.py src/module_0394.py src/module_0201.py src/module_0127.py src/module_0329.py src/module_0050.py src/module_0215.py src/module_0224.py src/module_0416.py src/module_0427.py src/module_0207.py src/module_0320.py src/module_0421.py src/module_0122.py src/module_0076.py
file_path,10,224,src/module_0224.py,bridge,True,True,6,src/module_0224.py src/module_0076.py src/module_0122.py src/module_0421.py src/module_0320.py src/module_0207.py
file_path,10,224,src/module_0224.py,oracle,True,True,1,src/module_0224.py
file_path,10,131,src/module_0131.py,user_only,False,False,0,
file_path,10,131,src/module_0131.py,naive,True,True,16,src/module_0222.py src/module_0262.py src/module_0205.py src/module_0428.py src/module_0289.py src/module_0193.py src/module_0305.py src/module_0100.py src/module_0131.py src/module_0142.py src/module_0395.py src/module_0194.py src/module_0396.py src/module_0114.py src/module_0120.py src/module_0082.py
file_path,10,131,src/module_0131.py,bridge,True,True,6,src/module_0131.py src/module_0082.py src/module_0120.py src/module_0114.py src/module_0396.py src/module_0194.py
file_path,10,131,src/module_0131.py,oracle,True,True,1,src/module_0131.py
file_path,10,119,src/module_0119.py,user_only,False,False,0,
file_path,10,119,src/module_0119.py,naive,True,True,16,src/module_0235.py src/module_0389.py src/module_0189.py src/module_0226.py src/module_0142.py src/module_0145.py src/module_0071.py src/module_0250.py src/module_0119.py src/module_0260.py src/module_0212.py src/module_0095.py src/module_0159.py src/module_0450.py src/module_0154.py src/module_0359.py
file_path,10,119,src/module_0119.py,bridge,True,True,6,src/module_0119.py src/module_0359.py src/module_0154.py src/module_0450.py src/module_0159.py src/module_0095.py
file_path,10,119,src/module_0119.py,oracle,True,True,1,src/module_0119.py
file_path,10,222,src/module_0222.py,user_only,False,False,0,
file_path,10,222,src/module_0222.py,naive,False,True,16,src/module_0152.py src/module_0240.py src/module_0199.py src/module_0124.py src/module_0156.py src/module_0091.py src/module_0308.py src/module_0103.py src/module_0222.py src/module_0119.py src/module_0140.py src/module_0247.py src/module_0095.py src/module_0389.py src/module_0299.py src/module_0407.py
file_path,10,222,src/module_0222.py,bridge,True,True,6,src/module_0222.py src/module_0407.py src/module_0299.py src/module_0389.py src/module_0095.py src/module_0247.py
file_path,10,222,src/module_0222.py,oracle,True,True,1,src/module_0222.py
file_path,10,409,src/module_0409.py,user_only,False,False,0,
file_path,10,409,src/module_0409.py,naive,False,True,16,src/module_0135.py src/module_0413.py src/module_0416.py src/module_0279.py src/module_0094.py src/module_0346.py src/module_0448.py src/module_0447.py src/module_0409.py src/module_0267.py src/module_0435.py src/module_0197.py src/module_0080.py src/module_0407.py src/module_0355.py src/module_0278.py
file_path,10,409,src/module_0409.py,bridge,True,True,6,src/module_0409.py src/module_0278.py src/module_0355.py src/module_0407.py src/module_0080.py src/module_0197.py
file_path,10,409,src/module_0409.py,oracle,True,True,1,src/module_0409.py
file_path,10,175,src/module_0175.py,user_only,False,False,0,
file_path,10,175,src/module_0175.py,naive,True,True,16,src/module_0073.py src/module_0335.py src/module_0306.py src/module_0149.py src/module_0440.py src/module_0202.py src/module_0182.py src/module_0424.py src/module_0175.py src/module_0350.py src/module_0436.py src/module_0336.py src/module_0152.py src/module_0293.py src/module_0209.py src/module_0087.py
file_path,10,175,src/module_0175.py,bridge,True,True,6,src/module_0175.py src/module_0087.py src/module_0209.py src/module_0293.py src/module_0152.py src/module_0336.py
file_path,10,175,src/module_0175.py,oracle,True,True,1,src/module_0175.py
file_path,10,133,src/module_0133.py,user_only,False,False,0,
file_path,10,133,src/module_0133.py,naive,True,True,16,src/module_0132.py src/module_0287.py src/module_0155.py src/module_0358.py src/module_0388.py src/module_0280.py src/module_0232.py src/module_0129.py src/module_0133.py src/module_0215.py src/module_0246.py src/module_0192.py src/module_0420.py src/module_0394.py src/module_0239.py src/module_0139.py
file_path,10,133,src/module_0133.py,bridge,True,True,6,src/module_0133.py src/module_0139.py src/module_0239.py src/module_0394.py src/module_0420.py src/module_0192.py
file_path,10,133,src/module_0133.py,oracle,True,True,1,src/module_0133.py
file_path,10,50,src/module_0050.py,user_only,False,False,0,
file_path,10,50,src/module_0050.py,naive,True,True,16,src/module_0327.py src/module_0207.py src/module_0265.py src/module_0087.py src/module_0289.py src/module_0200.py src/module_0103.py src/module_0380.py src/module_0050.py src/module_0195.py src/module_0222.py src/module_0088.py src/module_0143.py src/module_0209.py src/module_0073.py src/module_0196.py
file_path,10,50,src/module_0050.py,bridge,True,True,6,src/module_0050.py src/module_0196.py src/module_0073.py src/module_0209.py src/module_0143.py src/module_0088.py
file_path,10,50,src/module_0050.py,oracle,True,True,1,src/module_0050.py
file_path,30,76,src/module_0076.py,user_only,False,False,0,
file_path,30,76,src/module_0076.py,naive,True,True,16,src/module_0259.py src/module_0382.py src/module_0398.py src/module_0171.py src/module_0400.py src/module_0347.py src/module_0352.py src/module_0212.py src/module_0076.py src/module_0447.py src/module_0316.py src/module_0413.py src/module_0108.py src/module_0130.py src/module_0319.py src/module_0166.py
file_path,30,76,src/module_0076.py,bridge,True,True,6,src/module_0076.py src/module_0166.py src/module_0319.py src/module_0130.py src/module_0108.py src/module_0413.py
file_path,30,76,src/module_0076.py,oracle,True,True,1,src/module_0076.py
file_path,30,187,src/module_0187.py,user_only,False,False,0,
file_path,30,187,src/module_0187.py,naive,True,True,16,src/module_0144.py src/module_0404.py src/module_0082.py src/module_0110.py src/module_0422.py src/module_0244.py src/module_0432.py src/module_0369.py src/module_0187.py src/module_0383.py src/module_0157.py src/module_0260.py src/module_0135.py src/module_0109.py src/module_0069.py src/module_0269.py
file_path,30,187,src/module_0187.py,bridge,True,True,6,src/module_0187.py src/module_0269.py src/module_0069.py src/module_0109.py src/module_0135.py src/module_0260.py
file_path,30,187,src/module_0187.py,oracle,True,True,1,src/module_0187.py
file_path,30,94,src/module_0094.py,user_only,False,False,0,
file_path,30,94,src/module_0094.py,naive,True,True,16,src/module_0141.py src/module_0355.py src/module_0139.py src/module_0225.py src/module_0426.py src/module_0112.py src/module_0246.py src/module_0287.py src/module_0094.py src/module_0101.py src/module_0254.py src/module_0385.py src/module_0082.py src/module_0265.py src/module_0199.py src/module_0358.py
file_path,30,94,src/module_0094.py,bridge,True,True,6,src/module_0094.py src/module_0358.py src/module_0199.py src/module_0265.py src/module_0082.py src/module_0385.py
file_path,30,94,src/module_0094.py,oracle,True,True,1,src/module_0094.py
file_path,30,443,src/module_0443.py,user_only,False,False,0,
file_path,30,443,src/module_0443.py,naive,True,True,16,src/module_0285.py src/module_0198.py src/module_0180.py src/module_0433.py src/module_0298.py src/module_0149.py src/module_0291.py src/module_0231.py src/module_0443.py src/module_0051.py src/module_0327.py src/module_0070.py src/module_0324.py src/module_0432.py src/module_0332.py src/module_0402.py
file_path,30,443,src/module_0443.py,bridge,True,True,6,src/module_0443.py src/module_0402.py src/module_0332.py src/module_0432.py src/module_0324.py src/module_0070.py
file_path,30,443,src/module_0443.py,oracle,True,True,1,src/module_0443.py
file_path,30,258,src/module_0258.py,user_only,False,False,0,
file_path,30,258,src/module_0258.py,naive,True,True,16,src/module_0109.py src/module_0208.py src/module_0058.py src/module_0352.py src/module_0323.py src/module_0376.py src/module_0138.py src/module_0166.py src/module_0258.py src/module_0199.py src/module_0344.py src/module_0368.py src/module_0335.py src/module_0228.py src/module_0366.py src/module_0347.py
file_path,30,258,src/module_0258.py,bridge,True,True,6,src/module_0258.py src/module_0347.py src/module_0366.py src/module_0228.py src/module_0335.py src/module_0368.py
file_path,30,258,src/module_0258.py,oracle,True,True,1,src/module_0258.py
file_path,30,186,src/module_0186.py,user_only,False,False,0,
file_path,30,186,src/module_0186.py,naive,True,True,16,src/module_0283.py src/module_0069.py src/module_0339.py src/module_0386.py src/module_0347.py src/module_0189.py src/module_0409.py src/module_0306.py src/module_0186.py src/module_0268.py src/module_0051.py src/module_0310.py src/module_0280.py src/module_0417.py src/module_0196.py src/module_0157.py
file_path,30,186,src/module_0186.py,bridge,True,True,6,src/module_0186.py src/module_0157.py src/module_0196.py src/module_0417.py src/module_0280.py src/module_0310.py
file_path,30,186,src/module_0186.py,oracle,True,True,1,src/module_0186.py
file_path,30,105,src/module_0105.py,user_only,False,False,0,
file_path,30,105,src/module_0105.py,naive,True,True,16,src/module_0352.py src/module_0278.py src/module_0088.py src/module_0337.py src/module_0056.py src/module_0283.py src/module_0302.py src/module_0220.py src/module_0105.py src/module_0080.py src/module_0147.py src/module_0356.py src/module_0148.py src/module_0067.py src/module_0224.py src/module_0212.py
file_path,30,105,src/module_0105.py,bridge,True,True,6,src/module_0105.py src/module_0212.py src/module_0224.py src/module_0067.py src/module_0148.py src/module_0356.py
file_path,30,105,src/module_0105.py,oracle,True,True,1,src/module_0105.py
file_path,30,69,src/module_0069.py,user_only,False,False,0,
file_path,30,69,src/module_0069.py,naive,True,True,16,src/module_0241.py src/module_0286.py src/module_0332.py src/module_0407.py src/module_0193.py src/module_0163.py src/module_0420.py src/module_0364.py src/module_0069.py src/module_0424.py src/module_0180.py src/module_0444.py src/module_0159.py src/module_0245.py src/module_0351.py src/module_0439.py
file_path,30,69,src/module_0069.py,bridge,True,True,6,src/module_0069.py src/module_0439.py src/module_0351.py src/module_0245.py src/module_0159.py src/module_0444.py
file_path,30,69,src/module_0069.py,oracle,True,True,1,src/module_0069.py
file_path,30,244,src/module_0244.py,user_only,False,False,0,
file_path,30,244,src/module_0244.py,naive,True,True,16,src/module_0288.py src/module_0398.py src/module_0096.py src/module_0148.py src/module_0124.py src/module_0311.py src/module_0223.py src/module_0427.py src/module_0244.py src/module_0250.py src/module_0086.py src/module_0356.py src/module_0248.py src/module_0435.py src/module_0387.py src/module_0347.py
file_path,30,244,src/module_0244.py,bridge,True,True,6,src/module_0244.py src/module_0347.py src/module_0387.py src/module_0435.py src/module_0248.py src/module_0356.py
file_path,30,244,src/module_0244.py,oracle,True,True,1,src/module_0244.py
file_path,30,324,src/module_0324.py,user_only,False,False,0,
file_path,30,324,src/module_0324.py,naive,True,True,16,src/module_0225.py src/module_0186.py src/module_0170.py src/module_0140.py src/module_0422.py src/module_0207.py src/module_0242.py src/module_0431.py src/module_0324.py src/module_0318.py src/module_0141.py src/module_0295.py src/module_0075.py src/module_0434.py src/module_0235.py src/module_0366.py
file_path,30,324,src/module_0324.py,bridge,True,True,6,src/module_0324.py src/module_0366.py src/module_0235.py src/module_0434.py src/module_0075.py src/module_0295.py
file_path,30,324,src/module_0324.py,oracle,True,True,1,src/module_0324.py
file_path,30,337,src/module_0337.py,user_only,False,False,0,
file_path,30,337,src/module_0337.py,naive,True,True,16,src/module_0320.py src/module_0293.py src/module_0285.py src/module_0056.py src/module_0414.py src/module_0405.py src/module_0362.py src/module_0436.py src/module_0337.py src/module_0269.py src/module_0075.py src/module_0057.py src/module_0303.py src/module_0086.py src/module_0402.py src/module_0176.py
file_path,30,337,src/module_0337.py,bridge,True,True,6,src/module_0337.py src/module_0176.py src/module_0402.py src/module_0086.py src/module_0303.py src/module_0057.py
file_path,30,337,src/module_0337.py,oracle,True,True,1,src/module_0337.py
file_path,30,220,src/module_0220.py,user_only,False,False,0,
file_path,30,220,src/module_0220.py,naive,True,True,16,src/module_0061.py src/module_0195.py src/module_0109.py src/module_0156.py src/module_0262.py src/module_0068.py src/module_0075.py src/module_0093.py src/module_0220.py src/module_0154.py src/module_0211.py src/module_0391.py src/module_0088.py src/module_0322.py src/module_0076.py src/module_0296.py
file_path,30,220,src/module_0220.py,bridge,True,True,6,src/module_0220.py src/module_0296.py src/module_0076.py src/module_0322.py src/module_0088.py src/module_0391.py
file_path,30,220,src/module_0220.py,oracle,True,True,1,src/module_0220.py
file_path,30,224,src/module_0224.py,user_only,False,False,0,
file_path,30,224,src/module_0224.py,naive,True,True,16,src/module_0394.py src/module_0340.py src/module_0384.py src/module_0204.py src/module_0155.py src/module_0222.py src/module_0283.py src/module_0322.py src/module_0224.py src/module_0244.py src/module_0108.py src/module_0334.py src/module_0447.py src/module_0172.py src/module_0239.py src/module_0393.py
file_path,30,224,src/module_0224.py,bridge,True,True,6,src/module_0224.py src/module_0393.py src/module_0239.py src/module_0172.py src/module_0447.py src/module_0334.py
file_path,30,224,src/module_0224.py,oracle,True,True,1,src/module_0224.py
file_path,30,131,src/module_0131.py,user_only,False,False,0,
file_path,30,131,src/module_0131.py,naive,True,True,16,src/module_0398.py src/module_0339.py src/module_0400.py src/module_0344.py src/module_0310.py src/module_0051.py src/module_0438.py src/module_0058.py src/module_0131.py src/module_0379.py src/module_0443.py src/module_0445.py src/module_0143.py src/module_0275.py src/module_0160.py src/module_0144.py
file_path,30,131,src/module_0131.py,bridge,True,True,6,src/module_0131.py src/module_0144.py src/module_0160.py src/module_0275.py src/module_0143.py src/module_0445.py
file_path,30,131,src/module_0131.py,oracle,True,True,1,src/module_0131.py
file_path,30,119,src/module_0119.py,user_only,False,False,0,
file_path,30,119,src/module_0119.py,naive,True,True,16,src/module_0336.py src/module_0136.py src/module_0370.py src/module_0087.py src/module_0230.py src/module_0052.py src/module_0343.py src/module_0187.py src/module_0119.py src/module_0153.py src/module_0051.py src/module_0127.py src/module_0200.py src/module_0062.py src/module_0414.py src/module_0303.py
file_path,30,119,src/module_0119.py,bridge,True,True,6,src/module_0119.py src/module_0303.py src/module_0414.py src/module_0062.py src/module_0200.py src/module_0127.py
file_path,30,119,src/module_0119.py,oracle,True,True,1,src/module_0119.py
file_path,30,222,src/module_0222.py,user_only,False,False,0,
file_path,30,222,src/module_0222.py,naive,True,True,16,src/module_0181.py src/module_0081.py src/module_0157.py src/module_0337.py src/module_0058.py src/module_0279.py src/module_0226.py src/module_0373.py src/module_0222.py src/module_0083.py src/module_0102.py src/module_0435.py src/module_0265.py src/module_0055.py src/module_0386.py src/module_0303.py
file_path,30,222,src/module_0222.py,bridge,True,True,6,src/module_0222.py src/module_0303.py src/module_0386.py src/module_0055.py src/module_0265.py src/module_0435.py
file_path,30,222,src/module_0222.py,oracle,True,True,1,src/module_0222.py
file_path,30,409,src/module_0409.py,user_only,False,False,0,
file_path,30,409,src/module_0409.py,naive,True,True,16,src/module_0323.py src/module_0188.py src/module_0396.py src/module_0083.py src/module_0109.py src/module_0150.py src/module_0103.py src/module_0221.py src/module_0409.py src/module_0326.py src/module_0199.py src/module_0425.py src/module_0351.py src/module_0148.py src/module_0380.py src/module_0407.py
file_path,30,409,src/module_0409.py,bridge,True,True,6,src/module_0409.py src/module_0407.py src/module_0380.py src/module_0148.py src/module_0351.py src/module_0425.py
file_path,30,409,src/module_0409.py,oracle,True,True,1,src/module_0409.py
file_path,30,175,src/module_0175.py,user_only,False,False,0,
file_path,30,175,src/module_0175.py,naive,True,True,16,src/module_0333.py src/module_0168.py src/module_0161.py src/module_0156.py src/module_0200.py src/module_0103.py src/module_0099.py src/module_0167.py src/module_0175.py src/module_0326.py src/module_0400.py src/module_0153.py src/module_0327.py src/module_0293.py src/module_0272.py src/module_0343.py
file_path,30,175,src/module_0175.py,bridge,True,True,6,src/module_0175.py src/module_0343.py src/module_0272.py src/module_0293.py src/module_0327.py src/module_0153.py
file_path,30,175,src/module_0175.py,oracle,True,True,1,src/module_0175.py
file_path,30,133,src/module_0133.py,user_only,False,False,0,
file_path,30,133,src/module_0133.py,naive,True,True,16,src/module_0442.py src/module_0102.py src/module_0070.py src/module_0357.py src/module_0309.py src/module_0148.py src/module_0328.py src/module_0056.py src/module_0133.py src/module_0135.py src/module_0275.py src/module_0422.py src/module_0322.py src/module_0057.py src/module_0415.py src/module_0243.py
file_path,30,133,src/module_0133.py,bridge,True,True,6,src/module_0133.py src/module_0243.py src/module_0415.py src/module_0057.py src/module_0322.py src/module_0422.py
file_path,30,133,src/module_0133.py,oracle,True,True,1,src/module_0133.py
file_path,30,50,src/module_0050.py,user_only,False,False,0,
file_path,30,50,src/module_0050.py,naive,True,True,16,src/module_0173.py src/module_0277.py src/module_0390.py src/module_0084.py src/module_0104.py src/module_0418.py src/module_0305.py src/module_0275.py src/module_0050.py src/module_0346.py src/module_0325.py src/module_0140.py src/module_0116.py src/module_0245.py src/module_0232.py src/module_0383.py
file_path,30,50,src/module_0050.py,bridge,True,True,6,src/module_0050.py src/module_0383.py src/module_0232.py src/module_0245.py src/module_0116.py src/module_0140.py
file_path,30,50,src/module_0050.py,oracle,True,True,1,src/module_0050.py
file_path,100,76,src/module_0076.py,user_only,True,False,0,
file_path,100,76,src/module_0076.py,naive,True,True,16,src/module_0059.py src/module_0201.py src/module_0429.py src/module_0223.py src/module_0185.py src/module_0101.py src/module_0364.py src/module_0437.py src/module_0076.py src/module_0435.py src/module_0338.py src/module_0113.py src/module_0302.py src/module_0304.py src/module_0114.py src/module_0379.py
file_path,100,76,src/module_0076.py,bridge,True,True,6,src/module_0076.py src/module_0379.py src/module_0114.py src/module_0304.py src/module_0302.py src/module_0113.py
file_path,100,76,src/module_0076.py,oracle,True,True,1,src/module_0076.py
file_path,100,187,src/module_0187.py,user_only,False,False,0,
file_path,100,187,src/module_0187.py,naive,True,True,16,src/module_0413.py src/module_0425.py src/module_0293.py src/module_0363.py src/module_0332.py src/module_0056.py src/module_0092.py src/module_0219.py src/module_0187.py src/module_0193.py src/module_0234.py src/module_0306.py src/module_0269.py src/module_0305.py src/module_0157.py src/module_0144.py
file_path,100,187,src/module_0187.py,bridge,True,True,6,src/module_0187.py src/module_0144.py src/module_0157.py src/module_0305.py src/module_0269.py src/module_0306.py
file_path,100,187,src/module_0187.py,oracle,True,True,1,src/module_0187.py
file_path,100,94,src/module_0094.py,user_only,True,False,0,
file_path,100,94,src/module_0094.py,naive,True,True,16,src/module_0212.py src/module_0137.py src/module_0278.py src/module_0102.py src/module_0138.py src/module_0201.py src/module_0172.py src/module_0435.py src/module_0094.py src/module_0131.py src/module_0174.py src/module_0370.py src/module_0282.py src/module_0161.py src/module_0266.py src/module_0208.py
file_path,100,94,src/module_0094.py,bridge,True,True,6,src/module_0094.py src/module_0208.py src/module_0266.py src/module_0161.py src/module_0282.py src/module_0370.py
file_path,100,94,src/module_0094.py,oracle,True,True,1,src/module_0094.py
file_path,100,443,src/module_0443.py,user_only,False,False,0,
file_path,100,443,src/module_0443.py,naive,True,True,16,src/module_0108.py src/module_0181.py src/module_0161.py src/module_0183.py src/module_0180.py src/module_0289.py src/module_0329.py src/module_0131.py src/module_0443.py src/module_0391.py src/module_0081.py src/module_0341.py src/module_0279.py src/module_0441.py src/module_0206.py src/module_0440.py
file_path,100,443,src/module_0443.py,bridge,True,True,6,src/module_0443.py src/module_0440.py src/module_0206.py src/module_0441.py src/module_0279.py src/module_0341.py
file_path,100,443,src/module_0443.py,oracle,True,True,1,src/module_0443.py
file_path,100,258,src/module_0258.py,user_only,False,False,0,
file_path,100,258,src/module_0258.py,naive,True,True,16,src/module_0310.py src/module_0220.py src/module_0191.py src/module_0389.py src/module_0410.py src/module_0445.py src/module_0264.py src/module_0124.py src/module_0258.py src/module_0118.py src/module_0288.py src/module_0432.py src/module_0268.py src/module_0136.py src/module_0205.py src/module_0378.py
file_path,100,258,src/module_0258.py,bridge,True,True,6,src/module_0258.py src/module_0378.py src/module_0205.py src/module_0136.py src/module_0268.py src/module_0432.py
file_path,100,258,src/module_0258.py,oracle,True,True,1,src/module_0258.py
file_path,100,186,src/module_0186.py,user_only,False,False,0,
file_path,100,186,src/module_0186.py,naive,True,True,16,src/module_0338.py src/module_0242.py src/module_0427.py src/module_0062.py src/module_0246.py src/module_0433.py src/module_0302.py src/module_0420.py src/module_0186.py src/module_0347.py src/module_0339.py src/module_0091.py src/module_0447.py src/module_0326.py src/module_0184.py src/module_0068.py
file_path,100,186,src/module_0186.py,bridge,True,True,6,src/module_0186.py src/module_0068.py src/module_0184.py src/module_0326.py src/module_0447.py src/module_0091.py
file_path,100,186,src/module_0186.py,oracle,True,True,1,src/module_0186.py
file_path,100,105,src/module_0105.py,user_only,False,False,0,
file_path,100,105,src/module_0105.py,naive,True,True,16,src/module_0201.py src/module_0424.py src/module_0146.py src/module_0281.py src/module_0125.py src/module_0401.py src/module_0079.py src/module_0118.py src/module_0105.py src/module_0225.py src/module_0442.py src/module_0111.py src/module_0119.py src/module_0355.py src/module_0184.py src/module_0126.py
file_path,100,105,src/module_0105.py,bridge,True,True,6,src/module_0105.py src/module_0126.py src/module_0184.py src/module_0355.py src/module_0119.py src/module_0111.py
file_path,100,105,src/module_0105.py,oracle,True,True,1,src/module_0105.py
file_path,100,69,src/module_0069.py,user_only,True,False,0,
file_path,100,69,src/module_0069.py,naive,True,True,16,src/module_0292.py src/module_0127.py src/module_0432.py src/module_0111.py src/module_0399.py src/module_0237.py src/module_0367.py src/module_0326.py src/module_0069.py src/module_0286.py src/module_0322.py src/module_0357.py src/module_0398.py src/module_0304.py src/module_0213.py src/module_0097.py
file_path,100,69,src/module_0069.py,bridge,True,True,6,src/module_0069.py src/module_0097.py src/module_0213.py src/module_0304.py src/module_0398.py src/module_0357.py
file_path,100,69,src/module_0069.py,oracle,True,True,1,src/module_0069.py
file_path,100,244,src/module_0244.py,user_only,False,False,0,
file_path,100,244,src/module_0244.py,naive,True,True,16,src/module_0072.py src/module_0053.py src/module_0240.py src/module_0435.py src/module_0143.py src/module_0303.py src/module_0433.py src/module_0278.py src/module_0244.py src/module_0361.py src/module_0367.py src/module_0285.py src/module_0065.py src/module_0101.py src/module_0404.py src/module_0242.py
file_path,100,244,src/module_0244.py,bridge,True,True,6,src/module_0244.py src/module_0242.py src/module_0404.py src/module_0101.py src/module_0065.py src/module_0285.py
file_path,100,244,src/module_0244.py,oracle,True,True,1,src/module_0244.py
file_path,100,324,src/module_0324.py,user_only,False,False,0,
file_path,100,324,src/module_0324.py,naive,True,True,16,src/module_0176.py src/module_0305.py src/module_0217.py src/module_0271.py src/module_0309.py src/module_0349.py src/module_0064.py src/module_0269.py src/module_0324.py src/module_0404.py src/module_0415.py src/module_0419.py src/module_0301.py src/module_0368.py src/module_0205.py src/module_0321.py
file_path,100,324,src/module_0324.py,bridge,True,True,6,src/module_0324.py src/module_0321.py src/module_0205.py src/module_0368.py src/module_0301.py src/module_0419.py
file_path,100,324,src/module_0324.py,oracle,True,True,1,src/module_0324.py
file_path,100,337,src/module_0337.py,user_only,False,False,0,
file_path,100,337,src/module_0337.py,naive,True,True,16,src/module_0211.py src/module_0418.py src/module_0401.py src/module_0287.py src/module_0261.py src/module_0082.py src/module_0333.py src/module_0212.py src/module_0337.py src/module_0205.py src/module_0377.py src/module_0362.py src/module_0356.py src/module_0276.py src/module_0142.py src/module_0320.py
file_path,100,337,src/module_0337.py,bridge,True,True,6,src/module_0337.py src/module_0320.py src/module_0142.py src/module_0276.py src/module_0356.py src/module_0362.py
file_path,100,337,src/module_0337.py,oracle,True,True,1,src/module_0337.py
file_path,100,220,src/module_0220.py,user_only,False,False,0,
file_path,100,220,src/module_0220.py,naive,True,True,16,src/module_0122.py src/module_0101.py src/module_0319.py src/module_0326.py src/module_0201.py src/module_0188.py src/module_0232.py src/module_0428.py src/module_0220.py src/module_0362.py src/module_0213.py src/module_0259.py src/module_0406.py src/module_0089.py src/module_0294.py src/module_0331.py
file_path,100,220,src/module_0220.py,bridge,True,True,6,src/module_0220.py src/module_0331.py src/module_0294.py src/module_0089.py src/module_0406.py src/module_0259.py
file_path,100,220,src/module_0220.py,oracle,True,True,1,src/module_0220.py
file_path,100,224,src/module_0224.py,user_only,False,False,0,
file_path,100,224,src/module_0224.py,naive,True,True,16,src/module_0227.py src/module_0061.py src/module_0302.py src/module_0140.py src/module_0204.py src/module_0275.py src/module_0250.py src/module_0101.py src/module_0224.py src/module_0359.py src/module_0086.py src/module_0233.py src/module_0401.py src/module_0072.py src/module_0147.py src/module_0444.py
file_path,100,224,src/module_0224.py,bridge,True,True,6,src/module_0224.py src/module_0444.py src/module_0147.py src/module_0072.py src/module_0401.py src/module_0233.py
file_path,100,224,src/module_0224.py,oracle,True,True,1,src/module_0224.py
file_path,100,131,src/module_0131.py,user_only,False,False,0,
file_path,100,131,src/module_0131.py,naive,True,True,16,src/module_0334.py src/module_0278.py src/module_0256.py src/module_0265.py src/module_0246.py src/module_0062.py src/module_0328.py src/module_0313.py src/module_0131.py src/module_0114.py src/module_0104.py src/module_0444.py src/module_0123.py src/module_0436.py src/module_0130.py src/module_0356.py
file_path,100,131,src/module_0131.py,bridge,True,True,6,src/module_0131.py src/module_0356.py src/module_0130.py src/module_0436.py src/module_0123.py src/module_0444.py
file_path,100,131,src/module_0131.py,oracle,True,True,1,src/module_0131.py
file_path,100,119,src/module_0119.py,user_only,False,False,0,
file_path,100,119,src/module_0119.py,naive,True,True,16,src/module_0250.py src/module_0289.py src/module_0295.py src/module_0280.py src/module_0414.py src/module_0302.py src/module_0259.py src/module_0291.py src/module_0119.py src/module_0327.py src/module_0386.py src/module_0099.py src/module_0077.py src/module_0201.py src/module_0337.py src/module_0324.py
file_path,100,119,src/module_0119.py,bridge,True,True,6,src/module_0119.py src/module_0324.py src/module_0337.py src/module_0201.py src/module_0077.py src/module_0099.py
file_path,100,119,src/module_0119.py,oracle,True,True,1,src/module_0119.py
file_path,100,222,src/module_0222.py,user_only,False,False,0,
file_path,100,222,src/module_0222.py,naive,True,True,16,src/module_0172.py src/module_0171.py src/module_0161.py src/module_0217.py src/module_0276.py src/module_0375.py src/module_0247.py src/module_0180.py src/module_0222.py src/module_0327.py src/module_0196.py src/module_0385.py src/module_0286.py src/module_0056.py src/module_0408.py src/module_0410.py
file_path,100,222,src/module_0222.py,bridge,True,True,6,src/module_0222.py src/module_0410.py src/module_0408.py src/module_0056.py src/module_0286.py src/module_0385.py
file_path,100,222,src/module_0222.py,oracle,True,True,1,src/module_0222.py
file_path,100,409,src/module_0409.py,user_only,False,False,0,
file_path,100,409,src/module_0409.py,naive,True,True,16,src/module_0437.py src/module_0241.py src/module_0401.py src/module_0278.py src/module_0092.py src/module_0069.py src/module_0209.py src/module_0257.py src/module_0409.py src/module_0309.py src/module_0386.py src/module_0243.py src/module_0266.py src/module_0073.py src/module_0169.py src/module_0345.py
file_path,100,409,src/module_0409.py,bridge,True,True,6,src/module_0409.py src/module_0345.py src/module_0169.py src/module_0073.py src/module_0266.py src/module_0243.py
file_path,100,409,src/module_0409.py,oracle,True,True,1,src/module_0409.py
file_path,100,175,src/module_0175.py,user_only,False,False,0,
file_path,100,175,src/module_0175.py,naive,True,True,16,src/module_0217.py src/module_0080.py src/module_0246.py src/module_0342.py src/module_0430.py src/module_0220.py src/module_0329.py src/module_0264.py src/module_0175.py src/module_0370.py src/module_0183.py src/module_0162.py src/module_0435.py src/module_0383.py src/module_0195.py src/module_0130.py
file_path,100,175,src/module_0175.py,bridge,True,True,6,src/module_0175.py src/module_0130.py src/module_0195.py src/module_0383.py src/module_0435.py src/module_0162.py
file_path,100,175,src/module_0175.py,oracle,True,True,1,src/module_0175.py
file_path,100,133,src/module_0133.py,user_only,False,False,0,
file_path,100,133,src/module_0133.py,naive,True,True,16,src/module_0134.py src/module_0334.py src/module_0061.py src/module_0116.py src/module_0206.py src/module_0082.py src/module_0419.py src/module_0152.py src/module_0133.py src/module_0064.py src/module_0256.py src/module_0191.py src/module_0367.py src/module_0408.py src/module_0114.py src/module_0192.py
file_path,100,133,src/module_0133.py,bridge,True,True,6,src/module_0133.py src/module_0192.py src/module_0114.py src/module_0408.py src/module_0367.py src/module_0191.py
file_path,100,133,src/module_0133.py,oracle,True,True,1,src/module_0133.py
file_path,100,50,src/module_0050.py,user_only,True,False,0,
file_path,100,50,src/module_0050.py,naive,True,True,16,src/module_0172.py src/module_0105.py src/module_0130.py src/module_0247.py src/module_0274.py src/module_0416.py src/module_0177.py src/module_0092.py src/module_0050.py src/module_0424.py src/module_0128.py src/module_0183.py src/module_0317.py src/module_0339.py src/module_0182.py src/module_0350.py
file_path,100,50,src/module_0050.py,bridge,True,True,6,src/module_0050.py src/module_0350.py src/module_0182.py src/module_0339.py src/module_0317.py src/module_0183.py
file_path,100,50,src/module_0050.py,oracle,True,True,1,src/module_0050.py
config_key,10,76,CONFIG_KEY_0076,user_only,False,False,0,
config_key,10,76,CONFIG_KEY_0076,naive,True,True,16,CONFIG_KEY_0379 CONFIG_KEY_0093 CONFIG_KEY_0408 CONFIG_KEY_0054 CONFIG_KEY_0357 CONFIG_KEY_0264 CONFIG_KEY_0352 CONFIG_KEY_0188 CONFIG_KEY_0076 CONFIG_KEY_0259 CONFIG_KEY_0374 CONFIG_KEY_0090 CONFIG_KEY_0082 CONFIG_KEY_0129 CONFIG_KEY_0095 CONFIG_KEY_0106
config_key,10,76,CONFIG_KEY_0076,bridge,True,True,6,CONFIG_KEY_0076 CONFIG_KEY_0106 CONFIG_KEY_0095 CONFIG_KEY_0129 CONFIG_KEY_0082 CONFIG_KEY_0090
config_key,10,76,CONFIG_KEY_0076,oracle,True,True,1,CONFIG_KEY_0076
config_key,10,187,CONFIG_KEY_0187,user_only,False,False,0,
config_key,10,187,CONFIG_KEY_0187,naive,True,True,16,CONFIG_KEY_0396 CONFIG_KEY_0173 CONFIG_KEY_0384 CONFIG_KEY_0433 CONFIG_KEY_0352 CONFIG_KEY_0360 CONFIG_KEY_0363 CONFIG_KEY_0302 CONFIG_KEY_0187 CONFIG_KEY_0419 CONFIG_KEY_0197 CONFIG_KEY_0342 CONFIG_KEY_0176 CONFIG_KEY_0120 CONFIG_KEY_0446 CONFIG_KEY_0180
config_key,10,187,CONFIG_KEY_0187,bridge,True,True,6,CONFIG_KEY_0187 CONFIG_KEY_0180 CONFIG_KEY_0446 CONFIG_KEY_0120 CONFIG_KEY_0176 CONFIG_KEY_0342
config_key,10,187,CONFIG_KEY_0187,oracle,True,True,1,CONFIG_KEY_0187
config_key,10,94,CONFIG_KEY_0094,user_only,False,False,0,
config_key,10,94,CONFIG_KEY_0094,naive,True,True,16,CONFIG_KEY_0095 CONFIG_KEY_0129 CONFIG_KEY_0141 CONFIG_KEY_0415 CONFIG_KEY_0068 CONFIG_KEY_0144 CONFIG_KEY_0422 CONFIG_KEY_0231 CONFIG_KEY_0094 CONFIG_KEY_0098 CONFIG_KEY_0108 CONFIG_KEY_0442 CONFIG_KEY_0101 CONFIG_KEY_0320 CONFIG_KEY_0441 CONFIG_KEY_0119
config_key,10,94,CONFIG_KEY_0094,bridge,True,True,6,CONFIG_KEY_0094 CONFIG_KEY_0119 CONFIG_KEY_0441 CONFIG_KEY_0320 CONFIG_KEY_0101 CONFIG_KEY_0442
config_key,10,94,CONFIG_KEY_0094,oracle,True,True,1,CONFIG_KEY_0094
config_key,10,443,CONFIG_KEY_0443,user_only,False,False,0,
config_key,10,443,CONFIG_KEY_0443,naive,False,True,16,CONFIG_KEY_0431 CONFIG_KEY_0241 CONFIG_KEY_0130 CONFIG_KEY_0322 CONFIG_KEY_0370 CONFIG_KEY_0134 CONFIG_KEY_0233 CONFIG_KEY_0061 CONFIG_KEY_0443 CONFIG_KEY_0373 CONFIG_KEY_0330 CONFIG_KEY_0248 CONFIG_KEY_0371 CONFIG_KEY_0219 CONFIG_KEY_0355 CONFIG_KEY_0261
config_key,10,443,CONFIG_KEY_0443,bridge,True,True,6,CONFIG_KEY_0443 CONFIG_KEY_0261 CONFIG_KEY_0355 CONFIG_KEY_0219 CONFIG_KEY_0371 CONFIG_KEY_0248
config_key,10,443,CONFIG_KEY_0443,oracle,True,True,1,CONFIG_KEY_0443
config_key,10,258,CONFIG_KEY_0258,user_only,False,False,0,
config_key,10,258,CONFIG_KEY_0258,naive,False,True,16,CONFIG_KEY_0121 CONFIG_KEY_0159 CONFIG_KEY_0106 CONFIG_KEY_0355 CONFIG_KEY_0163 CONFIG_KEY_0281 CONFIG_KEY_0412 CONFIG_KEY_0123 CONFIG_KEY_0258 CONFIG_KEY_0267 CONFIG_KEY_0238 CONFIG_KEY_0363 CONFIG_KEY_0100 CONFIG_KEY_0278 CONFIG_KEY_0290 CONFIG_KEY_0103
config_key,10,258,CONFIG_KEY_0258,bridge,True,True,6,CONFIG_KEY_0258 CONFIG_KEY_0103 CONFIG_KEY_0290 CONFIG_KEY_0278 CONFIG_KEY_0100 CONFIG_KEY_0363
config_key,10,258,CONFIG_KEY_0258,oracle,True,True,1,CONFIG_KEY_0258
config_key,10,186,CONFIG_KEY_0186,user_only,False,False,0,
config_key,10,186,CONFIG_KEY_0186,naive,True,True,16,CONFIG_KEY_0393 CONFIG_KEY_0155 CONFIG_KEY_0149 CONFIG_KEY_0124 CONFIG_KEY_0072 CONFIG_KEY_0247 CONFIG_KEY_0336 CONFIG_KEY_0394 CONFIG_KEY_0186 CONFIG_KEY_0274 CONFIG_KEY_0171 CONFIG_KEY_0268 CONFIG_KEY_0245 CONFIG_KEY_0417 CONFIG_KEY_0174 CONFIG_KEY_0248
config_key,10,186,CONFIG_KEY_0186,bridge,True,True,6,CONFIG_KEY_0186 CONFIG_KEY_0248 CONFIG_KEY_0174 CONFIG_KEY_0417 CONFIG_KEY_0245 CONFIG_KEY_0268
config_key,10,186,CONFIG_KEY_0186,oracle,True,True,1,CONFIG_KEY_0186
config_key,10,105,CONFIG_KEY_0105,user_only,False,False,0,
config_key,10,105,CONFIG_KEY_0105,naive,True,True,16,CONFIG_KEY_0284 CONFIG_KEY_0256 CONFIG_KEY_0268 CONFIG_KEY_0407 CONFIG_KEY_0178 CONFIG_KEY_0129 CONFIG_KEY_0153 CONFIG_KEY_0158 CONFIG_KEY_0105 CONFIG_KEY_0235 CONFIG_KEY_0445 CONFIG_KEY_0055 CONFIG_KEY_0106 CONFIG_KEY_0381 CONFIG_KEY_0231 CONFIG_KEY_0083
config_key,10,105,CONFIG_KEY_0105,bridge,True,True,6,CONFIG_KEY_0105 CONFIG_KEY_0083 CONFIG_KEY_0231 CONFIG_KEY_0381 CONFIG_KEY_0106 CONFIG_KEY_0055
config_key,10,105,CONFIG_KEY_0105,oracle,True,True,1,CONFIG_KEY_0105
config_key,10,69,CONFIG_KEY_0069,user_only,False,False,0,
config_key,10,69,CONFIG_KEY_0069,naive,True,True,16,CONFIG_KEY_0443 CONFIG_KEY_0063 CONFIG_KEY_0272 CONFIG_KEY_0236 CONFIG_KEY_0143 CONFIG_KEY_0168 CONFIG_KEY_0289 CONFIG_KEY_0406 CONFIG_KEY_0069 CONFIG_KEY_0266 CONFIG_KEY_0336 CONFIG_KEY_0155 CONFIG_KEY_0332 CONFIG_KEY_0309 CONFIG_KEY_0312 CONFIG_KEY_0355
config_key,10,69,CONFIG_KEY_0069,bridge,True,True,6,CONFIG_KEY_0069 CONFIG_KEY_0355 CONFIG_KEY_0312 CONFIG_KEY_0309 CONFIG_KEY_0332 CONFIG_KEY_0155
config_key,10,69,CONFIG_KEY_0069,oracle,True,True,1,CONFIG_KEY_0069
config_key,10,244,CONFIG_KEY_0244,user_only,False,False,0,
config_key,10,244,CONFIG_KEY_0244,naive,False,True,16,CONFIG_KEY_0100 CONFIG_KEY_0288 CONFIG_KEY_0294 CONFIG_KEY_0187 CONFIG_KEY_0382 CONFIG_KEY_0099 CONFIG_KEY_0054 CONFIG_KEY_0228 CONFIG_KEY_0244 CONFIG_KEY_0185 CONFIG_KEY_0414 CONFIG_KEY_0182 CONFIG_KEY_0346 CONFIG_KEY_0165 CONFIG_KEY_0125 CONFIG_KEY_0357
config_key,10,244,CONFIG_KEY_0244,bridge,True,True,6,CONFIG_KEY_0244 CONFIG_KEY_0357 CONFIG_KEY_0125 CONFIG_KEY_0165 CONFIG_KEY_0346 CONFIG_KEY_0182
config_key,10,244,CONFIG_KEY_0244,oracle,True,True,1,CONFIG_KEY_0244
config_key,10,324,CONFIG_KEY_0324,user_only,False,False,0,
config_key,10,324,CONFIG_KEY_0324,naive,False,True,16,CONFIG_KEY_0058 CONFIG_KEY_0207 CONFIG_KEY_0241 CONFIG_KEY_0100 CONFIG_KEY_0318 CONFIG_KEY_0063 CONFIG_KEY_0164 CONFIG_KEY_0238 CONFIG_KEY_0324 CONFIG_KEY_0269 CONFIG_KEY_0416 CONFIG_KEY_0347 CONFIG_KEY_0322 CONFIG_KEY_0220 CONFIG_KEY_0217 CONFIG_KEY_0445
config_key,10,324,CONFIG_KEY_0324,bridge,True,True,6,CONFIG_KEY_0324 CONFIG_KEY_0445 CONFIG_KEY_0217 CONFIG_KEY_0220 CONFIG_KEY_0322 CONFIG_KEY_0347
config_key,10,324,CONFIG_KEY_0324,oracle,True,True,1,CONFIG_KEY_0324
config_key,10,337,CONFIG_KEY_0337,user_only,False,False,0,
config_key,10,337,CONFIG_KEY_0337,naive,False,True,16,CONFIG_KEY_0090 CONFIG_KEY_0438 CONFIG_KEY_0321 CONFIG_KEY_0338 CONFIG_KEY_0274 CONFIG_KEY_0259 CONFIG_KEY_0433 CONFIG_KEY_0223 CONFIG_KEY_0337 CONFIG_KEY_0323 CONFIG_KEY_0394 CONFIG_KEY_0066 CONFIG_KEY_0408 CONFIG_KEY_0159 CONFIG_KEY_0102 CONFIG_KEY_0308
config_key,10,337,CONFIG_KEY_0337,bridge,True,True,6,CONFIG_KEY_0337 CONFIG_KEY_0308 CONFIG_KEY_0102 CONFIG_KEY_0159 CONFIG_KEY_0408 CONFIG_KEY_0066
config_key,10,337,CONFIG_KEY_0337,oracle,True,True,1,CONFIG_KEY_0337
config_key,10,220,CONFIG_KEY_0220,user_only,False,False,0,
config_key,10,220,CONFIG_KEY_0220,naive,False,True,16,CONFIG_KEY_0343 CONFIG_KEY_0175 CONFIG_KEY_0122 CONFIG_KEY_0111 CONFIG_KEY_0091 CONFIG_KEY_0086 CONFIG_KEY_0207 CONFIG_KEY_0245 CONFIG_KEY_0220 CONFIG_KEY_0360 CONFIG_KEY_0420 CONFIG_KEY_0407 CONFIG_KEY_0269 CONFIG_KEY_0059 CONFIG_KEY_0195 CONFIG_KEY_0376
config_key,10,220,CONFIG_KEY_0220,bridge,True,True,6,CONFIG_KEY_0220 CONFIG_KEY_0376 CONFIG_KEY_0195 CONFIG_KEY_0059 CONFIG_KEY_0269 CONFIG_KEY_0407
config_key,10,220,CONFIG_KEY_0220,oracle,True,True,1,CONFIG_KEY_0220
config_key,10,224,CONFIG_KEY_0224,user_only,False,False,0,
config_key,10,224,CONFIG_KEY_0224,naive,True,True,16,CONFIG_KEY_0183 CONFIG_KEY_0239 CONFIG_KEY_0383 CONFIG_KEY_0348 CONFIG_KEY_0105 CONFIG_KEY_0149 CONFIG_KEY_0252 CONFIG_KEY_0152 CONFIG_KEY_0224 CONFIG_KEY_0144 CONFIG_KEY_0242 CONFIG_KEY_0273 CONFIG_KEY_0335 CONFIG_KEY_0297 CONFIG_KEY_0279 CONFIG_KEY_0314
config_key,10,224,CONFIG_KEY_0224,bridge,True,True,6,CONFIG_KEY_0224 CONFIG_KEY_0314 CONFIG_KEY_0279 CONFIG_KEY_0297 CONFIG_KEY_0335 CONFIG_KEY_0273
config_key,10,224,CONFIG_KEY_0224,oracle,True,True,1,CONFIG_KEY_0224
config_key,10,131,CONFIG_KEY_0131,user_only,False,False,0,
config_key,10,131,CONFIG_KEY_0131,naive,True,True,16,CONFIG_KEY_0226 CONFIG_KEY_0310 CONFIG_KEY_0292 CONFIG_KEY_0251 CONFIG_KEY_0282 CONFIG_KEY_0235 CONFIG_KEY_0374 CONFIG_KEY_0257 CONFIG_KEY_0131 CONFIG_KEY_0416 CONFIG_KEY_0267 CONFIG_KEY_0200 CONFIG_KEY_0320 CONFIG_KEY_0216 CONFIG_KEY_0237 CONFIG_KEY_0198
config_key,10,131,CONFIG_KEY_0131,bridge,True,True,6,CONFIG_KEY_0131 CONFIG_KEY_0198 CONFIG_KEY_0237 CONFIG_KEY_0216 CONFIG_KEY_0320 CONFIG_KEY_0200
config_key,10,131,CONFIG_KEY_0131,oracle,True,True,1,CONFIG_KEY_0131
config_key,10,119,CONFIG_KEY_0119,user_only,False,False,0,
config_key,10,119,CONFIG_KEY_0119,naive,True,True,16,CONFIG_KEY_0315 CONFIG_KEY_0159 CONFIG_KEY_0287 CONFIG_KEY_0115 CONFIG_KEY_0060 CONFIG_KEY_0122 CONFIG_KEY_0162 CONFIG_KEY_0297 CONFIG_KEY_0119 CONFIG_KEY_0168 CONFIG_KEY_0328 CONFIG_KEY_0396 CONFIG_KEY_0240 CONFIG_KEY_0377 CONFIG_KEY_0181 CONFIG_KEY_0116
config_key,10,119,CONFIG_KEY_0119,bridge,True,True,6,CONFIG_KEY_0119 CONFIG_KEY_0116 CONFIG_KEY_0181 CONFIG_KEY_0377 CONFIG_KEY_0240 CONFIG_KEY_0396
config_key,10,119,CONFIG_KEY_0119,oracle,True,True,1,CONFIG_KEY_0119
config_key,10,222,CONFIG_KEY_0222,user_only,False,False,0,
config_key,10,222,CONFIG_KEY_0222,naive,True,True,16,CONFIG_KEY_0269 CONFIG_KEY_0392 CONFIG_KEY_0100 CONFIG_KEY_0215 CONFIG_KEY_0098 CONFIG_KEY_0275 CONFIG_KEY_0396 CONFIG_KEY_0411 CONFIG_KEY_0222 CONFIG_KEY_0338 CONFIG_KEY_0195 CONFIG_KEY_0249 CONFIG_KEY_0207 CONFIG_KEY_0436 CONFIG_KEY_0273 CONFIG_KEY_0068
config_key,10,222,CONFIG_KEY_0222,bridge,True,True,6,CONFIG_KEY_0222 CONFIG_KEY_0068 CONFIG_KEY_0273 CONFIG_KEY_0436 CONFIG_KEY_0207 CONFIG_KEY_0249
config_key,10,222,CONFIG_KEY_0222,oracle,True,True,1,CONFIG_KEY_0222
config_key,10,409,CONFIG_KEY_0409,user_only,False,False,0,
config_key,10,409,CONFIG_KEY_0409,naive,False,True,16,CONFIG_KEY_0449 CONFIG_KEY_0198 CONFIG_KEY_0359 CONFIG_KEY_0303 CONFIG_KEY_0156 CONFIG_KEY_0117 CONFIG_KEY_0184 CONFIG_KEY_0443 CONFIG_KEY_0409 CONFIG_KEY_0405 CONFIG_KEY_0430 CONFIG_KEY_0149 CONFIG_KEY_0390 CONFIG_KEY_0349 CONFIG_KEY_0223 CONFIG_KEY_0210
config_key,10,409,CONFIG_KEY_0409,bridge,True,True,6,CONFIG_KEY_0409 CONFIG_KEY_0210 CONFIG_KEY_0223 CONFIG_KEY_0349 CONFIG_KEY_0390 CONFIG_KEY_0149
config_key,10,409,CONFIG_KEY_0409,oracle,True,True,1,CONFIG_KEY_0409
config_key,10,175,CONFIG_KEY_0175,user_only,False,False,0,
config_key,10,175,CONFIG_KEY_0175,naive,True,True,16,CONFIG_KEY_0292 CONFIG_KEY_0228 CONFIG_KEY_0223 CONFIG_KEY_0116 CONFIG_KEY_0345 CONFIG_KEY_0112 CONFIG_KEY_0090 CONFIG_KEY_0423 CONFIG_KEY_0175 CONFIG_KEY_0158 CONFIG_KEY_0069 CONFIG_KEY_0436 CONFIG_KEY_0412 CONFIG_KEY_0343 CONFIG_KEY_0102 CONFIG_KEY_0147
config_key,10,175,CONFIG_KEY_0175,bridge,True,True,6,CONFIG_KEY_0175 CONFIG_KEY_0147 CONFIG_KEY_0102 CONFIG_KEY_0343 CONFIG_KEY_0412 CONFIG_KEY_0436
config_key,10,175,CONFIG_KEY_0175,oracle,True,True,1,CONFIG_KEY_0175
config_key,10,133,CONFIG_KEY_0133,user_only,False,False,0,
config_key,10,133,CONFIG_KEY_0133,naive,True,True,16,CONFIG_KEY_0074 CONFIG_KEY_0387 CONFIG_KEY_0103 CONFIG_KEY_0200 CONFIG_KEY_0292 CONFIG_KEY_0080 CONFIG_KEY_0089 CONFIG_KEY_0410 CONFIG_KEY_0133 CONFIG_KEY_0057 CONFIG_KEY_0174 CONFIG_KEY_0425 CONFIG_KEY_0240 CONFIG_KEY_0119 CONFIG_KEY_0275 CONFIG_KEY_0378
config_key,10,133,CONFIG_KEY_0133,bridge,True,True,6,CONFIG_KEY_0133 CONFIG_KEY_0378 CONFIG_KEY_0275 CONFIG_KEY_0119 CONFIG_KEY_0240 CONFIG_KEY_0425
config_key,10,133,CONFIG_KEY_0133,oracle,True,True,1,CONFIG_KEY_0133
config_key,10,50,CONFIG_KEY_0050,user_only,False,False,0,
config_key,10,50,CONFIG_KEY_0050,naive,True,True,16,CONFIG_KEY_0115 CONFIG_KEY_0254 CONFIG_KEY_0409 CONFIG_KEY_0083 CONFIG_KEY_0074 CONFIG_KEY_0432 CONFIG_KEY_0088 CONFIG_KEY_0051 CONFIG_KEY_0050 CONFIG_KEY_0332 CONFIG_KEY_0279 CONFIG_KEY_0223 CONFIG_KEY_0449 CONFIG_KEY_0196 CONFIG_KEY_0342 CONFIG_KEY_0102
config_key,10,50,CONFIG_KEY_0050,bridge,True,True,6,CONFIG_KEY_0050 CONFIG_KEY_0102 CONFIG_KEY_0342 CONFIG_KEY_0196 CONFIG_KEY_0449 CONFIG_KEY_0223
config_key,10,50,CONFIG_KEY_0050,oracle,True,True,1,CONFIG_KEY_0050
config_key,30,76,CONFIG_KEY_0076,user_only,False,False,0,
config_key,30,76,CONFIG_KEY_0076,naive,True,True,16,CONFIG_KEY_0217 CONFIG_KEY_0208 CONFIG_KEY_0421 CONFIG_KEY_0220 CONFIG_KEY_0334 CONFIG_KEY_0393 CONFIG_KEY_0306 CONFIG_KEY_0414 CONFIG_KEY_0076 CONFIG_KEY_0392 CONFIG_KEY_0137 CONFIG_KEY_0198 CONFIG_KEY_0395 CONFIG_KEY_0296 CONFIG_KEY_0425 CONFIG_KEY_0422
config_key,30,76,CONFIG_KEY_0076,bridge,True,True,6,CONFIG_KEY_0076 CONFIG_KEY_0422 CONFIG_KEY_0425 CONFIG_KEY_0296 CONFIG_KEY_0395 CONFIG_KEY_0198
config_key,30,76,CONFIG_KEY_0076,oracle,True,True,1,CONFIG_KEY_0076
config_key,30,187,CONFIG_KEY_0187,user_only,False,False,0,
config_key,30,187,CONFIG_KEY_0187,naive,True,True,16,CONFIG_KEY_0371 CONFIG_KEY_0395 CONFIG_KEY_0393 CONFIG_KEY_0096 CONFIG_KEY_0430 CONFIG_KEY_0063 CONFIG_KEY_0400 CONFIG_KEY_0327 CONFIG_KEY_0187 CONFIG_KEY_0436 CONFIG_KEY_0179 CONFIG_KEY_0337 CONFIG_KEY_0209 CONFIG_KEY_0294 CONFIG_KEY_0078 CONFIG_KEY_0139
config_key,30,187,CONFIG_KEY_0187,bridge,True,True,6,CONFIG_KEY_0187 CONFIG_KEY_0139 CONFIG_KEY_0078 CONFIG_KEY_0294 CONFIG_KEY_0209 CONFIG_KEY_0337
config_key,30,187,CONFIG_KEY_0187,oracle,True,True,1,CONFIG_KEY_0187
config_key,30,94,CONFIG_KEY_0094,user_only,False,False,0,
config_key,30,94,CONFIG_KEY_0094,naive,True,True,16,CONFIG_KEY_0421 CONFIG_KEY_0398 CONFIG_KEY_0052 CONFIG_KEY_0179 CONFIG_KEY_0101 CONFIG_KEY_0334 CONFIG_KEY_0246 CONFIG_KEY_0111 CONFIG_KEY_0094 CONFIG_KEY_0333 CONFIG_KEY_0412 CONFIG_KEY_0249 CONFIG_KEY_0162 CONFIG_KEY_0330 CONFIG_KEY_0164 CONFIG_KEY_0115
config_key,30,94,CONFIG_KEY_0094,bridge,True,True,6,CONFIG_KEY_0094 CONFIG_KEY_0115 CONFIG_KEY_0164 CONFIG_KEY_0330 CONFIG_KEY_0162 CONFIG_KEY_0249
config_key,30,94,CONFIG_KEY_0094,oracle,True,True,1,CONFIG_KEY_0094
config_key,30,443,CONFIG_KEY_0443,user_only,False,False,0,
config_key,30,443,CONFIG_KEY_0443,naive,True,True,16,CONFIG_KEY_0356 CONFIG_KEY_0319 CONFIG_KEY_0415 CONFIG_KEY_0198 CONFIG_KEY_0289 CONFIG_KEY_0102 CONFIG_KEY_0141 CONFIG_KEY_0339 CONFIG_KEY_0443 CONFIG_KEY_0362 CONFIG_KEY_0272 CONFIG_KEY_0067 CONFIG_KEY_0253 CONFIG_KEY_0328 CONFIG_KEY_0292 CONFIG_KEY_0242
config_key,30,443,CONFIG_KEY_0443,bridge,True,True,6,CONFIG_KEY_0443 CONFIG_KEY_0242 CONFIG_KEY_0292 CONFIG_KEY_0328 CONFIG_KEY_0253 CONFIG_KEY_0067
config_key,30,443,CONFIG_KEY_0443,oracle,True,True,1,CONFIG_KEY_0443
config_key,30,258,CONFIG_KEY_0258,user_only,False,False,0,
config_key,30,258,CONFIG_KEY_0258,naive,True,True,16,CONFIG_KEY_0424 CONFIG_KEY_0194 CONFIG_KEY_0348 CONFIG_KEY_0450 CONFIG_KEY_0353 CONFIG_KEY_0279 CONFIG_KEY_0428 CONFIG_KEY_0280 CONFIG_KEY_0258 CONFIG_KEY_0362 CONFIG_KEY_0057 CONFIG_KEY_0321 CONFIG_KEY_0346 CONFIG_KEY_0196 CONFIG_KEY_0119 CONFIG_KEY_0062
config_key,30,258,CONFIG_KEY_0258,bridge,True,True,6,CONFIG_KEY_0258 CONFIG_KEY_0062 CONFIG_KEY_0119 CONFIG_KEY_0196 CONFIG_KEY_0346 CONFIG_KEY_0321
config_key,30,258,CONFIG_KEY_0258,oracle,True,True,1,CONFIG_KEY_0258
config_key,30,186,CONFIG_KEY_0186,user_only,False,False,0,
config_key,30,186,CONFIG_KEY_0186,naive,True,True,16,CONFIG_KEY_0416 CONFIG_KEY_0450 CONFIG_KEY_0400 CONFIG_KEY_0374 CONFIG_KEY_0405 CONFIG_KEY_0084 CONFIG_KEY_0414 CONFIG_KEY_0411 CONFIG_KEY_0186 CONFIG_KEY_0162 CONFIG_KEY_0311 CONFIG_KEY_0269 CONFIG_KEY_0176 CONFIG_KEY_0178 CONFIG_KEY_0272 CONFIG_KEY_0168
config_key,30,186,CONFIG_KEY_0186,bridge,True,True,6,CONFIG_KEY_0186 CONFIG_KEY_0168 CONFIG_KEY_0272 CONFIG_KEY_0178 CONFIG_KEY_0176 CONFIG_KEY_0269
config_key,30,186,CONFIG_KEY_0186,oracle,True,True,1,CONFIG_KEY_0186
config_key,30,105,CONFIG_KEY_0105,user_only,False,False,0,
config_key,30,105,CONFIG_KEY_0105,naive,True,True,16,CONFIG_KEY_0080 CONFIG_KEY_0134 CONFIG_KEY_0174 CONFIG_KEY_0290 CONFIG_KEY_0353 CONFIG_KEY_0182 CONFIG_KEY_0254 CONFIG_KEY_0194 CONFIG_KEY_0105 CONFIG_KEY_0288 CONFIG_KEY_0249 CONFIG_KEY_0071 CONFIG_KEY_0159 CONFIG_KEY_0316 CONFIG_KEY_0229 CONFIG_KEY_0187
config_key,30,105,CONFIG_KEY_0105,bridge,True,True,6,CONFIG_KEY_0105 CONFIG_KEY_0187 CONFIG_KEY_0229 CONFIG_KEY_0316 CONFIG_KEY_0159 CONFIG_KEY_0071
config_key,30,105,CONFIG_KEY_0105,oracle,True,True,1,CONFIG_KEY_0105
config_key,30,69,CONFIG_KEY_0069,user_only,False,False,0,
config_key,30,69,CONFIG_KEY_0069,naive,True,True,16,CONFIG_KEY_0377 CONFIG_KEY_0343 CONFIG_KEY_0347 CONFIG_KEY_0378 CONFIG_KEY_0367 CONFIG_KEY_0257 CONFIG_KEY_0141 CONFIG_KEY_0161 CONFIG_KEY_0069 CONFIG_KEY_0418 CONFIG_KEY_0199 CONFIG_KEY_0147 CONFIG_KEY_0086 CONFIG_KEY_0325 CONFIG_KEY_0356 CONFIG_KEY_0061
config_key,30,69,CONFIG_KEY_0069,bridge,True,True,6,CONFIG_KEY_0069 CONFIG_KEY_0061 CONFIG_KEY_0356 CONFIG_KEY_0325 CONFIG_KEY_0086 CONFIG_KEY_0147
config_key,30,69,CONFIG_KEY_0069,oracle,True,True,1,CONFIG_KEY_0069
config_key,30,244,CONFIG_KEY_0244,user_only,False,False,0,
config_key,30,244,CONFIG_KEY_0244,naive,True,True,16,CONFIG_KEY_0275 CONFIG_KEY_0440 CONFIG_KEY_0218 CONFIG_KEY_0078 CONFIG_KEY_0140 CONFIG_KEY_0359 CONFIG_KEY_0395 CONFIG_KEY_0076 CONFIG_KEY_0244 CONFIG_KEY_0056 CONFIG_KEY_0433 CONFIG_KEY_0114 CONFIG_KEY_0173 CONFIG_KEY_0323 CONFIG_KEY_0285 CONFIG_KEY_0214
config_key,30,244,CONFIG_KEY_0244,bridge,True,True,6,CONFIG_KEY_0244 CONFIG_KEY_0214 CONFIG_KEY_0285 CONFIG_KEY_0323 CONFIG_KEY_0173 CONFIG_KEY_0114
config_key,30,244,CONFIG_KEY_0244,oracle,True,True,1,CONFIG_KEY_0244
config_key,30,324,CONFIG_KEY_0324,user_only,False,False,0,
config_key,30,324,CONFIG_KEY_0324,naive,True,True,16,CONFIG_KEY_0188 CONFIG_KEY_0186 CONFIG_KEY_0252 CONFIG_KEY_0418 CONFIG_KEY_0140 CONFIG_KEY_0413 CONFIG_KEY_0215 CONFIG_KEY_0075 CONFIG_KEY_0324 CONFIG_KEY_0138 CONFIG_KEY_0101 CONFIG_KEY_0129 CONFIG_KEY_0280 CONFIG_KEY_0319 CONFIG_KEY_0051 CONFIG_KEY_0267
config_key,30,324,CONFIG_KEY_0324,bridge,True,True,6,CONFIG_KEY_0324 CONFIG_KEY_0267 CONFIG_KEY_0051 CONFIG_KEY_0319 CONFIG_KEY_0280 CONFIG_KEY_0129
config_key,30,324,CONFIG_KEY_0324,oracle,True,True,1,CONFIG_KEY_0324
config_key,30,337,CONFIG_KEY_0337,user_only,False,False,0,
config_key,30,337,CONFIG_KEY_0337,naive,True,True,16,CONFIG_KEY_0259 CONFIG_KEY_0444 CONFIG_KEY_0223 CONFIG_KEY_0422 CONFIG_KEY_0199 CONFIG_KEY_0124 CONFIG_KEY_0332 CONFIG_KEY_0054 CONFIG_KEY_0337 CONFIG_KEY_0055 CONFIG_KEY_0079 CONFIG_KEY_0239 CONFIG_KEY_0142 CONFIG_KEY_0220 CONFIG_KEY_0264 CONFIG_KEY_0156
config_key,30,337,CONFIG_KEY_0337,bridge,True,True,6,CONFIG_KEY_0337 CONFIG_KEY_0156 CONFIG_KEY_0264 CONFIG_KEY_0220 CONFIG_KEY_0142 CONFIG_KEY_0239
config_key,30,337,CONFIG_KEY_0337,oracle,True,True,1,CONFIG_KEY_0337
config_key,30,220,CONFIG_KEY_0220,user_only,False,False,0,
config_key,30,220,CONFIG_KEY_0220,naive,True,True,16,CONFIG_KEY_0310 CONFIG_KEY_0285 CONFIG_KEY_0089 CONFIG_KEY_0271 CONFIG_KEY_0209 CONFIG_KEY_0270 CONFIG_KEY_0407 CONFIG_KEY_0133 CONFIG_KEY_0220 CONFIG_KEY_0318 CONFIG_KEY_0235 CONFIG_KEY_0402 CONFIG_KEY_0066 CONFIG_KEY_0246 CONFIG_KEY_0251 CONFIG_KEY_0439
config_key,30,220,CONFIG_KEY_0220,bridge,True,True,6,CONFIG_KEY_0220 CONFIG_KEY_0439 CONFIG_KEY_0251 CONFIG_KEY_0246 CONFIG_KEY_0066 CONFIG_KEY_0402
config_key,30,220,CONFIG_KEY_0220,oracle,True,True,1,CONFIG_KEY_0220
config_key,30,224,CONFIG_KEY_0224,user_only,False,False,0,
config_key,30,224,CONFIG_KEY_0224,naive,True,True,16,CONFIG_KEY_0087 CONFIG_KEY_0085 CONFIG_KEY_0165 CONFIG_KEY_0280 CONFIG_KEY_0435 CONFIG_KEY_0050 CONFIG_KEY_0207 CONFIG_KEY_0415 CONFIG_KEY_0224 CONFIG_KEY_0155 CONFIG_KEY_0368 CONFIG_KEY_0410 CONFIG_KEY_0212 CONFIG_KEY_0236 CONFIG_KEY_0222 CONFIG_KEY_0332
config_key,30,224,CONFIG_KEY_0224,bridge,True,True,6,CONFIG_KEY_0224 CONFIG_KEY_0332 CONFIG_KEY_0222 CONFIG_KEY_0236 CONFIG_KEY_0212 CONFIG_KEY_0410
config_key,30,224,CONFIG_KEY_0224,oracle,True,True,1,CONFIG_KEY_0224
config_key,30,131,CONFIG_KEY_0131,user_only,False,False,0,
config_key,30,131,CONFIG_KEY_0131,naive,True,True,16,CONFIG_KEY_0277 CONFIG_KEY_0146 CONFIG_KEY_0149 CONFIG_KEY_0250 CONFIG_KEY_0185 CONFIG_KEY_0171 CONFIG_KEY_0284 CONFIG_KEY_0116 CONFIG_KEY_0131 CONFIG_KEY_0232 CONFIG_KEY_0065 CONFIG_KEY_0344 CONFIG_KEY_0205 CONFIG_KEY_0150 CONFIG_KEY_0380 CONFIG_KEY_0356
config_key,30,131,CONFIG_KEY_0131,bridge,True,True,6,CONFIG_KEY_0131 CONFIG_KEY_0356 CONFIG_KEY_0380 CONFIG_KEY_0150 CONFIG_KEY_0205 CONFIG_KEY_0344
config_key,30,131,CONFIG_KEY_0131,oracle,True,True,1,CONFIG_KEY_0131
config_key,30,119,CONFIG_KEY_0119,user_only,False,False,0,
config_key,30,119,CONFIG_KEY_0119,naive,True,True,16,CONFIG_KEY_0337 CONFIG_KEY_0141 CONFIG_KEY_0431 CONFIG_KEY_0189 CONFIG_KEY_0322 CONFIG_KEY_0206 CONFIG_KEY_0103 CONFIG_KEY_0228 CONFIG_KEY_0119 CONFIG_KEY_0225 CONFIG_KEY_0139 CONFIG_KEY_0252 CONFIG_KEY_0422 CONFIG_KEY_0100 CONFIG_KEY_0446 CONFIG_KEY_0132
config_key,30,119,CONFIG_KEY_0119,bridge,True,True,6,CONFIG_KEY_0119 CONFIG_KEY_0132 CONFIG_KEY_0446 CONFIG_KEY_0100 CONFIG_KEY_0422 CONFIG_KEY_0252
config_key,30,119,CONFIG_KEY_0119,oracle,True,True,1,CONFIG_KEY_0119
config_key,30,222,CONFIG_KEY_0222,user_only,False,False,0,
config_key,30,222,CONFIG_KEY_0222,naive,True,True,16,CONFIG_KEY_0170 CONFIG_KEY_0234 CONFIG_KEY_0075 CONFIG_KEY_0435 CONFIG_KEY_0307 CONFIG_KEY_0324 CONFIG_KEY_0198 CONFIG_KEY_0089 CONFIG_KEY_0222 CONFIG_KEY_0200 CONFIG_KEY_0106 CONFIG_KEY_0193 CONFIG_KEY_0099 CONFIG_KEY_0243 CONFIG_KEY_0371 CONFIG_KEY_0211
config_key,30,222,CONFIG_KEY_0222,bridge,True,True,6,CONFIG_KEY_0222 CONFIG_KEY_0211 CONFIG_KEY_0371 CONFIG_KEY_0243 CONFIG_KEY_0099 CONFIG_KEY_0193
config_key,30,222,CONFIG_KEY_0222,oracle,True,True,1,CONFIG_KEY_0222
config_key,30,409,CONFIG_KEY_0409,user_only,False,False,0,
config_key,30,409,CONFIG_KEY_0409,naive,True,True,16,CONFIG_KEY_0167 CONFIG_KEY_0384 CONFIG_KEY_0080 CONFIG_KEY_0075 CONFIG_KEY_0207 CONFIG_KEY_0110 CONFIG_KEY_0102 CONFIG_KEY_0166 CONFIG_KEY_0409 CONFIG_KEY_0303 CONFIG_KEY_0312 CONFIG_KEY_0290 CONFIG_KEY_0154 CONFIG_KEY_0305 CONFIG_KEY_0187 CONFIG_KEY_0274
config_key,30,409,CONFIG_KEY_0409,bridge,True,True,6,CONFIG_KEY_0409 CONFIG_KEY_0274 CONFIG_KEY_0187 CONFIG_KEY_0305 CONFIG_KEY_0154 CONFIG_KEY_0290
config_key,30,409,CONFIG_KEY_0409,oracle,True,True,1,CONFIG_KEY_0409
config_key,30,175,CONFIG_KEY_0175,user_only,False,False,0,
config_key,30,175,CONFIG_KEY_0175,naive,True,True,16,CONFIG_KEY_0395 CONFIG_KEY_0431 CONFIG_KEY_0180 CONFIG_KEY_0051 CONFIG_KEY_0138 CONFIG_KEY_0093 CONFIG_KEY_0411 CONFIG_KEY_0137 CONFIG_KEY_0175 CONFIG_KEY_0086 CONFIG_KEY_0224 CONFIG_KEY_0300 CONFIG_KEY_0219 CONFIG_KEY_0227 CONFIG_KEY_0326 CONFIG_KEY_0050
config_key,30,175,CONFIG_KEY_0175,bridge,True,True,6,CONFIG_KEY_0175 CONFIG_KEY_0050 CONFIG_KEY_0326 CONFIG_KEY_0227 CONFIG_KEY_0219 CONFIG_KEY_0300
config_key,30,175,CONFIG_KEY_0175,oracle,True,True,1,CONFIG_KEY_0175
config_key,30,133,CONFIG_KEY_0133,user_only,False,False,0,
config_key,30,133,CONFIG_KEY_0133,naive,True,True,16,CONFIG_KEY_0070 CONFIG_KEY_0264 CONFIG_KEY_0169 CONFIG_KEY_0183 CONFIG_KEY_0265 CONFIG_KEY_0365 CONFIG_KEY_0061 CONFIG_KEY_0153 CONFIG_KEY_0133 CONFIG_KEY_0353 CONFIG_KEY_0051 CONFIG_KEY_0162 CONFIG_KEY_0388 CONFIG_KEY_0116 CONFIG_KEY_0396 CONFIG_KEY_0113
config_key,30,133,CONFIG_KEY_0133,bridge,True,True,6,CONFIG_KEY_0133 CONFIG_KEY_0113 CONFIG_KEY_0396 CONFIG_KEY_0116 CONFIG_KEY_0388 CONFIG_KEY_0162
config_key,30,133,CONFIG_KEY_0133,oracle,True,True,1,CONFIG_KEY_0133
config_key,30,50,CONFIG_KEY_0050,user_only,False,False,0,
config_key,30,50,CONFIG_KEY_0050,naive,True,True,16,CONFIG_KEY_0134 CONFIG_KEY_0062 CONFIG_KEY_0250 CONFIG_KEY_0181 CONFIG_KEY_0233 CONFIG_KEY_0172 CONFIG_KEY_0345 CONFIG_KEY_0447 CONFIG_KEY_0050 CONFIG_KEY_0161 CONFIG_KEY_0226 CONFIG_KEY_0306 CONFIG_KEY_0334 CONFIG_KEY_0106 CONFIG_KEY_0052 CONFIG_KEY_0257
config_key,30,50,CONFIG_KEY_0050,bridge,True,True,6,CONFIG_KEY_0050 CONFIG_KEY_0257 CONFIG_KEY_0052 CONFIG_KEY_0106 CONFIG_KEY_0334 CONFIG_KEY_0306
config_key,30,50,CONFIG_KEY_0050,oracle,True,True,1,CONFIG_KEY_0050
config_key,100,76,CONFIG_KEY_0076,user_only,True,False,0,
config_key,100,76,CONFIG_KEY_0076,naive,True,True,16,CONFIG_KEY_0050 CONFIG_KEY_0228 CONFIG_KEY_0334 CONFIG_KEY_0418 CONFIG_KEY_0241 CONFIG_KEY_0123 CONFIG_KEY_0438 CONFIG_KEY_0171 CONFIG_KEY_0076 CONFIG_KEY_0442 CONFIG_KEY_0410 CONFIG_KEY_0205 CONFIG_KEY_0397 CONFIG_KEY_0148 CONFIG_KEY_0389 CONFIG_KEY_0375
config_key,100,76,CONFIG_KEY_0076,bridge,True,True,6,CONFIG_KEY_0076 CONFIG_KEY_0375 CONFIG_KEY_0389 CONFIG_KEY_0148 CONFIG_KEY_0397 CONFIG_KEY_0205
config_key,100,76,CONFIG_KEY_0076,oracle,True,True,1,CONFIG_KEY_0076
config_key,100,187,CONFIG_KEY_0187,user_only,False,False,0,
config_key,100,187,CONFIG_KEY_0187,naive,True,True,16,CONFIG_KEY_0231 CONFIG_KEY_0330 CONFIG_KEY_0142 CONFIG_KEY_0399 CONFIG_KEY_0170 CONFIG_KEY_0075 CONFIG_KEY_0252 CONFIG_KEY_0056 CONFIG_KEY_0187 CONFIG_KEY_0295 CONFIG_KEY_0395 CONFIG_KEY_0190 CONFIG_KEY_0335 CONFIG_KEY_0380 CONFIG_KEY_0301 CONFIG_KEY_0111
config_key,100,187,CONFIG_KEY_0187,bridge,True,True,6,CONFIG_KEY_0187 CONFIG_KEY_0111 CONFIG_KEY_0301 CONFIG_KEY_0380 CONFIG_KEY_0335 CONFIG_KEY_0190
config_key,100,187,CONFIG_KEY_0187,oracle,True,True,1,CONFIG_KEY_0187
config_key,100,94,CONFIG_KEY_0094,user_only,True,False,0,
config_key,100,94,CONFIG_KEY_0094,naive,True,True,16,CONFIG_KEY_0304 CONFIG_KEY_0251 CONFIG_KEY_0352 CONFIG_KEY_0165 CONFIG_KEY_0152 CONFIG_KEY_0088 CONFIG_KEY_0354 CONFIG_KEY_0281 CONFIG_KEY_0094 CONFIG_KEY_0107 CONFIG_KEY_0102 CONFIG_KEY_0097 CONFIG_KEY_0188 CONFIG_KEY_0213 CONFIG_KEY_0219 CONFIG_KEY_0184
config_key,100,94,CONFIG_KEY_0094,bridge,True,True,6,CONFIG_KEY_0094 CONFIG_KEY_0184 CONFIG_KEY_0219 CONFIG_KEY_0213 CONFIG_KEY_0188 CONFIG_KEY_0097
config_key,100,94,CONFIG_KEY_0094,oracle,True,True,1,CONFIG_KEY_0094
config_key,100,443,CONFIG_KEY_0443,user_only,False,False,0,
config_key,100,443,CONFIG_KEY_0443,naive,True,True,16,CONFIG_KEY_0364 CONFIG_KEY_0448 CONFIG_KEY_0069 CONFIG_KEY_0301 CONFIG_KEY_0097 CONFIG_KEY_0130 CONFIG_KEY_0127 CONFIG_KEY_0090 CONFIG_KEY_0443 CONFIG_KEY_0079 CONFIG_KEY_0368 CONFIG_KEY_0224 CONFIG_KEY_0251 CONFIG_KEY_0442 CONFIG_KEY_0281 CONFIG_KEY_0428
config_key,100,443,CONFIG_KEY_0443,bridge,True,True,6,CONFIG_KEY_0443 CONFIG_KEY_0428 CONFIG_KEY_0281 CONFIG_KEY_0442 CONFIG_KEY_0251 CONFIG_KEY_0224
config_key,100,443,CONFIG_KEY_0443,oracle,True,True,1,CONFIG_KEY_0443
config_key,100,258,CONFIG_KEY_0258,user_only,False,False,0,
config_key,100,258,CONFIG_KEY_0258,naive,True,True,16,CONFIG_KEY_0211 CONFIG_KEY_0091 CONFIG_KEY_0388 CONFIG_KEY_0354 CONFIG_KEY_0264 CONFIG_KEY_0447 CONFIG_KEY_0241 CONFIG_KEY_0227 CONFIG_KEY_0258 CONFIG_KEY_0187 CONFIG_KEY_0125 CONFIG_KEY_0409 CONFIG_KEY_0053 CONFIG_KEY_0395 CONFIG_KEY_0161 CONFIG_KEY_0449
config_key,100,258,CONFIG_KEY_0258,bridge,True,True,6,CONFIG_KEY_0258 CONFIG_KEY_0449 CONFIG_KEY_0161 CONFIG_KEY_0395 CONFIG_KEY_0053 CONFIG_KEY_0409
config_key,100,258,CONFIG_KEY_0258,oracle,True,True,1,CONFIG_KEY_0258
config_key,100,186,CONFIG_KEY_0186,user_only,False,False,0,
config_key,100,186,CONFIG_KEY_0186,naive,True,True,16,CONFIG_KEY_0291 CONFIG_KEY_0327 CONFIG_KEY_0201 CONFIG_KEY_0183 CONFIG_KEY_0184 CONFIG_KEY_0252 CONFIG_KEY_0171 CONFIG_KEY_0262 CONFIG_KEY_0186 CONFIG_KEY_0088 CONFIG_KEY_0072 CONFIG_KEY_0235 CONFIG_KEY_0411 CONFIG_KEY_0376 CONFIG_KEY_0062 CONFIG_KEY_0169
config_key,100,186,CONFIG_KEY_0186,bridge,True,True,6,CONFIG_KEY_0186 CONFIG_KEY_0169 CONFIG_KEY_0062 CONFIG_KEY_0376 CONFIG_KEY_0411 CONFIG_KEY_0235
config_key,100,186,CONFIG_KEY_0186,oracle,True,True,1,CONFIG_KEY_0186
config_key,100,105,CONFIG_KEY_0105,user_only,False,False,0,
config_key,100,105,CONFIG_KEY_0105,naive,True,True,16,CONFIG_KEY_0207 CONFIG_KEY_0306 CONFIG_KEY_0095 CONFIG_KEY_0370 CONFIG_KEY_0375 CONFIG_KEY_0359 CONFIG_KEY_0119 CONFIG_KEY_0225 CONFIG_KEY_0105 CONFIG_KEY_0131 CONFIG_KEY_0405 CONFIG_KEY_0106 CONFIG_KEY_0063 CONFIG_KEY_0406 CONFIG_KEY_0128 CONFIG_KEY_0337
config_key,100,105,CONFIG_KEY_0105,bridge,True,True,6,CONFIG_KEY_0105 CONFIG_KEY_0337 CONFIG_KEY_0128 CONFIG_KEY_0406 CONFIG_KEY_0063 CONFIG_KEY_0106
config_key,100,105,CONFIG_KEY_0105,oracle,True,True,1,CONFIG_KEY_0105
config_key,100,69,CONFIG_KEY_0069,user_only,True,False,0,
config_key,100,69,CONFIG_KEY_0069,naive,True,True,16,CONFIG_KEY_0423 CONFIG_KEY_0057 CONFIG_KEY_0086 CONFIG_KEY_0412 CONFIG_KEY_0197 CONFIG_KEY_0060 CONFIG_KEY_0255 CONFIG_KEY_0161 CONFIG_KEY_0069 CONFIG_KEY_0167 CONFIG_KEY_0142 CONFIG_KEY_0114 CONFIG_KEY_0193 CONFIG_KEY_0307 CONFIG_KEY_0070 CONFIG_KEY_0132
config_key,100,69,CONFIG_KEY_0069,bridge,True,True,6,CONFIG_KEY_0069 CONFIG_KEY_0132 CONFIG_KEY_0070 CONFIG_KEY_0307 CONFIG_KEY_0193 CONFIG_KEY_0114
config_key,100,69,CONFIG_KEY_0069,oracle,True,True,1,CONFIG_KEY_0069
config_key,100,244,CONFIG_KEY_0244,user_only,False,False,0,
config_key,100,244,CONFIG_KEY_0244,naive,True,True,16,CONFIG_KEY_0194 CONFIG_KEY_0109 CONFIG_KEY_0306 CONFIG_KEY_0060 CONFIG_KEY_0177 CONFIG_KEY_0318 CONFIG_KEY_0440 CONFIG_KEY_0129 CONFIG_KEY_0244 CONFIG_KEY_0068 CONFIG_KEY_0085 CONFIG_KEY_0366 CONFIG_KEY_0083 CONFIG_KEY_0382 CONFIG_KEY_0253 CONFIG_KEY_0197
config_key,100,244,CONFIG_KEY_0244,bridge,True,True,6,CONFIG_KEY_0244 CONFIG_KEY_0197 CONFIG_KEY_0253 CONFIG_KEY_0382 CONFIG_KEY_0083 CONFIG_KEY_0366
config_key,100,244,CONFIG_KEY_0244,oracle,True,True,1,CONFIG_KEY_0244
config_key,100,324,CONFIG_KEY_0324,user_only,False,False,0,
config_key,100,324,CONFIG_KEY_0324,naive,True,True,16,CONFIG_KEY_0439 CONFIG_KEY_0385 CONFIG_KEY_0194 CONFIG_KEY_0147 CONFIG_KEY_0285 CONFIG_KEY_0347 CONFIG_KEY_0351 CONFIG_KEY_0225 CONFIG_KEY_0324 CONFIG_KEY_0124 CONFIG_KEY_0123 CONFIG_KEY_0424 CONFIG_KEY_0240 CONFIG_KEY_0212 CONFIG_KEY_0396 CONFIG_KEY_0401
config_key,100,324,CONFIG_KEY_0324,bridge,True,True,6,CONFIG_KEY_0324 CONFIG_KEY_0401 CONFIG_KEY_0396 CONFIG_KEY_0212 CONFIG_KEY_0240 CONFIG_KEY_0424
config_key,100,324,CONFIG_KEY_0324,oracle,True,True,1,CONFIG_KEY_0324
config_key,100,337,CONFIG_KEY_0337,user_only,False,False,0,
config_key,100,337,CONFIG_KEY_0337,naive,True,True,16,CONFIG_KEY_0415 CONFIG_KEY_0396 CONFIG_KEY_0144 CONFIG_KEY_0309 CONFIG_KEY_0173 CONFIG_KEY_0165 CONFIG_KEY_0441 CONFIG_KEY_0380 CONFIG_KEY_0337 CONFIG_KEY_0443 CONFIG_KEY_0114 CONFIG_KEY_0286 CONFIG_KEY_0436 CONFIG_KEY_0121 CONFIG_KEY_0232 CONFIG_KEY_0084
config_key,100,337,CONFIG_KEY_0337,bridge,True,True,6,CONFIG_KEY_0337 CONFIG_KEY_0084 CONFIG_KEY_0232 CONFIG_KEY_0121 CONFIG_KEY_0436 CONFIG_KEY_0286
config_key,100,337,CONFIG_KEY_0337,oracle,True,True,1,CONFIG_KEY_0337
config_key,100,220,CONFIG_KEY_0220,user_only,False,False,0,
config_key,100,220,CONFIG_KEY_0220,naive,True,True,16,CONFIG_KEY_0221 CONFIG_KEY_0060 CONFIG_KEY_0426 CONFIG_KEY_0436 CONFIG_KEY_0183 CONFIG_KEY_0372 CONFIG_KEY_0302 CONFIG_KEY_0062 CONFIG_KEY_0220 CONFIG_KEY_0249 CONFIG_KEY_0178 CONFIG_KEY_0144 CONFIG_KEY_0161 CONFIG_KEY_0083 CONFIG_KEY_0255 CONFIG_KEY_0232
config_key,100,220,CONFIG_KEY_0220,bridge,True,True,6,CONFIG_KEY_0220 CONFIG_KEY_0232 CONFIG_KEY_0255 CONFIG_KEY_0083 CONFIG_KEY_0161 CONFIG_KEY_0144
config_key,100,220,CONFIG_KEY_0220,oracle,True,True,1,CONFIG_KEY_0220
config_key,100,224,CONFIG_KEY_0224,user_only,False,False,0,
config_key,100,224,CONFIG_KEY_0224,naive,True,True,16,CONFIG_KEY_0157 CONFIG_KEY_0364 CONFIG_KEY_0427 CONFIG_KEY_0386 CONFIG_KEY_0396 CONFIG_KEY_0239 CONFIG_KEY_0375 CONFIG_KEY_0116 CONFIG_KEY_0224 CONFIG_KEY_0341 CONFIG_KEY_0241 CONFIG_KEY_0129 CONFIG_KEY_0210 CONFIG_KEY_0205 CONFIG_KEY_0448 CONFIG_KEY_0439
config_key,100,224,CONFIG_KEY_0224,bridge,True,True,6,CONFIG_KEY_0224 CONFIG_KEY_0439 CONFIG_KEY_0448 CONFIG_KEY_0205 CONFIG_KEY_0210 CONFIG_KEY_0129
config_key,100,224,CONFIG_KEY_0224,oracle,True,True,1,CONFIG_KEY_0224
config_key,100,131,CONFIG_KEY_0131,user_only,False,False,0,
config_key,100,131,CONFIG_KEY_0131,naive,True,True,16,CONFIG_KEY_0373 CONFIG_KEY_0139 CONFIG_KEY_0438 CONFIG_KEY_0336 CONFIG_KEY_0370 CONFIG_KEY_0175 CONFIG_KEY_0442 CONFIG_KEY_0204 CONFIG_KEY_0131 CONFIG_KEY_0389 CONFIG_KEY_0423 CONFIG_KEY_0255 CONFIG_KEY_0237 CONFIG_KEY_0298 CONFIG_KEY_0196 CONFIG_KEY_0123
config_key,100,131,CONFIG_KEY_0131,bridge,True,True,6,CONFIG_KEY_0131 CONFIG_KEY_0123 CONFIG_KEY_0196 CONFIG_KEY_0298 CONFIG_KEY_0237 CONFIG_KEY_0255
config_key,100,131,CONFIG_KEY_0131,oracle,True,True,1,CONFIG_KEY_0131
config_key,100,119,CONFIG_KEY_0119,user_only,False,False,0,
config_key,100,119,CONFIG_KEY_0119,naive,True,True,16,CONFIG_KEY_0276 CONFIG_KEY_0226 CONFIG_KEY_0252 CONFIG_KEY_0138 CONFIG_KEY_0066 CONFIG_KEY_0085 CONFIG_KEY_0411 CONFIG_KEY_0197 CONFIG_KEY_0119 CONFIG_KEY_0191 CONFIG_KEY_0336 CONFIG_KEY_0359 CONFIG_KEY_0141 CONFIG_KEY_0326 CONFIG_KEY_0190 CONFIG_KEY_0373
config_key,100,119,CONFIG_KEY_0119,bridge,True,True,6,CONFIG_KEY_0119 CONFIG_KEY_0373 CONFIG_KEY_0190 CONFIG_KEY_0326 CONFIG_KEY_0141 CONFIG_KEY_0359
config_key,100,119,CONFIG_KEY_0119,oracle,True,True,1,CONFIG_KEY_0119
config_key,100,222,CONFIG_KEY_0222,user_only,False,False,0,
config_key,100,222,CONFIG_KEY_0222,naive,True,True,16,CONFIG_KEY_0441 CONFIG_KEY_0327 CONFIG_KEY_0289 CONFIG_KEY_0448 CONFIG_KEY_0408 CONFIG_KEY_0053 CONFIG_KEY_0160 CONFIG_KEY_0416 CONFIG_KEY_0222 CONFIG_KEY_0432 CONFIG_KEY_0292 CONFIG_KEY_0121 CONFIG_KEY_0079 CONFIG_KEY_0449 CONFIG_KEY_0278 CONFIG_KEY_0210
config_key,100,222,CONFIG_KEY_0222,bridge,True,True,6,CONFIG_KEY_0222 CONFIG_KEY_0210 CONFIG_KEY_0278 CONFIG_KEY_0449 CONFIG_KEY_0079 CONFIG_KEY_0121
config_key,100,222,CONFIG_KEY_0222,oracle,True,True,1,CONFIG_KEY_0222
config_key,100,409,CONFIG_KEY_0409,user_only,False,False,0,
config_key,100,409,CONFIG_KEY_0409,naive,True,True,16,CONFIG_KEY_0391 CONFIG_KEY_0394 CONFIG_KEY_0211 CONFIG_KEY_0243 CONFIG_KEY_0110 CONFIG_KEY_0346 CONFIG_KEY_0250 CONFIG_KEY_0420 CONFIG_KEY_0409 CONFIG_KEY_0146 CONFIG_KEY_0262 CONFIG_KEY_0098 CONFIG_KEY_0233 CONFIG_KEY_0086 CONFIG_KEY_0386 CONFIG_KEY_0380
config_key,100,409,CONFIG_KEY_0409,bridge,True,True,6,CONFIG_KEY_0409 CONFIG_KEY_0380 CONFIG_KEY_0386 CONFIG_KEY_0086 CONFIG_KEY_0233 CONFIG_KEY_0098
config_key,100,409,CONFIG_KEY_0409,oracle,True,True,1,CONFIG_KEY_0409
config_key,100,175,CONFIG_KEY_0175,user_only,False,False,0,
config_key,100,175,CONFIG_KEY_0175,naive,True,True,16,CONFIG_KEY_0425 CONFIG_KEY_0128 CONFIG_KEY_0308 CONFIG_KEY_0174 CONFIG_KEY_0371 CONFIG_KEY_0104 CONFIG_KEY_0315 CONFIG_KEY_0077 CONFIG_KEY_0175 CONFIG_KEY_0301 CONFIG_KEY_0443 CONFIG_KEY_0197 CONFIG_KEY_0159 CONFIG_KEY_0414 CONFIG_KEY_0221 CONFIG_KEY_0198
config_key,100,175,CONFIG_KEY_0175,bridge,True,True,6,CONFIG_KEY_0175 CONFIG_KEY_0198 CONFIG_KEY_0221 CONFIG_KEY_0414 CONFIG_KEY_0159 CONFIG_KEY_0197
config_key,100,175,CONFIG_KEY_0175,oracle,True,True,1,CONFIG_KEY_0175
config_key,100,133,CONFIG_KEY_0133,user_only,False,False,0,
config_key,100,133,CONFIG_KEY_0133,naive,True,True,16,CONFIG_KEY_0234 CONFIG_KEY_0216 CONFIG_KEY_0225 CONFIG_KEY_0436 CONFIG_KEY_0412 CONFIG_KEY_0228 CONFIG_KEY_0285 CONFIG_KEY_0125 CONFIG_KEY_0133 CONFIG_KEY_0244 CONFIG_KEY_0290 CONFIG_KEY_0180 CONFIG_KEY_0277 CONFIG_KEY_0389 CONFIG_KEY_0302 CONFIG_KEY_0169
config_key,100,133,CONFIG_KEY_0133,bridge,True,True,6,CONFIG_KEY_0133 CONFIG_KEY_0169 CONFIG_KEY_0302 CONFIG_KEY_0389 CONFIG_KEY_0277 CONFIG_KEY_0180
config_key,100,133,CONFIG_KEY_0133,oracle,True,True,1,CONFIG_KEY_0133
config_key,100,50,CONFIG_KEY_0050,user_only,True,False,0,
config_key,100,50,CONFIG_KEY_0050,naive,True,True,16,CONFIG_KEY_0301 CONFIG_KEY_0411 CONFIG_KEY_0297 CONFIG_KEY_0349 CONFIG_KEY_0111 CONFIG_KEY_0243 CONFIG_KEY_0208 CONFIG_KEY_0354 CONFIG_KEY_0050 CONFIG_KEY_0073 CONFIG_KEY_0069 CONFIG_KEY_0079 CONFIG_KEY_0256 CONFIG_KEY_0204 CONFIG_KEY_0233 CONFIG_KEY_0357
config_key,100,50,CONFIG_KEY_0050,bridge,True,True,6,CONFIG_KEY_0050 CONFIG_KEY_0357 CONFIG_KEY_0233 CONFIG_KEY_0204 CONFIG_KEY_0256 CONFIG_KEY_0079
config_key,100,50,CONFIG_KEY_0050,oracle,True,True,1,CONFIG_KEY_0050
function_name,10,76,process_item_0076,user_only,False,False,0,
function_name,10,76,process_item_0076,naive,False,False,0,
function_name,10,76,process_item_0076,bridge,False,False,0,
function_name,10,76,process_item_0076,oracle,True,True,1,process_item_0076
function_name,10,187,process_item_0187,user_only,False,False,0,
function_name,10,187,process_item_0187,naive,False,False,0,
function_name,10,187,process_item_0187,bridge,False,False,0,
function_name,10,187,process_item_0187,oracle,True,True,1,process_item_0187
function_name,10,94,process_item_0094,user_only,False,False,0,
function_name,10,94,process_item_0094,naive,False,False,0,
function_name,10,94,process_item_0094,bridge,False,False,0,
function_name,10,94,process_item_0094,oracle,True,True,1,process_item_0094
function_name,10,443,process_item_0443,user_only,False,False,0,
function_name,10,443,process_item_0443,naive,False,False,0,
function_name,10,443,process_item_0443,bridge,False,False,0,
function_name,10,443,process_item_0443,oracle,True,True,1,process_item_0443
function_name,10,258,process_item_0258,user_only,False,False,0,
function_name,10,258,process_item_0258,naive,False,False,0,
function_name,10,258,process_item_0258,bridge,False,False,0,
function_name,10,258,process_item_0258,oracle,True,True,1,process_item_0258
function_name,10,186,process_item_0186,user_only,False,False,0,
function_name,10,186,process_item_0186,naive,False,False,0,
function_name,10,186,process_item_0186,bridge,False,False,0,
function_name,10,186,process_item_0186,oracle,True,True,1,process_item_0186
function_name,10,105,process_item_0105,user_only,False,False,0,
function_name,10,105,process_item_0105,naive,False,False,0,
function_name,10,105,process_item_0105,bridge,False,False,0,
function_name,10,105,process_item_0105,oracle,True,True,1,process_item_0105
function_name,10,69,process_item_0069,user_only,False,False,0,
function_name,10,69,process_item_0069,naive,False,False,0,
function_name,10,69,process_item_0069,bridge,False,False,0,
function_name,10,69,process_item_0069,oracle,True,True,1,process_item_0069
function_name,10,244,process_item_0244,user_only,False,False,0,
function_name,10,244,process_item_0244,naive,False,False,0,
function_name,10,244,process_item_0244,bridge,False,False,0,
function_name,10,244,process_item_0244,oracle,True,True,1,process_item_0244
function_name,10,324,process_item_0324,user_only,False,False,0,
function_name,10,324,process_item_0324,naive,False,False,0,
function_name,10,324,process_item_0324,bridge,False,False,0,
function_name,10,324,process_item_0324,oracle,True,True,1,process_item_0324
function_name,10,337,process_item_0337,user_only,False,False,0,
function_name,10,337,process_item_0337,naive,False,False,0,
function_name,10,337,process_item_0337,bridge,False,False,0,
function_name,10,337,process_item_0337,oracle,True,True,1,process_item_0337
function_name,10,220,process_item_0220,user_only,False,False,0,
function_name,10,220,process_item_0220,naive,False,False,0,
function_name,10,220,process_item_0220,bridge,False,False,0,
function_name,10,220,process_item_0220,oracle,True,True,1,process_item_0220
function_name,10,224,process_item_0224,user_only,False,False,0,
function_name,10,224,process_item_0224,naive,False,False,0,
function_name,10,224,process_item_0224,bridge,False,False,0,
function_name,10,224,process_item_0224,oracle,True,True,1,process_item_0224
function_name,10,131,process_item_0131,user_only,False,False,0,
function_name,10,131,process_item_0131,naive,False,False,0,
function_name,10,131,process_item_0131,bridge,False,False,0,
function_name,10,131,process_item_0131,oracle,True,True,1,process_item_0131
function_name,10,119,process_item_0119,user_only,False,False,0,
function_name,10,119,process_item_0119,naive,False,False,0,
function_name,10,119,process_item_0119,bridge,False,False,0,
function_name,10,119,process_item_0119,oracle,True,True,1,process_item_0119
function_name,10,222,process_item_0222,user_only,False,False,0,
function_name,10,222,process_item_0222,naive,False,False,0,
function_name,10,222,process_item_0222,bridge,False,False,0,
function_name,10,222,process_item_0222,oracle,True,True,1,process_item_0222
function_name,10,409,process_item_0409,user_only,False,False,0,
function_name,10,409,process_item_0409,naive,False,False,0,
function_name,10,409,process_item_0409,bridge,False,False,0,
function_name,10,409,process_item_0409,oracle,True,True,1,process_item_0409
function_name,10,175,process_item_0175,user_only,False,False,0,
function_name,10,175,process_item_0175,naive,False,False,0,
function_name,10,175,process_item_0175,bridge,False,False,0,
function_name,10,175,process_item_0175,oracle,True,True,1,process_item_0175
function_name,10,133,process_item_0133,user_only,False,False,0,
function_name,10,133,process_item_0133,naive,False,False,0,
function_name,10,133,process_item_0133,bridge,False,False,0,
function_name,10,133,process_item_0133,oracle,True,True,1,process_item_0133
function_name,10,50,process_item_0050,user_only,False,False,0,
function_name,10,50,process_item_0050,naive,False,False,0,
function_name,10,50,process_item_0050,bridge,False,False,0,
function_name,10,50,process_item_0050,oracle,True,True,1,process_item_0050
function_name,30,76,process_item_0076,user_only,False,False,0,
function_name,30,76,process_item_0076,naive,False,False,0,
function_name,30,76,process_item_0076,bridge,False,False,0,
function_name,30,76,process_item_0076,oracle,True,True,1,process_item_0076
function_name,30,187,process_item_0187,user_only,False,False,0,
function_name,30,187,process_item_0187,naive,False,False,0,
function_name,30,187,process_item_0187,bridge,False,False,0,
function_name,30,187,process_item_0187,oracle,True,True,1,process_item_0187
function_name,30,94,process_item_0094,user_only,False,False,0,
function_name,30,94,process_item_0094,naive,False,False,0,
function_name,30,94,process_item_0094,bridge,False,False,0,
function_name,30,94,process_item_0094,oracle,True,True,1,process_item_0094
function_name,30,443,process_item_0443,user_only,False,False,0,
function_name,30,443,process_item_0443,naive,False,False,0,
function_name,30,443,process_item_0443,bridge,False,False,0,
function_name,30,443,process_item_0443,oracle,True,True,1,process_item_0443
function_name,30,258,process_item_0258,user_only,False,False,0,
function_name,30,258,process_item_0258,naive,False,False,0,
function_name,30,258,process_item_0258,bridge,False,False,0,
function_name,30,258,process_item_0258,oracle,True,True,1,process_item_0258
function_name,30,186,process_item_0186,user_only,False,False,0,
function_name,30,186,process_item_0186,naive,False,False,0,
function_name,30,186,process_item_0186,bridge,False,False,0,
function_name,30,186,process_item_0186,oracle,True,True,1,process_item_0186
function_name,30,105,process_item_0105,user_only,False,False,0,
function_name,30,105,process_item_0105,naive,False,False,0,
function_name,30,105,process_item_0105,bridge,False,False,0,
function_name,30,105,process_item_0105,oracle,True,True,1,process_item_0105
function_name,30,69,process_item_0069,user_only,False,False,0,
function_name,30,69,process_item_0069,naive,False,False,0,
function_name,30,69,process_item_0069,bridge,False,False,0,
function_name,30,69,process_item_0069,oracle,True,True,1,process_item_0069
function_name,30,244,process_item_0244,user_only,False,False,0,
function_name,30,244,process_item_0244,naive,False,False,0,
function_name,30,244,process_item_0244,bridge,False,False,0,
function_name,30,244,process_item_0244,oracle,True,True,1,process_item_0244
function_name,30,324,process_item_0324,user_only,False,False,0,
function_name,30,324,process_item_0324,naive,False,False,0,
function_name,30,324,process_item_0324,bridge,False,False,0,
function_name,30,324,process_item_0324,oracle,True,True,1,process_item_0324
function_name,30,337,process_item_0337,user_only,False,False,0,
function_name,30,337,process_item_0337,naive,False,False,0,
function_name,30,337,process_item_0337,bridge,False,False,0,
function_name,30,337,process_item_0337,oracle,True,True,1,process_item_0337
function_name,30,220,process_item_0220,user_only,False,False,0,
function_name,30,220,process_item_0220,naive,False,False,0,
function_name,30,220,process_item_0220,bridge,False,False,0,
function_name,30,220,process_item_0220,oracle,True,True,1,process_item_0220
function_name,30,224,process_item_0224,user_only,False,False,0,
function_name,30,224,process_item_0224,naive,False,False,0,
function_name,30,224,process_item_0224,bridge,False,False,0,
function_name,30,224,process_item_0224,oracle,True,True,1,process_item_0224
function_name,30,131,process_item_0131,user_only,False,False,0,
function_name,30,131,process_item_0131,naive,False,False,0,
function_name,30,131,process_item_0131,bridge,False,False,0,
function_name,30,131,process_item_0131,oracle,True,True,1,process_item_0131
function_name,30,119,process_item_0119,user_only,False,False,0,
function_name,30,119,process_item_0119,naive,False,False,0,
function_name,30,119,process_item_0119,bridge,False,False,0,
function_name,30,119,process_item_0119,oracle,True,True,1,process_item_0119
function_name,30,222,process_item_0222,user_only,False,False,0,
function_name,30,222,process_item_0222,naive,False,False,0,
function_name,30,222,process_item_0222,bridge,False,False,0,
function_name,30,222,process_item_0222,oracle,True,True,1,process_item_0222
function_name,30,409,process_item_0409,user_only,False,False,0,
function_name,30,409,process_item_0409,naive,False,False,0,
function_name,30,409,process_item_0409,bridge,False,False,0,
function_name,30,409,process_item_0409,oracle,True,True,1,process_item_0409
function_name,30,175,process_item_0175,user_only,False,False,0,
function_name,30,175,process_item_0175,naive,False,False,0,
function_name,30,175,process_item_0175,bridge,False,False,0,
function_name,30,175,process_item_0175,oracle,True,True,1,process_item_0175
function_name,30,133,process_item_0133,user_only,False,False,0,
function_name,30,133,process_item_0133,naive,False,False,0,
function_name,30,133,process_item_0133,bridge,False,False,0,
function_name,30,133,process_item_0133,oracle,True,True,1,process_item_0133
function_name,30,50,process_item_0050,user_only,False,False,0,
function_name,30,50,process_item_0050,naive,False,False,0,
function_name,30,50,process_item_0050,bridge,False,False,0,
function_name,30,50,process_item_0050,oracle,True,True,1,process_item_0050
function_name,100,76,process_item_0076,user_only,True,False,0,
function_name,100,76,process_item_0076,naive,True,False,0,
function_name,100,76,process_item_0076,bridge,True,False,0,
function_name,100,76,process_item_0076,oracle,True,True,1,process_item_0076
function_name,100,187,process_item_0187,user_only,False,False,0,
function_name,100,187,process_item_0187,naive,False,False,0,
function_name,100,187,process_item_0187,bridge,False,False,0,
function_name,100,187,process_item_0187,oracle,True,True,1,process_item_0187
function_name,100,94,process_item_0094,user_only,True,False,0,
function_name,100,94,process_item_0094,naive,True,False,0,
function_name,100,94,process_item_0094,bridge,True,False,0,
function_name,100,94,process_item_0094,oracle,True,True,1,process_item_0094
function_name,100,443,process_item_0443,user_only,False,False,0,
function_name,100,443,process_item_0443,naive,False,False,0,
function_name,100,443,process_item_0443,bridge,False,False,0,
function_name,100,443,process_item_0443,oracle,True,True,1,process_item_0443
function_name,100,258,process_item_0258,user_only,False,False,0,
function_name,100,258,process_item_0258,naive,False,False,0,
function_name,100,258,process_item_0258,bridge,False,False,0,
function_name,100,258,process_item_0258,oracle,True,True,1,process_item_0258
function_name,100,186,process_item_0186,user_only,False,False,0,
function_name,100,186,process_item_0186,naive,False,False,0,
function_name,100,186,process_item_0186,bridge,False,False,0,
function_name,100,186,process_item_0186,oracle,True,True,1,process_item_0186
function_name,100,105,process_item_0105,user_only,False,False,0,
function_name,100,105,process_item_0105,naive,False,False,0,
function_name,100,105,process_item_0105,bridge,False,False,0,
function_name,100,105,process_item_0105,oracle,True,True,1,process_item_0105
function_name,100,69,process_item_0069,user_only,True,False,0,
function_name,100,69,process_item_0069,naive,True,False,0,
function_name,100,69,process_item_0069,bridge,True,False,0,
function_name,100,69,process_item_0069,oracle,True,True,1,process_item_0069
function_name,100,244,process_item_0244,user_only,False,False,0,
function_name,100,244,process_item_0244,naive,False,False,0,
function_name,100,244,process_item_0244,bridge,False,False,0,
function_name,100,244,process_item_0244,oracle,True,True,1,process_item_0244
function_name,100,324,process_item_0324,user_only,False,False,0,
function_name,100,324,process_item_0324,naive,False,False,0,
function_name,100,324,process_item_0324,bridge,False,False,0,
function_name,100,324,process_item_0324,oracle,True,True,1,process_item_0324
function_name,100,337,process_item_0337,user_only,False,False,0,
function_name,100,337,process_item_0337,naive,False,False,0,
function_name,100,337,process_item_0337,bridge,False,False,0,
function_name,100,337,process_item_0337,oracle,True,True,1,process_item_0337
function_name,100,220,process_item_0220,user_only,False,False,0,
function_name,100,220,process_item_0220,naive,False,False,0,
function_name,100,220,process_item_0220,bridge,False,False,0,
function_name,100,220,process_item_0220,oracle,True,True,1,process_item_0220
function_name,100,224,process_item_0224,user_only,False,False,0,
function_name,100,224,process_item_0224,naive,False,False,0,
function_name,100,224,process_item_0224,bridge,False,False,0,
function_name,100,224,process_item_0224,oracle,True,True,1,process_item_0224
function_name,100,131,process_item_0131,user_only,False,False,0,
function_name,100,131,process_item_0131,naive,False,False,0,
function_name,100,131,process_item_0131,bridge,False,False,0,
function_name,100,131,process_item_0131,oracle,True,True,1,process_item_0131
function_name,100,119,process_item_0119,user_only,False,False,0,
function_name,100,119,process_item_0119,naive,False,False,0,
function_name,100,119,process_item_0119,bridge,False,False,0,
function_name,100,119,process_item_0119,oracle,True,True,1,process_item_0119
function_name,100,222,process_item_0222,user_only,False,False,0,
function_name,100,222,process_item_0222,naive,False,False,0,
function_name,100,222,process_item_0222,bridge,False,False,0,
function_name,100,222,process_item_0222,oracle,True,True,1,process_item_0222
function_name,100,409,process_item_0409,user_only,False,False,0,
function_name,100,409,process_item_0409,naive,False,False,0,
function_name,100,409,process_item_0409,bridge,False,False,0,
function_name,100,409,process_item_0409,oracle,True,True,1,process_item_0409
function_name,100,175,process_item_0175,user_only,False,False,0,
function_name,100,175,process_item_0175,naive,False,False,0,
function_name,100,175,process_item_0175,bridge,False,False,0,
function_name,100,175,process_item_0175,oracle,True,True,1,process_item_0175
function_name,100,133,process_item_0133,user_only,False,False,0,
function_name,100,133,process_item_0133,naive,False,False,0,
function_name,100,133,process_item_0133,bridge,False,False,0,
function_name,100,133,process_item_0133,oracle,True,True,1,process_item_0133
function_name,100,50,process_item_0050,user_only,True,False,0,
function_name,100,50,process_item_0050,naive,True,False,0,
function_name,100,50,process_item_0050,bridge,True,False,0,
function_name,100,50,process_item_0050,oracle,True,True,1,process_item_0050
class_name,10,76,WorkerClass0076,user_only,False,False,0,
class_name,10,76,WorkerClass0076,naive,False,False,0,
class_name,10,76,WorkerClass0076,bridge,False,False,0,
class_name,10,76,WorkerClass0076,oracle,True,True,1,WorkerClass0076
class_name,10,187,WorkerClass0187,user_only,False,False,0,
class_name,10,187,WorkerClass0187,naive,False,False,0,
class_name,10,187,WorkerClass0187,bridge,False,False,0,
class_name,10,187,WorkerClass0187,oracle,True,True,1,WorkerClass0187
class_name,10,94,WorkerClass0094,user_only,False,False,0,
class_name,10,94,WorkerClass0094,naive,False,False,0,
class_name,10,94,WorkerClass0094,bridge,False,False,0,
class_name,10,94,WorkerClass0094,oracle,True,True,1,WorkerClass0094
class_name,10,443,WorkerClass0443,user_only,False,False,0,
class_name,10,443,WorkerClass0443,naive,False,False,0,
class_name,10,443,WorkerClass0443,bridge,False,False,0,
class_name,10,443,WorkerClass0443,oracle,True,True,1,WorkerClass0443
class_name,10,258,WorkerClass0258,user_only,False,False,0,
class_name,10,258,WorkerClass0258,naive,False,False,0,
class_name,10,258,WorkerClass0258,bridge,False,False,0,
class_name,10,258,WorkerClass0258,oracle,True,True,1,WorkerClass0258
class_name,10,186,WorkerClass0186,user_only,False,False,0,
class_name,10,186,WorkerClass0186,naive,False,False,0,
class_name,10,186,WorkerClass0186,bridge,False,False,0,
class_name,10,186,WorkerClass0186,oracle,True,True,1,WorkerClass0186
class_name,10,105,WorkerClass0105,user_only,False,False,0,
class_name,10,105,WorkerClass0105,naive,False,False,0,
class_name,10,105,WorkerClass0105,bridge,False,False,0,
class_name,10,105,WorkerClass0105,oracle,True,True,1,WorkerClass0105
class_name,10,69,WorkerClass0069,user_only,False,False,0,
class_name,10,69,WorkerClass0069,naive,False,False,0,
class_name,10,69,WorkerClass0069,bridge,False,False,0,
class_name,10,69,WorkerClass0069,oracle,True,True,1,WorkerClass0069
class_name,10,244,WorkerClass0244,user_only,False,False,0,
class_name,10,244,WorkerClass0244,naive,False,False,0,
class_name,10,244,WorkerClass0244,bridge,False,False,0,
class_name,10,244,WorkerClass0244,oracle,True,True,1,WorkerClass0244
class_name,10,324,WorkerClass0324,user_only,False,False,0,
class_name,10,324,WorkerClass0324,naive,False,False,0,
class_name,10,324,WorkerClass0324,bridge,False,False,0,
class_name,10,324,WorkerClass0324,oracle,True,True,1,WorkerClass0324
class_name,10,337,WorkerClass0337,user_only,False,False,0,
class_name,10,337,WorkerClass0337,naive,False,False,0,
class_name,10,337,WorkerClass0337,bridge,False,False,0,
class_name,10,337,WorkerClass0337,oracle,True,True,1,WorkerClass0337
class_name,10,220,WorkerClass0220,user_only,False,False,0,
class_name,10,220,WorkerClass0220,naive,False,False,0,
class_name,10,220,WorkerClass0220,bridge,False,False,0,
class_name,10,220,WorkerClass0220,oracle,True,True,1,WorkerClass0220
class_name,10,224,WorkerClass0224,user_only,False,False,0,
class_name,10,224,WorkerClass0224,naive,False,False,0,
class_name,10,224,WorkerClass0224,bridge,False,False,0,
class_name,10,224,WorkerClass0224,oracle,True,True,1,WorkerClass0224
class_name,10,131,WorkerClass0131,user_only,False,False,0,
class_name,10,131,WorkerClass0131,naive,False,False,0,
class_name,10,131,WorkerClass0131,bridge,False,False,0,
class_name,10,131,WorkerClass0131,oracle,True,True,1,WorkerClass0131
class_name,10,119,WorkerClass0119,user_only,False,False,0,
class_name,10,119,WorkerClass0119,naive,False,False,0,
class_name,10,119,WorkerClass0119,bridge,False,False,0,
class_name,10,119,WorkerClass0119,oracle,True,True,1,WorkerClass0119
class_name,10,222,WorkerClass0222,user_only,False,False,0,
class_name,10,222,WorkerClass0222,naive,False,False,0,
class_name,10,222,WorkerClass0222,bridge,False,False,0,
class_name,10,222,WorkerClass0222,oracle,True,True,1,WorkerClass0222
class_name,10,409,WorkerClass0409,user_only,False,False,0,
class_name,10,409,WorkerClass0409,naive,False,False,0,
class_name,10,409,WorkerClass0409,bridge,False,False,0,
class_name,10,409,WorkerClass0409,oracle,True,True,1,WorkerClass0409
class_name,10,175,WorkerClass0175,user_only,False,False,0,
class_name,10,175,WorkerClass0175,naive,False,False,0,
class_name,10,175,WorkerClass0175,bridge,False,False,0,
class_name,10,175,WorkerClass0175,oracle,True,True,1,WorkerClass0175
class_name,10,133,WorkerClass0133,user_only,False,False,0,
class_name,10,133,WorkerClass0133,naive,False,False,0,
class_name,10,133,WorkerClass0133,bridge,False,False,0,
class_name,10,133,WorkerClass0133,oracle,True,True,1,WorkerClass0133
class_name,10,50,WorkerClass0050,user_only,False,False,0,
class_name,10,50,WorkerClass0050,naive,False,False,0,
class_name,10,50,WorkerClass0050,bridge,False,False,0,
class_name,10,50,WorkerClass0050,oracle,True,True,1,WorkerClass0050
class_name,30,76,WorkerClass0076,user_only,False,False,0,
class_name,30,76,WorkerClass0076,naive,False,False,0,
class_name,30,76,WorkerClass0076,bridge,False,False,0,
class_name,30,76,WorkerClass0076,oracle,True,True,1,WorkerClass0076
class_name,30,187,WorkerClass0187,user_only,False,False,0,
class_name,30,187,WorkerClass0187,naive,False,False,0,
class_name,30,187,WorkerClass0187,bridge,False,False,0,
class_name,30,187,WorkerClass0187,oracle,True,True,1,WorkerClass0187
class_name,30,94,WorkerClass0094,user_only,False,False,0,
class_name,30,94,WorkerClass0094,naive,False,False,0,
class_name,30,94,WorkerClass0094,bridge,False,False,0,
class_name,30,94,WorkerClass0094,oracle,True,True,1,WorkerClass0094
class_name,30,443,WorkerClass0443,user_only,False,False,0,
class_name,30,443,WorkerClass0443,naive,False,False,0,
class_name,30,443,WorkerClass0443,bridge,False,False,0,
class_name,30,443,WorkerClass0443,oracle,True,True,1,WorkerClass0443
class_name,30,258,WorkerClass0258,user_only,False,False,0,
class_name,30,258,WorkerClass0258,naive,False,False,0,
class_name,30,258,WorkerClass0258,bridge,False,False,0,
class_name,30,258,WorkerClass0258,oracle,True,True,1,WorkerClass0258
class_name,30,186,WorkerClass0186,user_only,False,False,0,
class_name,30,186,WorkerClass0186,naive,False,False,0,
class_name,30,186,WorkerClass0186,bridge,False,False,0,
class_name,30,186,WorkerClass0186,oracle,True,True,1,WorkerClass0186
class_name,30,105,WorkerClass0105,user_only,False,False,0,
class_name,30,105,WorkerClass0105,naive,False,False,0,
class_name,30,105,WorkerClass0105,bridge,False,False,0,
class_name,30,105,WorkerClass0105,oracle,True,True,1,WorkerClass0105
class_name,30,69,WorkerClass0069,user_only,False,False,0,
class_name,30,69,WorkerClass0069,naive,False,False,0,
class_name,30,69,WorkerClass0069,bridge,False,False,0,
class_name,30,69,WorkerClass0069,oracle,True,True,1,WorkerClass0069
class_name,30,244,WorkerClass0244,user_only,False,False,0,
class_name,30,244,WorkerClass0244,naive,False,False,0,
class_name,30,244,WorkerClass0244,bridge,False,False,0,
class_name,30,244,WorkerClass0244,oracle,True,True,1,WorkerClass0244
class_name,30,324,WorkerClass0324,user_only,False,False,0,
class_name,30,324,WorkerClass0324,naive,False,False,0,
class_name,30,324,WorkerClass0324,bridge,False,False,0,
class_name,30,324,WorkerClass0324,oracle,True,True,1,WorkerClass0324
class_name,30,337,WorkerClass0337,user_only,False,False,0,
class_name,30,337,WorkerClass0337,naive,False,False,0,
class_name,30,337,WorkerClass0337,bridge,False,False,0,
class_name,30,337,WorkerClass0337,oracle,True,True,1,WorkerClass0337
class_name,30,220,WorkerClass0220,user_only,False,False,0,
class_name,30,220,WorkerClass0220,naive,False,False,0,
class_name,30,220,WorkerClass0220,bridge,False,False,0,
class_name,30,220,WorkerClass0220,oracle,True,True,1,WorkerClass0220
class_name,30,224,WorkerClass0224,user_only,False,False,0,
class_name,30,224,WorkerClass0224,naive,False,False,0,
class_name,30,224,WorkerClass0224,bridge,False,False,0,
class_name,30,224,WorkerClass0224,oracle,True,True,1,WorkerClass0224
class_name,30,131,WorkerClass0131,user_only,False,False,0,
class_name,30,131,WorkerClass0131,naive,False,False,0,
class_name,30,131,WorkerClass0131,bridge,False,False,0,
class_name,30,131,WorkerClass0131,oracle,True,True,1,WorkerClass0131
class_name,30,119,WorkerClass0119,user_only,False,False,0,
class_name,30,119,WorkerClass0119,naive,False,False,0,
class_name,30,119,WorkerClass0119,bridge,False,False,0,
class_name,30,119,WorkerClass0119,oracle,True,True,1,WorkerClass0119
class_name,30,222,WorkerClass0222,user_only,False,False,0,
class_name,30,222,WorkerClass0222,naive,False,False,0,
class_name,30,222,WorkerClass0222,bridge,False,False,0,
class_name,30,222,WorkerClass0222,oracle,True,True,1,WorkerClass0222
class_name,30,409,WorkerClass0409,user_only,False,False,0,
class_name,30,409,WorkerClass0409,naive,False,False,0,
class_name,30,409,WorkerClass0409,bridge,False,False,0,
class_name,30,409,WorkerClass0409,oracle,True,True,1,WorkerClass0409
class_name,30,175,WorkerClass0175,user_only,False,False,0,
class_name,30,175,WorkerClass0175,naive,False,False,0,
class_name,30,175,WorkerClass0175,bridge,False,False,0,
class_name,30,175,WorkerClass0175,oracle,True,True,1,WorkerClass0175
class_name,30,133,WorkerClass0133,user_only,False,False,0,
class_name,30,133,WorkerClass0133,naive,False,False,0,
class_name,30,133,WorkerClass0133,bridge,False,False,0,
class_name,30,133,WorkerClass0133,oracle,True,True,1,WorkerClass0133
class_name,30,50,WorkerClass0050,user_only,False,False,0,
class_name,30,50,WorkerClass0050,naive,False,False,0,
class_name,30,50,WorkerClass0050,bridge,False,False,0,
class_name,30,50,WorkerClass0050,oracle,True,True,1,WorkerClass0050
class_name,100,76,WorkerClass0076,user_only,True,False,0,
class_name,100,76,WorkerClass0076,naive,True,False,0,
class_name,100,76,WorkerClass0076,bridge,True,False,0,
class_name,100,76,WorkerClass0076,oracle,True,True,1,WorkerClass0076
class_name,100,187,WorkerClass0187,user_only,False,False,0,
class_name,100,187,WorkerClass0187,naive,False,False,0,
class_name,100,187,WorkerClass0187,bridge,False,False,0,
class_name,100,187,WorkerClass0187,oracle,True,True,1,WorkerClass0187
class_name,100,94,WorkerClass0094,user_only,True,False,0,
class_name,100,94,WorkerClass0094,naive,True,False,0,
class_name,100,94,WorkerClass0094,bridge,True,False,0,
class_name,100,94,WorkerClass0094,oracle,True,True,1,WorkerClass0094
class_name,100,443,WorkerClass0443,user_only,False,False,0,
class_name,100,443,WorkerClass0443,naive,False,False,0,
class_name,100,443,WorkerClass0443,bridge,False,False,0,
class_name,100,443,WorkerClass0443,oracle,True,True,1,WorkerClass0443
class_name,100,258,WorkerClass0258,user_only,False,False,0,
class_name,100,258,WorkerClass0258,naive,False,False,0,
class_name,100,258,WorkerClass0258,bridge,False,False,0,
class_name,100,258,WorkerClass0258,oracle,True,True,1,WorkerClass0258
class_name,100,186,WorkerClass0186,user_only,False,False,0,
class_name,100,186,WorkerClass0186,naive,False,False,0,
class_name,100,186,WorkerClass0186,bridge,False,False,0,
class_name,100,186,WorkerClass0186,oracle,True,True,1,WorkerClass0186
class_name,100,105,WorkerClass0105,user_only,False,False,0,
class_name,100,105,WorkerClass0105,naive,False,False,0,
class_name,100,105,WorkerClass0105,bridge,False,False,0,
class_name,100,105,WorkerClass0105,oracle,True,True,1,WorkerClass0105
class_name,100,69,WorkerClass0069,user_only,True,False,0,
class_name,100,69,WorkerClass0069,naive,True,False,0,
class_name,100,69,WorkerClass0069,bridge,True,False,0,
class_name,100,69,WorkerClass0069,oracle,True,True,1,WorkerClass0069
class_name,100,244,WorkerClass0244,user_only,False,False,0,
class_name,100,244,WorkerClass0244,naive,False,False,0,
class_name,100,244,WorkerClass0244,bridge,False,False,0,
class_name,100,244,WorkerClass0244,oracle,True,True,1,WorkerClass0244
class_name,100,324,WorkerClass0324,user_only,False,False,0,
class_name,100,324,WorkerClass0324,naive,False,False,0,
class_name,100,324,WorkerClass0324,bridge,False,False,0,
class_name,100,324,WorkerClass0324,oracle,True,True,1,WorkerClass0324
class_name,100,337,WorkerClass0337,user_only,False,False,0,
class_name,100,337,WorkerClass0337,naive,False,False,0,
class_name,100,337,WorkerClass0337,bridge,False,False,0,
class_name,100,337,WorkerClass0337,oracle,True,True,1,WorkerClass0337
class_name,100,220,WorkerClass0220,user_only,False,False,0,
class_name,100,220,WorkerClass0220,naive,False,False,0,
class_name,100,220,WorkerClass0220,bridge,False,False,0,
class_name,100,220,WorkerClass0220,oracle,True,True,1,WorkerClass0220
class_name,100,224,WorkerClass0224,user_only,False,False,0,
class_name,100,224,WorkerClass0224,naive,False,False,0,
class_name,100,224,WorkerClass0224,bridge,False,False,0,
class_name,100,224,WorkerClass0224,oracle,True,True,1,WorkerClass0224
class_name,100,131,WorkerClass0131,user_only,False,False,0,
class_name,100,131,WorkerClass0131,naive,False,False,0,
class_name,100,131,WorkerClass0131,bridge,False,False,0,
class_name,100,131,WorkerClass0131,oracle,True,True,1,WorkerClass0131
class_name,100,119,WorkerClass0119,user_only,False,False,0,
class_name,100,119,WorkerClass0119,naive,False,False,0,
class_name,100,119,WorkerClass0119,bridge,False,False,0,
class_name,100,119,WorkerClass0119,oracle,True,True,1,WorkerClass0119
class_name,100,222,WorkerClass0222,user_only,False,False,0,
class_name,100,222,WorkerClass0222,naive,False,False,0,
class_name,100,222,WorkerClass0222,bridge,False,False,0,
class_name,100,222,WorkerClass0222,oracle,True,True,1,WorkerClass0222
class_name,100,409,WorkerClass0409,user_only,False,False,0,
class_name,100,409,WorkerClass0409,naive,False,False,0,
class_name,100,409,WorkerClass0409,bridge,False,False,0,
class_name,100,409,WorkerClass0409,oracle,True,True,1,WorkerClass0409
class_name,100,175,WorkerClass0175,user_only,False,False,0,
class_name,100,175,WorkerClass0175,naive,False,False,0,
class_name,100,175,WorkerClass0175,bridge,False,False,0,
class_name,100,175,WorkerClass0175,oracle,True,True,1,WorkerClass0175
class_name,100,133,WorkerClass0133,user_only,False,False,0,
class_name,100,133,WorkerClass0133,naive,False,False,0,
class_name,100,133,WorkerClass0133,bridge,False,False,0,
class_name,100,133,WorkerClass0133,oracle,True,True,1,WorkerClass0133
class_name,100,50,WorkerClass0050,user_only,True,False,0,
class_name,100,50,WorkerClass0050,naive,True,False,0,
class_name,100,50,WorkerClass0050,bridge,True,False,0,
class_name,100,50,WorkerClass0050,oracle,True,True,1,WorkerClass0050
